2025-10-18T14:37:05.133Z expo:env /expo-project/.env does not exist, skipping this env file
2025-10-18T14:37:05.133Z expo:env /expo-project/.env.development does not exist, skipping this env file
2025-10-18T14:37:05.133Z expo:env /expo-project/.env.local does not exist, skipping this env file
2025-10-18T14:37:05.134Z expo:env /expo-project/.env.development.local does not exist, skipping this env file
Starting project at /expo-project
2025-10-18T14:37:05.302Z expo:utils:fileNotifier Observing /expo-project/babel.config.js
2025-10-18T14:37:05.447Z expo:start:server:devServer Stopping dev server (bundler: metro)
2025-10-18T14:37:05.447Z expo:start:server:devServer Stopped dev server (bundler: metro)
2025-10-18T14:37:05.462Z expo:start:server:metro:router Using app as the root directory for Expo Router.
2025-10-18T14:37:05.843Z expo:metro:config react-native-reanimated package.json: /expo-project/node_modules/react-native-reanimated/package.json
2025-10-18T14:37:05.845Z expo:metro:config react-native-worklets package.json: /expo-project/node_modules/react-native-worklets/package.json

Expo Metro config:
- Version: 54.0.6
- Extensions: ts, tsx, mjs, js, jsx, json, cjs, scss, sass, css
- React Native: /expo-project/node_modules/react-native
- Watch Folders: 
- Node Module Paths: 
- Sass: null
- Reanimated: 4.1.2
- Worklets: 0.5.1
- Babel Runtime: null

2025-10-18T14:37:06.076Z expo:metro:withMetroResolvers Appending 8 custom resolvers to Metro config. (has custom resolver: false)
2025-10-18T14:37:06.158Z expo:start:server:urlCreator URL: http://127.0.0.1:8081
Starting Metro Bundler
2025-10-18T14:37:06.262Z expo:start:server:middleware:serveStatic Serving static files from: /expo-project/public
2025-10-18T14:37:06.262Z expo:start:server:devServer [tunnel] connect to port: 8081
2025-10-18T14:37:06.432Z expo:start:platforms:android:adbServer /usr/lib/android-sdk/platform-tools/adb devices -l
2025-10-18T14:37:06.443Z expo:start:server:ngrok Stopping Tunnel
2025-10-18T14:37:06.444Z expo:start:server:ngrok Global config path: /root/.expo/ngrok.yml
2025-10-18T14:37:06.449Z expo:start:server:ngrok Resetting project randomness: bqGuL14
2025-10-18T14:37:06.451Z expo:start:server:ngrok Hostname: bqGuL14-anonymous-8081.exp.direct
Tunnel connected.
2025-10-18T14:37:06.938Z expo:start:server:ngrok Tunnel URL: https://bqgul14-anonymous-8081.exp.direct
Tunnel ready.
2025-10-18T14:37:06.938Z expo:start:server:urlCreator URL: exp://bqgul14-anonymous-8081.exp.direct
2025-10-18T14:37:06.944Z expo:start:server:developmentSession Development session will not ping because the user is not authenticated and there are no devices.
2025-10-18T14:37:06.945Z expo:utils:fileNotifier Observing /expo-project/metro.config.js
2025-10-18T14:37:06.946Z expo:start:server:metro:waitForTypescript Watching file changes: [
  '/expo-project/.env.development.local',
  '/expo-project/.env.local',
  '/expo-project/.env.development',
  '/expo-project/.env'
]
2025-10-18T14:37:06.946Z expo:doctor:typescriptSupport Ensuring TypeScript support is setup
2025-10-18T14:37:06.951Z expo:doctor:dependencies:getMissingPackages Required package "typescript" found (no version constraint specified).
2025-10-18T14:37:06.951Z expo:doctor:dependencies:getMissingPackages Required package "@types/react" found (no version constraint specified).
2025-10-18T14:37:06.956Z expo:typed-routes Ensuring typed routes side-effects are setup (experiments.typedRoutes: true, typesDirectory: /expo-project/.expo/types)
2025-10-18T14:37:06.960Z expo:start:server:metro:router Using app as the root directory for Expo Router.
2025-10-18T14:37:06.968Z expo:start:server:metro:metroWatchTypeScriptFiles Waiting for TypeScript files to be added to the project...
2025-10-18T14:37:06.969Z expo:doctor:dependencies:bundledNativeModules Fetching bundled native modules from the server...
2025-10-18T14:37:07.297Z expo:doctor:dependencies:validate Checking dependencies for 54.0.0: {
  '@babel/plugin-proposal-export-namespace-from': '^7.18.9',
  '@babel/runtime': '^7.26.9',
  '@bacons/apple-targets': '^3.0.2',
  '@expo/metro-runtime': '~6.1.1',
  '@expo/ngrok': '^4.1.3',
  '@expo/vector-icons': '^15.0.2',
  '@react-native-community/datetimepicker': '^8.3.0',
  '@react-navigation/drawer': '^7.1.1',
  '@react-navigation/native': '^7.0.14',
  '@react-navigation/native-stack': '^7.2.0',
  '@types/difflib': '^0.2.7',
  difflib: '^0.2.4',
  eas: '^0.1.0',
  expo: '~54.0.1',
  'expo-blur': '^15.0.6',
  'expo-constants': '~18.0.8',
  'expo-font': '^14.0.7',
  'expo-glass-effect': '^0.1.1',
  'expo-haptics': '^15.0.6',
  'expo-image-picker': '^17.0.7',
  'expo-linear-gradient': '^15.0.6',
  'expo-linking': '^8.0.7',
  'expo-network': '^8.0.7',
  'expo-router': '^6.0.0',
  'expo-splash-screen': '^31.0.8',
  'expo-status-bar': '~3.0.7',
  'expo-symbols': '^1.0.6',
  'expo-system-ui': '^6.0.7',
  'expo-web-browser': '^15.0.6',
  react: '19.1.0',
  'react-dom': '19.1.0',
  'react-native': '0.81.4',
  'react-native-css-interop': '^0.1.22',
  'react-native-edge-to-edge': '^1.7.0',
  'react-native-gesture-handler': '^2.24.0',
  'react-native-maps': '^1.20.1',
  'react-native-reanimated': '~4.1.0',
  'react-native-safe-area-context': '^5.4.0',
  'react-native-screens': '~4.16.0',
  'react-native-url-polyfill': '^2.0.0',
  'react-native-web': '~0.21.1',
  'react-native-webview': '^13.15.0',
  'react-native-worklets': '0.5.1',
  'react-router-dom': '^7.1.3',
  'workbox-cli': '^7.3.0',
  'workbox-precaching': '^7.3.0',
  'workbox-webpack-plugin': '^7.3.0',
  '@babel/core': '^7.20.0',
  '@eslint/js': '^9.19.0',
  '@types/react': '~19.1.12',
  '@typescript-eslint/eslint-plugin': '^6.21.0',
  '@typescript-eslint/parser': '^6.21.0',
  'babel-plugin-module-resolver': '^5.0.2',
  eslint: '^8.57.0',
  'eslint-config-expo': '~10.0.0',
  'eslint-plugin-import': '^2.31.0',
  'eslint-plugin-react': '^7.37.4',
  globals: '^15.14.0',
  typescript: '^5.8.3',
  'webpack-cli': '^6.0.1'
}
2025-10-18T14:37:07.298Z expo:doctor:dependencies:validate Comparing known versions: [
  '@expo/metro-runtime',
  '@expo/vector-icons',
  '@react-native-community/datetimepicker',
  'expo',
  'expo-blur',
  'expo-constants',
  'expo-font',
  'expo-glass-effect',
  'expo-haptics',
  'expo-image-picker',
  'expo-linear-gradient',
  'expo-linking',
  'expo-network',
  'expo-router',
  'expo-splash-screen',
  'expo-status-bar',
  'expo-symbols',
  'expo-system-ui',
  'expo-web-browser',
  'react',
  'react-dom',
  'react-native',
  'react-native-gesture-handler',
  'react-native-maps',
  'react-native-reanimated',
  'react-native-safe-area-context',
  'react-native-screens',
  'react-native-web',
  'react-native-webview',
  'react-native-worklets',
  '@babel/core',
  '@types/react',
  'eslint-config-expo',
  'typescript'
]
2025-10-18T14:37:07.298Z expo:doctor:dependencies:validate Skipping packages that cannot be versioned automatically: [
  '@babel/plugin-proposal-export-namespace-from',
  '@babel/runtime',
  '@bacons/apple-targets',
  '@expo/ngrok',
  '@react-navigation/drawer',
  '@react-navigation/native',
  '@react-navigation/native-stack',
  '@types/difflib',
  'difflib',
  'eas',
  'react-native-css-interop',
  'react-native-edge-to-edge',
  'react-native-url-polyfill',
  'react-router-dom',
  'workbox-cli',
  'workbox-precaching',
  'workbox-webpack-plugin',
  '@eslint/js',
  '@typescript-eslint/eslint-plugin',
  '@typescript-eslint/parser',
  'babel-plugin-module-resolver',
  'eslint',
  'eslint-plugin-import',
  'eslint-plugin-react',
  'globals',
  'webpack-cli'
]
2025-10-18T14:37:07.312Z expo:doctor:dependencies:validate Package versions: {
  '@expo/metro-runtime': '6.1.2',
  '@expo/vector-icons': '15.0.2',
  '@react-native-community/datetimepicker': '8.4.5',
  expo: '54.0.12',
  'expo-blur': '15.0.7',
  'expo-constants': '18.0.9',
  'expo-font': '14.0.8',
  'expo-glass-effect': '0.1.4',
  'expo-haptics': '15.0.7',
  'expo-image-picker': '17.0.8',
  'expo-linear-gradient': '15.0.7',
  'expo-linking': '8.0.8',
  'expo-network': '8.0.7',
  'expo-router': '6.0.10',
  'expo-splash-screen': '31.0.10',
  'expo-status-bar': '3.0.8',
  'expo-symbols': '1.0.7',
  'expo-system-ui': '6.0.7',
  'expo-web-browser': '15.0.8',
  react: '19.1.0',
  'react-dom': '19.1.0',
  'react-native': '0.81.4',
  'react-native-gesture-handler': '2.28.0',
  'react-native-maps': '1.26.14',
  'react-native-reanimated': '4.1.2',
  'react-native-safe-area-context': '5.6.1',
  'react-native-screens': '4.16.0',
  'react-native-web': '0.21.1',
  'react-native-webview': '13.16.0',
  'react-native-worklets': '0.5.1',
  '@babel/core': '7.28.4',
  '@types/react': '19.1.17',
  'eslint-config-expo': '10.0.0',
  typescript: '5.9.3'
}
2025-10-18T14:37:07.315Z expo:doctor:dependencies:validate Incorrect dependencies: [
  {
    packageName: '@react-native-community/datetimepicker',
    packageType: 'dependencies',
    expectedVersionOrRange: '8.4.4',
    actualVersion: '8.4.5'
  },
  {
    packageName: 'expo',
    packageType: 'dependencies',
    expectedVersionOrRange: '54.0.13',
    actualVersion: '54.0.12'
  },
  {
    packageName: 'expo-font',
    packageType: 'dependencies',
    expectedVersionOrRange: '~14.0.9',
    actualVersion: '14.0.8'
  },
  {
    packageName: 'expo-router',
    packageType: 'dependencies',
    expectedVersionOrRange: '~6.0.12',
    actualVersion: '6.0.10'
  },
  {
    packageName: 'react-native-maps',
    packageType: 'dependencies',
    expectedVersionOrRange: '1.20.1',
    actualVersion: '1.26.14'
  },
  {
    packageName: 'react-native-webview',
    packageType: 'dependencies',
    expectedVersionOrRange: '13.15.0',
    actualVersion: '13.16.0'
  }
]
The following packages should be updated for best compatibility with the installed expo version:
  @react-native-community/datetimepicker@8.4.5 - expected version: 8.4.4
  expo@54.0.12 - expected version: 54.0.13
  expo-font@14.0.8 - expected version: ~14.0.9
  expo-router@6.0.10 - expected version: ~6.0.12
  react-native-maps@1.26.14 - expected version: 1.20.1
  react-native-webview@13.16.0 - expected version: 13.15.0
Your project may not work correctly until you install the expected versions of the packages.
Waiting on http://localhost:8081
Logs for your project will appear below.
2025-10-18T14:37:07.871Z expo:start:server:middleware:manifest Resolved entry point: index.ts (project root: /expo-project)
2025-10-18T14:37:07.872Z expo:start:server:metro:router Using app as the root directory for Expo Router.
2025-10-18T14:37:07.996Z expo:start:server:middleware:manifest Resolved entry point: index.ts (project root: /expo-project)
2025-10-18T14:37:07.996Z expo:start:server:metro:router Using app as the root directory for Expo Router.
2025-10-18T14:37:08.754Z expo:start:server:middleware:manifest Resolved entry point: index.ts (project root: /expo-project)
2025-10-18T14:37:08.755Z expo:start:server:metro:router Using app as the root directory for Expo Router.
2025-10-18T14:37:10.538Z expo:start:server:middleware:manifest Resolved entry point: index.ts (project root: /expo-project)
2025-10-18T14:37:10.538Z expo:start:server:metro:router Using app as the root directory for Expo Router.
2025-10-18T14:37:17.508Z expo:start:server:metro:multi-platform Enabling alias: react-native-vector-icons -> @expo/vector-icons
2025-10-18T14:37:17.518Z expo:start:server:middleware:manifest Resolved entry point: index.ts (project root: /expo-project)
2025-10-18T14:37:17.518Z expo:start:server:metro:router Using app as the root directory for Expo Router.
Web ./index.ts ░░░░░░░░░░░░░░░░  0.0% (0/1)
| 2025-10-18T14:37:18.669Z expo:babel:exports Found assignment to module.exports or exports at 10
| 2025-10-18T14:37:18.680Z expo:babel:exports Found assignment to module.exports or exports at 36
| 2025-10-18T14:37:18.709Z expo:babel:exports Found assignment to module.exports or exports at 4
2025-10-18T14:37:18.713Z expo:start:server:metro:multi-platform Skipping production module: ./cjs/react-jsx-dev-runtime.production.js
2025-10-18T14:37:18.725Z expo:start:server:metro:multi-platform Skipping production module: ./cjs/react.production.js
| 2025-10-18T14:37:18.710Z expo:babel:router routerEntry /expo-project/node_modules/expo-router/entry.js /expo-project/app ../../app
| 2025-10-18T14:37:18.715Z expo:babel:exports Found assignment to module.exports or exports at 4
| 2025-10-18T14:37:18.745Z expo:babel:exports Found assignment to module.exports or exports at 27
| 2025-10-18T14:37:18.754Z expo:babel:exports Found assignment to module.exports or exports at 6
| 2025-10-18T14:37:18.774Z expo:babel:exports Found assignment to module.exports or exports at 37
| 2025-10-18T14:37:18.863Z expo:babel:exports Found assignment to module.exports or exports at 739
| 2025-10-18T14:37:18.960Z expo:babel:exports Found assignment to module.exports or exports at 37
| 2025-10-18T14:37:18.984Z expo:babel:exports Found assignment to module.exports or exports at 3
| 2025-10-18T14:37:18.996Z expo:babel:exports Found assignment to module.exports or exports at 6
| 2025-10-18T14:37:18.998Z expo:babel:exports Found assignment to module.exports or exports at 6
| 2025-10-18T14:37:19.001Z expo:babel:exports Found assignment to module.exports or exports at 4
| 2025-10-18T14:37:19.004Z expo:babel:exports Found assignment to module.exports or exports at 3
| 2025-10-18T14:37:19.005Z expo:babel:exports Found assignment to module.exports or exports at 6
| 2025-10-18T14:37:19.010Z expo:babel:exports Found assignment to module.exports or exports at 5
| 2025-10-18T14:37:19.012Z expo:babel:exports Found assignment to module.exports or exports at 40
| 2025-10-18T14:37:19.014Z expo:babel:exports Found assignment to module.exports or exports at 3
| 2025-10-18T14:37:19.016Z expo:babel:exports Found assignment to module.exports or exports at 4
| 2025-10-18T14:37:19.022Z expo:babel:exports Found assignment to module.exports or exports at 6
| 2025-10-18T14:37:19.040Z expo:babel:exports Found assignment to module.exports or exports at 6
| 2025-10-18T14:37:19.040Z expo:babel:router routerEntry /expo-project/node_modules/expo-router/entry.js /expo-project/app ../../app
| 2025-10-18T14:37:19.043Z expo:babel:exports Found assignment to module.exports or exports at 1
| 2025-10-18T14:37:19.045Z expo:babel:exports Found assignment to module.exports or exports at 17
| 2025-10-18T14:37:19.048Z expo:babel:exports Found assignment to module.exports or exports at 8
| 2025-10-18T14:37:19.053Z expo:babel:exports Found assignment to module.exports or exports at 8
| 2025-10-18T14:37:19.191Z expo:babel:exports Found assignment to module.exports or exports at 52
2025-10-18T14:37:19.219Z expo:start:server:metro:multi-platform Redirecting module "/expo-project/node_modules/react-native-web/dist/exports/AppRegistry/AppContainer.js" to shim
| 2025-10-18T14:37:19.264Z expo:babel:exports Found assignment to module.exports or exports at 49
| 2025-10-18T14:37:19.266Z expo:babel:exports Found assignment to module.exports or exports at 3
| 2025-10-18T14:37:19.271Z expo:babel:exports Found assignment to module.exports or exports at 3
| 2025-10-18T14:37:19.271Z expo:babel:exports Found assignment to module.exports or exports at 28
| 2025-10-18T14:37:19.277Z expo:babel:exports Found assignment to module.exports or exports at 36
| 2025-10-18T14:37:19.283Z expo:babel:exports Found assignment to module.exports or exports at 36
| 2025-10-18T14:37:19.289Z expo:babel:exports Found assignment to module.exports or exports at 3
| 2025-10-18T14:37:19.291Z expo:babel:exports Found assignment to module.exports or exports at 3
| 2025-10-18T14:37:19.292Z expo:babel:exports Found assignment to module.exports or exports at 36
| 2025-10-18T14:37:19.293Z expo:babel:exports Found assignment to module.exports or exports at 39
| 2025-10-18T14:37:19.295Z expo:babel:exports Found assignment to module.exports or exports at 123
| 2025-10-18T14:37:19.301Z expo:babel:exports Found assignment to module.exports or exports at 4
| 2025-10-18T14:37:19.301Z expo:babel:exports Found assignment to module.exports or exports at 3
| 2025-10-18T14:37:19.308Z expo:babel:exports Found assignment to module.exports or exports at 3
| 2025-10-18T14:37:19.309Z expo:babel:exports Found assignment to module.exports or exports at 3
| 2025-10-18T14:37:19.314Z expo:babel:exports Found assignment to module.exports or exports at 3
| 2025-10-18T14:37:19.320Z expo:babel:exports Found assignment to module.exports or exports at 6
| 2025-10-18T14:37:19.320Z expo:babel:exports Found assignment to module.exports or exports at 3
| 2025-10-18T14:37:19.330Z expo:babel:exports Found assignment to module.exports or exports at 4
| 2025-10-18T14:37:19.323Z expo:babel:exports Found assignment to module.exports or exports at 3
| 2025-10-18T14:37:19.330Z expo:babel:exports Found assignment to module.exports or exports at 3
| 2025-10-18T14:37:19.332Z expo:babel:exports Found assignment to module.exports or exports at 3
2025-10-18T14:37:19.358Z expo:start:server:metro:multi-platform Skipping production module: ./cjs/react-dom-client.production.js
| 2025-10-18T14:37:19.342Z expo:babel:exports Found assignment to module.exports or exports at 17
| 2025-10-18T14:37:19.344Z expo:babel:exports Found assignment to module.exports or exports at 3
| 2025-10-18T14:37:19.345Z expo:babel:exports Found assignment to module.exports or exports at 3
| 2025-10-18T14:37:19.346Z expo:babel:exports Found assignment to module.exports or exports at 3
| 2025-10-18T14:37:19.348Z expo:babel:exports Found assignment to module.exports or exports at 40
| 2025-10-18T14:37:19.349Z expo:babel:exports Found assignment to module.exports or exports at 325
| 2025-10-18T14:37:19.350Z expo:babel:exports Found assignment to module.exports or exports at 6
| 2025-10-18T14:37:19.352Z expo:babel:exports Found assignment to module.exports or exports at 35
| 2025-10-18T14:37:19.358Z expo:babel:exports Found assignment to module.exports or exports at 39
| 2025-10-18T14:37:19.359Z expo:babel:exports Found assignment to module.exports or exports at 6
| 2025-10-18T14:37:19.362Z expo:babel:exports Found assignment to module.exports or exports at 3
| 2025-10-18T14:37:19.365Z expo:babel:exports Found assignment to module.exports or exports at 7
| 2025-10-18T14:37:19.366Z expo:babel:exports Found assignment to module.exports or exports at 3
| 2025-10-18T14:37:19.370Z expo:babel:exports Found assignment to module.exports or exports at 3
| 2025-10-18T14:37:19.379Z expo:babel:exports Found assignment to module.exports or exports at 4
2025-10-18T14:37:19.399Z expo:start:server:metro:multi-platform Redirecting module "/expo-project/node_modules/react-native-web/dist/exports/BackHandler/index.js" to shim
| 2025-10-18T14:37:19.387Z expo:babel:exports Found assignment to module.exports or exports at 8
| 2025-10-18T14:37:19.406Z expo:babel:exports Found assignment to module.exports or exports at 14
| 2025-10-18T14:37:19.461Z expo:babel:exports Found assignment to module.exports or exports at 3
| 2025-10-18T14:37:19.573Z expo:babel:exports Found assignment to module.exports or exports at 54
| 2025-10-18T14:37:19.577Z expo:babel:exports Found assignment to module.exports or exports at 4
2025-10-18T14:37:19.647Z expo:start:server:middleware:manifest Resolved entry point: index.ts (project root: /expo-project)
2025-10-18T14:37:19.647Z expo:start:server:metro:router Using app as the root directory for Expo Router.
| 2025-10-18T14:37:19.728Z expo:babel:exports Found assignment to module.exports or exports at 4
2025-10-18T14:37:19.739Z expo:start:server:metro:multi-platform Skipping production module: ./cjs/react-jsx-runtime.production.js
| 2025-10-18T14:37:19.875Z expo:babel:exports Found assignment to module.exports or exports at 3
| 2025-10-18T14:37:19.879Z expo:babel:exports Found assignment to module.exports or exports at 3
| 2025-10-18T14:37:19.883Z expo:babel:exports Found assignment to module.exports or exports at 7
| 2025-10-18T14:37:19.884Z expo:babel:exports Found assignment to module.exports or exports at 3
| 2025-10-18T14:37:19.886Z expo:babel:exports Found assignment to module.exports or exports at 36
| 2025-10-18T14:37:19.893Z expo:babel:exports Found assignment to module.exports or exports at 3
| 2025-10-18T14:37:19.894Z expo:babel:exports Found assignment to module.exports or exports at 3
| 2025-10-18T14:37:19.894Z expo:babel:exports Found assignment to module.exports or exports at 3
| 2025-10-18T14:37:19.901Z expo:babel:exports Found assignment to module.exports or exports at 7
| 2025-10-18T14:37:19.905Z expo:babel:exports Found assignment to module.exports or exports at 7
| 2025-10-18T14:37:19.908Z expo:babel:exports Found assignment to module.exports or exports at 36
| 2025-10-18T14:37:19.909Z expo:babel:exports Found assignment to module.exports or exports at 7
| 2025-10-18T14:37:19.915Z expo:babel:exports Found assignment to module.exports or exports at 36
| 2025-10-18T14:37:19.916Z expo:babel:exports Found assignment to module.exports or exports at 3
| 2025-10-18T14:37:19.921Z expo:babel:exports Found assignment to module.exports or exports at 38
| 2025-10-18T14:37:19.928Z expo:babel:exports Found assignment to module.exports or exports at 3
| 2025-10-18T14:37:19.930Z expo:babel:exports Found assignment to module.exports or exports at 3
| 2025-10-18T14:37:19.934Z expo:babel:exports Found assignment to module.exports or exports at 3
| 2025-10-18T14:37:19.942Z expo:babel:exports Found assignment to module.exports or exports at 3
| 2025-10-18T14:37:19.945Z expo:babel:exports Found assignment to module.exports or exports at 4
| 2025-10-18T14:37:19.949Z expo:babel:exports Found assignment to module.exports or exports at 36
| 2025-10-18T14:37:19.949Z expo:babel:exports Found assignment to module.exports or exports at 3
| 2025-10-18T14:37:19.950Z expo:babel:inline-manifest public manifest {
|   name: 'Natively',
|   slug: 'Natively',
|   version: '1.0.0',
|   orientation: 'portrait',
|   icon: './assets/images/natively-dark.png',
|   userInterfaceStyle: 'automatic',
|   newArchEnabled: true,
|   splash: {
|     image: './assets/images/natively-dark.png',
|     resizeMode: 'contain',
|     backgroundColor: '#000000'
|   },
|   web: {
|     favicon: './assets/images/final_quest_240x240.png',
|     bundler: 'metro',
|     meta: undefined,
|     build: undefined,
|     scope: undefined,
|     crossorigin: undefined,
|     description: undefined,
|     startUrl: undefined,
|     shortName: 'Natively',
|     display: undefined,
|     orientation: 'portrait',
|     dir: undefined,
|     barStyle: undefined,
|     backgroundColor: '#000000',
|     themeColor: undefined,
|     lang: undefined,
|     name: 'Natively'
|   },
|   scheme: 'natively',
|   experiments: { typedRoutes: true },
|   extra: { router: {} },
|   description: undefined,
|   sdkVersion: '54.0.0',
|   platforms: [ 'ios', 'android', 'web' ],
|   primaryColor: undefined
| }
| 2025-10-18T14:37:19.952Z expo:babel:exports Found assignment to module.exports or exports at 3
| 2025-10-18T14:37:19.962Z expo:babel:exports Found assignment to module.exports or exports at 3
| 2025-10-18T14:37:19.964Z expo:babel:exports Found assignment to module.exports or exports at 37
| 2025-10-18T14:37:19.965Z expo:babel:exports Found assignment to module.exports or exports at 4
| 2025-10-18T14:37:19.966Z expo:babel:exports Found assignment to module.exports or exports at 7
| 2025-10-18T14:37:19.968Z expo:babel:exports Found assignment to module.exports or exports at 51
| 2025-10-18T14:37:19.968Z expo:babel:exports Found assignment to module.exports or exports at 4
| 2025-10-18T14:37:19.969Z expo:babel:exports Found assignment to module.exports or exports at 6
| 2025-10-18T14:37:19.973Z expo:babel:exports Found assignment to module.exports or exports at 4
| 2025-10-18T14:37:19.980Z expo:babel:exports Found assignment to module.exports or exports at 37
| 2025-10-18T14:37:19.984Z expo:babel:exports Found assignment to module.exports or exports at 36
| 2025-10-18T14:37:19.986Z expo:babel:exports Found assignment to module.exports or exports at 4
| 2025-10-18T14:37:19.986Z expo:babel:exports Found assignment to module.exports or exports at 37
| 2025-10-18T14:37:19.987Z expo:babel:exports Found assignment to module.exports or exports at 4
| 2025-10-18T14:37:19.988Z expo:babel:exports Found assignment to module.exports or exports at 37
| 2025-10-18T14:37:19.990Z expo:babel:exports Found assignment to module.exports or exports at 40
| 2025-10-18T14:37:19.994Z expo:babel:exports Found assignment to module.exports or exports at 12
| 2025-10-18T14:37:20.096Z expo:babel:exports Found assignment to module.exports or exports at 28
| 2025-10-18T14:37:20.253Z expo:babel:exports Found assignment to module.exports or exports at 103
| 2025-10-18T14:37:20.371Z expo:babel:exports Found assignment to module.exports or exports at 38
| 2025-10-18T14:37:20.608Z expo:babel:exports Found assignment to module.exports or exports at 1
| 2025-10-18T14:37:20.613Z expo:babel:exports Found assignment to module.exports or exports at 325
| 2025-10-18T14:37:20.659Z expo:babel:exports Found assignment to module.exports or exports at 4
2025-10-18T14:37:20.666Z expo:start:server:metro:multi-platform Skipping production module: ./cjs/react-is.production.js
| 2025-10-18T14:37:20.660Z expo:babel:exports Found assignment to module.exports or exports at 4
| 2025-10-18T14:37:20.674Z expo:babel:exports Found assignment to module.exports or exports at 360
| 2025-10-18T14:37:20.684Z expo:babel:exports Found assignment to module.exports or exports at 7
| 2025-10-18T14:37:20.709Z expo:babel:exports Found assignment to module.exports or exports at 39
| 2025-10-18T14:37:20.733Z expo:babel:exports Found assignment to module.exports or exports at 6
| 2025-10-18T14:37:20.736Z expo:babel:exports Found assignment to module.exports or exports at 3
| 2025-10-18T14:37:20.737Z expo:babel:exports Found assignment to module.exports or exports at 4
| 2025-10-18T14:37:20.741Z expo:babel:exports Found assignment to module.exports or exports at 7
| 2025-10-18T14:37:20.741Z expo:babel:exports Found assignment to module.exports or exports at 37
| 2025-10-18T14:37:20.746Z expo:babel:exports Found assignment to module.exports or exports at 9
| 2025-10-18T14:37:20.749Z expo:babel:exports Found assignment to module.exports or exports at 3
| 2025-10-18T14:37:20.750Z expo:babel:exports Found assignment to module.exports or exports at 3
| 2025-10-18T14:37:20.756Z expo:babel:exports Found assignment to module.exports or exports at 36
| 2025-10-18T14:37:20.761Z expo:babel:exports Found assignment to module.exports or exports at 3
| 2025-10-18T14:37:20.763Z expo:babel:exports Found assignment to module.exports or exports at 4
| 2025-10-18T14:37:20.768Z expo:babel:exports Found assignment to module.exports or exports at 4
| 2025-10-18T14:37:20.775Z expo:babel:exports Found assignment to module.exports or exports at 461
| 2025-10-18T14:37:20.775Z expo:babel:exports Found assignment to module.exports or exports at 37
| 2025-10-18T14:37:20.778Z expo:babel:exports Found assignment to module.exports or exports at 40
| 2025-10-18T14:37:20.801Z expo:babel:exports Found assignment to module.exports or exports at 1677
| 2025-10-18T14:37:20.802Z expo:babel:exports Found assignment to module.exports or exports at 1
| 2025-10-18T14:37:20.806Z expo:babel:exports Found assignment to module.exports or exports at 48
| 2025-10-18T14:37:20.810Z expo:babel:exports Found assignment to module.exports or exports at 48
| 2025-10-18T14:37:20.811Z expo:babel:exports Found assignment to module.exports or exports at 15
| 2025-10-18T14:37:20.836Z expo:babel:exports Found assignment to module.exports or exports at 6
2025-10-18T14:37:20.846Z expo:start:server:metro:multi-platform Skipping production module: ./cjs/react-refresh-runtime.production.min.js
2025-10-18T14:37:20.869Z expo:start:server:metro:multi-platform Skipping production module: ./cjs/react-is.production.min.js
| 2025-10-18T14:37:20.842Z expo:babel:exports Found assignment to module.exports or exports at 4
| 2025-10-18T14:37:20.863Z expo:babel:exports Found assignment to module.exports or exports at 4
| 2025-10-18T14:37:20.885Z expo:babel:exports Found assignment to module.exports or exports at 8
| 2025-10-18T14:37:20.945Z expo:babel:exports Found assignment to module.exports or exports at 12
| 2025-10-18T14:37:20.982Z expo:babel:exports Found assignment to module.exports or exports at 140
Web ./index.ts ▓▓▓▓▓▓▓▓▓▓▓░░░░░ 69.4% (775/930)
| 2025-10-18T14:37:21.124Z expo:babel:exports Found assignment to module.exports or exports at 24876
| 2025-10-18T14:37:21.170Z expo:babel:exports Found assignment to module.exports or exports at 1
| 2025-10-18T14:37:21.188Z expo:babel:exports Found assignment to module.exports or exports at 6
| 2025-10-18T14:37:21.209Z expo:babel:exports Found assignment to module.exports or exports at 22
| 2025-10-18T14:37:21.216Z expo:babel:exports Found assignment to module.exports or exports at 28
| 2025-10-18T14:37:21.228Z expo:babel:exports Found assignment to module.exports or exports at 59
| 2025-10-18T14:37:21.264Z expo:babel:exports Found assignment to module.exports or exports at 2
| 2025-10-18T14:37:21.278Z expo:metro:browserslist Browserslist targets: {
|   and_chr: 9240576,
|   and_ff: 9371648,
|   android: 9240576,
|   chrome: 7143424,
|   edge: 9109504,
|   firefox: 9175040,
|   ios_saf: 1180928,
|   op_mob: 5242880,
|   opera: 7929856,
|   safari: 1180928,
|   samsung: 1769472
| }
| 2025-10-18T14:37:21.281Z expo:babel:exports Found assignment to module.exports or exports at 2
| 2025-10-18T14:37:21.287Z expo:babel:exports Found assignment to module.exports or exports at 3
| 2025-10-18T14:37:21.287Z expo:babel:exports Found assignment to module.exports or exports at 80
| 2025-10-18T14:37:21.299Z expo:babel:exports Found assignment to module.exports or exports at 4
| 2025-10-18T14:37:21.299Z expo:babel:exports Found assignment to module.exports or exports at 1
| 2025-10-18T14:37:21.335Z expo:babel:exports Found assignment to module.exports or exports at 3
| 2025-10-18T14:37:21.347Z expo:babel:exports Found assignment to module.exports or exports at 39
| 2025-10-18T14:37:21.363Z expo:babel:exports Found assignment to module.exports or exports at 4
| 2025-10-18T14:37:21.368Z expo:babel:exports Found assignment to module.exports or exports at 39
2025-10-18T14:37:21.375Z expo:start:server:metro:multi-platform Skipping production module: ./cjs/react-dom.production.js
| 2025-10-18T14:37:21.371Z expo:babel:exports Found assignment to module.exports or exports at 3
| 2025-10-18T14:37:21.371Z expo:babel:exports Found assignment to module.exports or exports at 3
| 2025-10-18T14:37:21.372Z expo:babel:exports Found assignment to module.exports or exports at 3
| 2025-10-18T14:37:21.373Z expo:babel:exports Found assignment to module.exports or exports at 35
| 2025-10-18T14:37:21.380Z expo:babel:exports Found assignment to module.exports or exports at 6
| 2025-10-18T14:37:21.380Z expo:babel:exports Found assignment to module.exports or exports at 6
| 2025-10-18T14:37:21.383Z expo:babel:exports Found assignment to module.exports or exports at 6
| 2025-10-18T14:37:21.383Z expo:babel:exports Found assignment to module.exports or exports at 6
| 2025-10-18T14:37:21.391Z expo:babel:exports Found assignment to module.exports or exports at 6
| 2025-10-18T14:37:21.391Z expo:babel:exports Found assignment to module.exports or exports at 6
| 2025-10-18T14:37:21.391Z expo:babel:exports Found assignment to module.exports or exports at 6
| 2025-10-18T14:37:21.392Z expo:babel:exports Found assignment to module.exports or exports at 6
| 2025-10-18T14:37:21.393Z expo:babel:exports Found assignment to module.exports or exports at 6
| 2025-10-18T14:37:21.402Z expo:babel:exports Found assignment to module.exports or exports at 625
| 2025-10-18T14:37:21.409Z expo:babel:exports Found assignment to module.exports or exports at 6
| 2025-10-18T14:37:21.411Z expo:babel:exports Found assignment to module.exports or exports at 645
| 2025-10-18T14:37:21.416Z expo:babel:exports Found assignment to module.exports or exports at 152
| 2025-10-18T14:37:21.509Z expo:babel:exports Found assignment to module.exports or exports at 53
| 2025-10-18T14:37:21.540Z expo:babel:exports Found assignment to module.exports or exports at 160
| 2025-10-18T14:37:21.552Z expo:babel:exports Found assignment to module.exports or exports at 6
| 2025-10-18T14:37:21.553Z expo:babel:exports Found assignment to module.exports or exports at 6
| 2025-10-18T14:37:21.553Z expo:babel:exports Found assignment to module.exports or exports at 6
| 2025-10-18T14:37:21.554Z expo:babel:exports Found assignment to module.exports or exports at 6
| 2025-10-18T14:37:21.558Z expo:babel:exports Found assignment to module.exports or exports at 6
| 2025-10-18T14:37:21.559Z expo:babel:exports Found assignment to module.exports or exports at 6
| 2025-10-18T14:37:21.561Z expo:babel:exports Found assignment to module.exports or exports at 6
| 2025-10-18T14:37:21.602Z expo:babel:exports Found assignment to module.exports or exports at 3
| 2025-10-18T14:37:21.606Z expo:babel:exports Found assignment to module.exports or exports at 44
| 2025-10-18T14:37:21.606Z expo:babel:exports Found assignment to module.exports or exports at 6
| 2025-10-18T14:37:21.606Z expo:babel:exports Found assignment to module.exports or exports at 36
| 2025-10-18T14:37:21.612Z expo:metro:browserslist Browserslist targets: {
|   and_chr: 9240576,
|   and_ff: 9371648,
|   android: 9240576,
|   chrome: 7143424,
|   edge: 9109504,
|   firefox: 9175040,
|   ios_saf: 1180928,
|   op_mob: 5242880,
|   opera: 7929856,
|   safari: 1180928,
|   samsung: 1769472
| }
| 2025-10-18T14:37:21.614Z expo:babel:exports Found assignment to module.exports or exports at 117
| 2025-10-18T14:37:21.617Z expo:babel:exports Found assignment to module.exports or exports at 1
| 2025-10-18T14:37:21.628Z expo:babel:exports Found assignment to module.exports or exports at 6
| 2025-10-18T14:37:21.631Z expo:babel:exports Found assignment to module.exports or exports at 6
| 2025-10-18T14:37:21.635Z expo:babel:exports Found assignment to module.exports or exports at 20
| 2025-10-18T14:37:21.676Z expo:babel:exports Found assignment to module.exports or exports at 63
| 2025-10-18T14:37:21.706Z expo:babel:exports Found assignment to module.exports or exports at 30
| 2025-10-18T14:37:21.707Z expo:babel:exports Found assignment to module.exports or exports at 35
| 2025-10-18T14:37:21.715Z expo:babel:exports Found assignment to module.exports or exports at 36
| 2025-10-18T14:37:21.717Z expo:babel:exports Found assignment to module.exports or exports at 36
| 2025-10-18T14:37:21.721Z expo:babel:exports Found assignment to module.exports or exports at 37
| 2025-10-18T14:37:21.722Z expo:babel:exports Found assignment to module.exports or exports at 39
| 2025-10-18T14:37:21.723Z expo:babel:exports Found assignment to module.exports or exports at 37
| 2025-10-18T14:37:21.728Z expo:babel:exports Found assignment to module.exports or exports at 37
| 2025-10-18T14:37:21.728Z expo:babel:exports Found assignment to module.exports or exports at 37
| 2025-10-18T14:37:21.731Z expo:babel:exports Found assignment to module.exports or exports at 39
| 2025-10-18T14:37:21.742Z expo:babel:exports Found assignment to module.exports or exports at 38
| 2025-10-18T14:37:21.766Z expo:babel:exports Found assignment to module.exports or exports at 6
2025-10-18T14:37:21.775Z expo:start:server:metro:multi-platform Skipping production module: ./cjs/react-is.production.min.js
2025-10-18T14:37:21.781Z expo:start:server:middleware:manifest Resolved entry point: index.ts (project root: /expo-project)
2025-10-18T14:37:21.781Z expo:start:server:metro:router Using app as the root directory for Expo Router.
| 2025-10-18T14:37:21.768Z expo:babel:exports Found assignment to module.exports or exports at 4
| 2025-10-18T14:37:21.772Z expo:babel:exports Found assignment to module.exports or exports at 182
| 2025-10-18T14:37:21.837Z expo:babel:exports Found assignment to module.exports or exports at 37
| 2025-10-18T14:37:21.844Z expo:babel:exports Found assignment to module.exports or exports at 40
| 2025-10-18T14:37:21.863Z expo:babel:exports Found assignment to module.exports or exports at 496
| 2025-10-18T14:37:21.881Z expo:babel:exports Found assignment to module.exports or exports at 12
| 2025-10-18T14:37:21.885Z expo:babel:exports Found assignment to module.exports or exports at 8
| 2025-10-18T14:37:21.911Z expo:babel:exports Found assignment to module.exports or exports at 35
| 2025-10-18T14:37:21.913Z expo:babel:exports Found assignment to module.exports or exports at 35
| 2025-10-18T14:37:21.914Z expo:babel:exports Found assignment to module.exports or exports at 35
| 2025-10-18T14:37:21.917Z expo:babel:exports Found assignment to module.exports or exports at 35
2025-10-18T14:37:21.962Z expo:start:server:metro:multi-platform Redirecting module "/expo-project/node_modules/react-native-web/dist/exports/BackHandler/index.js" to shim
| 2025-10-18T14:37:21.918Z expo:babel:exports Found assignment to module.exports or exports at 6
| 2025-10-18T14:37:21.925Z expo:babel:exports Found assignment to module.exports or exports at 192
| 2025-10-18T14:37:21.995Z expo:babel:exports Found assignment to module.exports or exports at 15
| 2025-10-18T14:37:21.996Z expo:babel:exports Found assignment to module.exports or exports at 18
| 2025-10-18T14:37:22.010Z expo:babel:exports Found assignment to module.exports or exports at 81
| 2025-10-18T14:37:22.036Z expo:babel:exports Found assignment to module.exports or exports at 215
| 2025-10-18T14:37:22.036Z expo:babel:exports Found assignment to module.exports or exports at 37
| 2025-10-18T14:37:22.143Z expo:babel:exports Found assignment to module.exports or exports at 18
| 2025-10-18T14:37:22.164Z expo:babel:exports Found assignment to module.exports or exports at 319
| 2025-10-18T14:37:22.177Z expo:babel:exports Found assignment to module.exports or exports at 4
2025-10-18T14:37:22.202Z expo:start:server:metro:multi-platform Skipping production module: ./cjs/scheduler.production.js
| 2025-10-18T14:37:22.197Z expo:babel:exports Found assignment to module.exports or exports at 3
| 2025-10-18T14:37:22.198Z expo:babel:exports Found assignment to module.exports or exports at 8
| 2025-10-18T14:37:22.207Z expo:babel:exports Found assignment to module.exports or exports at 42
| 2025-10-18T14:37:22.208Z expo:babel:exports Found assignment to module.exports or exports at 78
| 2025-10-18T14:37:22.208Z expo:babel:exports Found assignment to module.exports or exports at 17
| 2025-10-18T14:37:22.217Z expo:babel:exports Found assignment to module.exports or exports at 11
| 2025-10-18T14:37:22.220Z expo:babel:exports Found assignment to module.exports or exports at 136
| 2025-10-18T14:37:22.225Z expo:babel:exports Found assignment to module.exports or exports at 32
| 2025-10-18T14:37:22.227Z expo:babel:exports Found assignment to module.exports or exports at 28
| 2025-10-18T14:37:22.240Z expo:babel:exports Found assignment to exports at 9
| 2025-10-18T14:37:22.282Z expo:babel:exports Found assignment to module.exports or exports at 1
| 2025-10-18T14:37:22.283Z expo:babel:exports Found assignment to module.exports or exports at 22
| 2025-10-18T14:37:22.297Z expo:babel:exports Found assignment to module.exports or exports at 54
| 2025-10-18T14:37:22.305Z expo:babel:exports Found assignment to module.exports or exports at 182
| 2025-10-18T14:37:22.340Z expo:babel:exports Found assignment to module.exports or exports at 5
| 2025-10-18T14:37:22.340Z expo:babel:exports Found assignment to module.exports or exports at 5
| 2025-10-18T14:37:22.344Z expo:babel:exports Found assignment to module.exports or exports at 5
| 2025-10-18T14:37:22.347Z expo:babel:exports Found assignment to module.exports or exports at 5
| 2025-10-18T14:37:22.348Z expo:babel:exports Found assignment to module.exports or exports at 5
| 2025-10-18T14:37:22.348Z expo:babel:exports Found assignment to module.exports or exports at 5
| 2025-10-18T14:37:22.353Z expo:babel:exports Found assignment to module.exports or exports at 7
2025-10-18T14:37:22.477Z expo:metro-config:serializer:env-var Injecting environment variables in virtual module.
Web Bundled 5014ms index.ts (1321 modules)
2025-10-18T14:37:23.892Z expo:start:server:middleware:manifest Resolved entry point: index.ts (project root: /expo-project)
2025-10-18T14:37:23.892Z expo:start:server:metro:router Using app as the root directory for Expo Router.
 LOG  [web] Logs will appear in the browser console
2025-10-18T14:37:25.987Z expo:start:server:middleware:manifest Resolved entry point: index.ts (project root: /expo-project)
2025-10-18T14:37:25.988Z expo:start:server:metro:router Using app as the root directory for Expo Router.
2025-10-18T14:37:28.096Z expo:start:server:middleware:manifest Resolved entry point: index.ts (project root: /expo-project)
2025-10-18T14:37:28.096Z expo:start:server:metro:router Using app as the root directory for Expo Router.
2025-10-18T14:37:30.198Z expo:start:server:middleware:manifest Resolved entry point: index.ts (project root: /expo-project)
2025-10-18T14:37:30.198Z expo:start:server:metro:router Using app as the root directory for Expo Router.
2025-10-18T14:37:32.319Z expo:start:server:middleware:manifest Resolved entry point: index.ts (project root: /expo-project)
2025-10-18T14:37:32.319Z expo:start:server:metro:router Using app as the root directory for Expo Router.
2025-10-18T14:37:34.421Z expo:start:server:middleware:manifest Resolved entry point: index.ts (project root: /expo-project)
2025-10-18T14:37:34.421Z expo:start:server:metro:router Using app as the root directory for Expo Router.
2025-10-18T14:37:36.515Z expo:start:server:middleware:manifest Resolved entry point: index.ts (project root: /expo-project)
2025-10-18T14:37:36.515Z expo:start:server:metro:router Using app as the root directory for Expo Router.
2025-10-18T14:37:38.622Z expo:start:server:middleware:manifest Resolved entry point: index.ts (project root: /expo-project)
2025-10-18T14:37:38.622Z expo:start:server:metro:router Using app as the root directory for Expo Router.
2025-10-18T14:37:40.719Z expo:start:server:middleware:manifest Resolved entry point: index.ts (project root: /expo-project)
2025-10-18T14:37:40.719Z expo:start:server:metro:router Using app as the root directory for Expo Router.
2025-10-18T14:37:42.822Z expo:start:server:middleware:manifest Resolved entry point: index.ts (project root: /expo-project)
2025-10-18T14:37:42.822Z expo:start:server:metro:router Using app as the root directory for Expo Router.
2025-10-18T14:37:44.926Z expo:start:server:middleware:manifest Resolved entry point: index.ts (project root: /expo-project)
2025-10-18T14:37:44.926Z expo:start:server:metro:router Using app as the root directory for Expo Router.
2025-10-18T14:37:47.028Z expo:start:server:middleware:manifest Resolved entry point: index.ts (project root: /expo-project)
2025-10-18T14:37:47.033Z expo:start:server:metro:router Using app as the root directory for Expo Router.
2025-10-18T14:37:49.138Z expo:start:server:middleware:manifest Resolved entry point: index.ts (project root: /expo-project)
2025-10-18T14:37:49.138Z expo:start:server:metro:router Using app as the root directory for Expo Router.
2025-10-18T14:37:51.241Z expo:start:server:middleware:manifest Resolved entry point: index.ts (project root: /expo-project)
2025-10-18T14:37:51.241Z expo:start:server:metro:router Using app as the root directory for Expo Router.
2025-10-18T14:37:53.347Z expo:start:server:middleware:manifest Resolved entry point: index.ts (project root: /expo-project)
2025-10-18T14:37:53.347Z expo:start:server:metro:router Using app as the root directory for Expo Router.
2025-10-18T14:37:55.450Z expo:start:server:middleware:manifest Resolved entry point: index.ts (project root: /expo-project)
2025-10-18T14:37:55.450Z expo:start:server:metro:router Using app as the root directory for Expo Router.
2025-10-18T14:37:57.556Z expo:start:server:middleware:manifest Resolved entry point: index.ts (project root: /expo-project)
2025-10-18T14:37:57.556Z expo:start:server:metro:router Using app as the root directory for Expo Router.
2025-10-18T14:37:59.660Z expo:start:server:middleware:manifest Resolved entry point: index.ts (project root: /expo-project)
2025-10-18T14:37:59.660Z expo:start:server:metro:router Using app as the root directory for Expo Router.
2025-10-18T14:38:01.749Z expo:start:server:middleware:manifest Resolved entry point: index.ts (project root: /expo-project)
2025-10-18T14:38:01.749Z expo:start:server:metro:router Using app as the root directory for Expo Router.
2025-10-18T14:38:03.849Z expo:start:server:middleware:manifest Resolved entry point: index.ts (project root: /expo-project)
2025-10-18T14:38:03.849Z expo:start:server:metro:router Using app as the root directory for Expo Router.
2025-10-18T14:38:05.952Z expo:start:server:middleware:manifest Resolved entry point: index.ts (project root: /expo-project)
2025-10-18T14:38:05.953Z expo:start:server:metro:router Using app as the root directory for Expo Router.
/expo-project/node_modules/@expo/cli/build/src/utils/errors.js:130
    throw error;
    ^

Error: ENOENT: no such file or directory, watch '/expo-project/node_modules/expo-file-system_tmp_206/android/src/main/java'
    at FSWatcher.<computed> (node:internal/fs/watchers:254:19)
    at Object.watch (node:fs:2549:36)
    at FallbackWatcher._watchdir (/expo-project/node_modules/metro-file-map/src/watchers/FallbackWatcher.js:88:24)
    at /expo-project/node_modules/metro-file-map/src/watchers/FallbackWatcher.js:185:22
    at Walker.<anonymous> (/expo-project/node_modules/metro-file-map/src/watchers/FallbackWatcher.js:322:31)
    at Walker.emit (node:events:519:28)
    at /expo-project/node_modules/walker/lib/walker.js:69:16
    at FSReqCallback.oncomplete (node:fs:187:23) {
  errno: -2,
  syscall: 'watch',
  code: 'ENOENT',
  path: '/expo-project/node_modules/expo-file-system_tmp_206/android/src/main/java',
  filename: '/expo-project/node_modules/expo-file-system_tmp_206/android/src/main/java'
}

Node.js v22.19.0
2025-10-18T14:38:10.467Z expo:env /expo-project/.env does not exist, skipping this env file
2025-10-18T14:38:10.468Z expo:env /expo-project/.env.development does not exist, skipping this env file
2025-10-18T14:38:10.468Z expo:env /expo-project/.env.local does not exist, skipping this env file
2025-10-18T14:38:10.468Z expo:env /expo-project/.env.development.local does not exist, skipping this env file
Starting project at /expo-project
2025-10-18T14:38:10.620Z expo:utils:fileNotifier Observing /expo-project/babel.config.js
2025-10-18T14:38:10.741Z expo:start:server:devServer Stopping dev server (bundler: metro)
2025-10-18T14:38:10.741Z expo:start:server:devServer Stopped dev server (bundler: metro)
2025-10-18T14:38:10.755Z expo:start:server:metro:router Using app as the root directory for Expo Router.
2025-10-18T14:38:11.107Z expo:metro:config react-native-reanimated package.json: /expo-project/node_modules/react-native-reanimated/package.json
2025-10-18T14:38:11.108Z expo:metro:config react-native-worklets package.json: /expo-project/node_modules/react-native-worklets/package.json

Expo Metro config:
- Version: 54.0.6
- Extensions: ts, tsx, mjs, js, jsx, json, cjs, scss, sass, css
- React Native: /expo-project/node_modules/react-native
- Watch Folders: 
- Node Module Paths: 
- Sass: null
- Reanimated: 4.1.2
- Worklets: 0.5.1
- Babel Runtime: null

2025-10-18T14:38:11.343Z expo:metro:withMetroResolvers Appending 8 custom resolvers to Metro config. (has custom resolver: false)
2025-10-18T14:38:11.412Z expo:start:server:urlCreator URL: http://127.0.0.1:8081
Starting Metro Bundler
2025-10-18T14:38:11.506Z expo:start:server:middleware:serveStatic Serving static files from: /expo-project/public
2025-10-18T14:38:11.506Z expo:start:server:devServer [tunnel] connect to port: 8081
2025-10-18T14:38:11.592Z expo:start:platforms:android:adbServer /usr/lib/android-sdk/platform-tools/adb devices -l
2025-10-18T14:38:11.696Z expo:start:server:ngrok Stopping Tunnel
2025-10-18T14:38:11.697Z expo:start:server:ngrok Global config path: /root/.expo/ngrok.yml
2025-10-18T14:38:11.719Z expo:start:server:ngrok Hostname: bqGuL14-anonymous-8081.exp.direct
Tunnel connected.
2025-10-18T14:38:12.218Z expo:start:server:ngrok Tunnel URL: https://bqgul14-anonymous-8081.exp.direct
Tunnel ready.
2025-10-18T14:38:12.218Z expo:start:server:urlCreator URL: exp://bqgul14-anonymous-8081.exp.direct
2025-10-18T14:38:12.223Z expo:start:server:developmentSession Development session will not ping because the user is not authenticated and there are no devices.
2025-10-18T14:38:12.223Z expo:utils:fileNotifier Observing /expo-project/metro.config.js
2025-10-18T14:38:12.224Z expo:start:server:metro:waitForTypescript Watching file changes: [
  '/expo-project/.env.development.local',
  '/expo-project/.env.local',
  '/expo-project/.env.development',
  '/expo-project/.env'
]
2025-10-18T14:38:12.224Z expo:doctor:typescriptSupport Ensuring TypeScript support is setup
2025-10-18T14:38:12.229Z expo:doctor:dependencies:getMissingPackages Required package "typescript" found (no version constraint specified).
2025-10-18T14:38:12.229Z expo:doctor:dependencies:getMissingPackages Required package "@types/react" found (no version constraint specified).
2025-10-18T14:38:12.233Z expo:typed-routes Ensuring typed routes side-effects are setup (experiments.typedRoutes: true, typesDirectory: /expo-project/.expo/types)
2025-10-18T14:38:12.235Z expo:start:server:metro:router Using app as the root directory for Expo Router.
2025-10-18T14:38:12.241Z expo:start:server:metro:metroWatchTypeScriptFiles Waiting for TypeScript files to be added to the project...
2025-10-18T14:38:12.243Z expo:doctor:dependencies:bundledNativeModules Fetching bundled native modules from the server...
2025-10-18T14:38:12.475Z expo:doctor:dependencies:validate Checking dependencies for 54.0.0: {
  '@babel/plugin-proposal-export-namespace-from': '^7.18.9',
  '@babel/runtime': '^7.26.9',
  '@bacons/apple-targets': '^3.0.2',
  '@expo/metro-runtime': '~6.1.1',
  '@expo/ngrok': '^4.1.3',
  '@expo/vector-icons': '^15.0.2',
  '@react-native-async-storage/async-storage': '^2.2.0',
  '@react-native-community/datetimepicker': '^8.3.0',
  '@react-navigation/drawer': '^7.1.1',
  '@react-navigation/native': '^7.0.14',
  '@react-navigation/native-stack': '^7.2.0',
  '@types/difflib': '^0.2.7',
  difflib: '^0.2.4',
  eas: '^0.1.0',
  expo: '~54.0.1',
  'expo-blur': '^15.0.6',
  'expo-constants': '~18.0.8',
  'expo-file-system': '^19.0.17',
  'expo-font': '^14.0.7',
  'expo-glass-effect': '^0.1.1',
  'expo-haptics': '^15.0.6',
  'expo-image-picker': '^17.0.7',
  'expo-linear-gradient': '^15.0.6',
  'expo-linking': '^8.0.7',
  'expo-network': '^8.0.7',
  'expo-router': '^6.0.0',
  'expo-secure-store': '^15.0.7',
  'expo-splash-screen': '^31.0.8',
  'expo-sqlite': '^16.0.8',
  'expo-status-bar': '~3.0.7',
  'expo-symbols': '^1.0.6',
  'expo-system-ui': '^6.0.7',
  'expo-web-browser': '^15.0.6',
  react: '19.1.0',
  'react-dom': '19.1.0',
  'react-native': '0.81.4',
  'react-native-css-interop': '^0.1.22',
  'react-native-edge-to-edge': '^1.7.0',
  'react-native-gesture-handler': '^2.24.0',
  'react-native-maps': '^1.20.1',
  'react-native-reanimated': '~4.1.0',
  'react-native-safe-area-context': '^5.4.0',
  'react-native-screens': '~4.16.0',
  'react-native-url-polyfill': '^2.0.0',
  'react-native-web': '~0.21.1',
  'react-native-webview': '^13.15.0',
  'react-native-worklets': '0.5.1',
  'react-router-dom': '^7.1.3',
  'workbox-cli': '^7.3.0',
  'workbox-precaching': '^7.3.0',
  'workbox-webpack-plugin': '^7.3.0',
  '@babel/core': '^7.20.0',
  '@eslint/js': '^9.19.0',
  '@types/react': '~19.1.12',
  '@typescript-eslint/eslint-plugin': '^6.21.0',
  '@typescript-eslint/parser': '^6.21.0',
  'babel-plugin-module-resolver': '^5.0.2',
  eslint: '^8.57.0',
  'eslint-config-expo': '~10.0.0',
  'eslint-plugin-import': '^2.31.0',
  'eslint-plugin-react': '^7.37.4',
  globals: '^15.14.0',
  typescript: '^5.8.3',
  'webpack-cli': '^6.0.1'
}
2025-10-18T14:38:12.476Z expo:doctor:dependencies:validate Comparing known versions: [
  '@expo/metro-runtime',
  '@expo/vector-icons',
  '@react-native-async-storage/async-storage',
  '@react-native-community/datetimepicker',
  'expo',
  'expo-blur',
  'expo-constants',
  'expo-file-system',
  'expo-font',
  'expo-glass-effect',
  'expo-haptics',
  'expo-image-picker',
  'expo-linear-gradient',
  'expo-linking',
  'expo-network',
  'expo-router',
  'expo-secure-store',
  'expo-splash-screen',
  'expo-sqlite',
  'expo-status-bar',
  'expo-symbols',
  'expo-system-ui',
  'expo-web-browser',
  'react',
  'react-dom',
  'react-native',
  'react-native-gesture-handler',
  'react-native-maps',
  'react-native-reanimated',
  'react-native-safe-area-context',
  'react-native-screens',
  'react-native-web',
  'react-native-webview',
  'react-native-worklets',
  '@babel/core',
  '@types/react',
  'eslint-config-expo',
  'typescript'
]
2025-10-18T14:38:12.476Z expo:doctor:dependencies:validate Skipping packages that cannot be versioned automatically: [
  '@babel/plugin-proposal-export-namespace-from',
  '@babel/runtime',
  '@bacons/apple-targets',
  '@expo/ngrok',
  '@react-navigation/drawer',
  '@react-navigation/native',
  '@react-navigation/native-stack',
  '@types/difflib',
  'difflib',
  'eas',
  'react-native-css-interop',
  'react-native-edge-to-edge',
  'react-native-url-polyfill',
  'react-router-dom',
  'workbox-cli',
  'workbox-precaching',
  'workbox-webpack-plugin',
  '@eslint/js',
  '@typescript-eslint/eslint-plugin',
  '@typescript-eslint/parser',
  'babel-plugin-module-resolver',
  'eslint',
  'eslint-plugin-import',
  'eslint-plugin-react',
  'globals',
  'webpack-cli'
]
2025-10-18T14:38:12.488Z expo:doctor:dependencies:validate Package versions: {
  '@expo/metro-runtime': '6.1.2',
  '@expo/vector-icons': '15.0.2',
  '@react-native-async-storage/async-storage': '2.2.0',
  '@react-native-community/datetimepicker': '8.4.5',
  expo: '54.0.12',
  'expo-blur': '15.0.7',
  'expo-constants': '18.0.9',
  'expo-file-system': '19.0.17',
  'expo-font': '14.0.8',
  'expo-glass-effect': '0.1.4',
  'expo-haptics': '15.0.7',
  'expo-image-picker': '17.0.8',
  'expo-linear-gradient': '15.0.7',
  'expo-linking': '8.0.8',
  'expo-network': '8.0.7',
  'expo-router': '6.0.10',
  'expo-secure-store': '15.0.7',
  'expo-splash-screen': '31.0.10',
  'expo-sqlite': '16.0.8',
  'expo-status-bar': '3.0.8',
  'expo-symbols': '1.0.7',
  'expo-system-ui': '6.0.7',
  'expo-web-browser': '15.0.8',
  react: '19.1.0',
  'react-dom': '19.1.0',
  'react-native': '0.81.4',
  'react-native-gesture-handler': '2.28.0',
  'react-native-maps': '1.26.14',
  'react-native-reanimated': '4.1.2',
  'react-native-safe-area-context': '5.6.1',
  'react-native-screens': '4.16.0',
  'react-native-web': '0.21.1',
  'react-native-webview': '13.16.0',
  'react-native-worklets': '0.5.1',
  '@babel/core': '7.28.4',
  '@types/react': '19.1.17',
  'eslint-config-expo': '10.0.0',
  typescript: '5.9.3'
}
2025-10-18T14:38:12.491Z expo:doctor:dependencies:validate Incorrect dependencies: [
  {
    packageName: '@react-native-community/datetimepicker',
    packageType: 'dependencies',
    expectedVersionOrRange: '8.4.4',
    actualVersion: '8.4.5'
  },
  {
    packageName: 'expo',
    packageType: 'dependencies',
    expectedVersionOrRange: '54.0.13',
    actualVersion: '54.0.12'
  },
  {
    packageName: 'expo-font',
    packageType: 'dependencies',
    expectedVersionOrRange: '~14.0.9',
    actualVersion: '14.0.8'
  },
  {
    packageName: 'expo-router',
    packageType: 'dependencies',
    expectedVersionOrRange: '~6.0.12',
    actualVersion: '6.0.10'
  },
  {
    packageName: 'react-native-maps',
    packageType: 'dependencies',
    expectedVersionOrRange: '1.20.1',
    actualVersion: '1.26.14'
  },
  {
    packageName: 'react-native-webview',
    packageType: 'dependencies',
    expectedVersionOrRange: '13.15.0',
    actualVersion: '13.16.0'
  }
]
The following packages should be updated for best compatibility with the installed expo version:
  @react-native-community/datetimepicker@8.4.5 - expected version: 8.4.4
  expo@54.0.12 - expected version: 54.0.13
  expo-font@14.0.8 - expected version: ~14.0.9
  expo-router@6.0.10 - expected version: ~6.0.12
  react-native-maps@1.26.14 - expected version: 1.20.1
  react-native-webview@13.16.0 - expected version: 13.15.0
Your project may not work correctly until you install the expected versions of the packages.
Waiting on http://localhost:8081
Logs for your project will appear below.
2025-10-18T14:38:13.167Z expo:start:server:middleware:manifest Resolved entry point: index.ts (project root: /expo-project)
2025-10-18T14:38:13.167Z expo:start:server:metro:router Using app as the root directory for Expo Router.
2025-10-18T14:38:13.246Z expo:start:server:middleware:manifest Resolved entry point: index.ts (project root: /expo-project)
2025-10-18T14:38:13.246Z expo:start:server:metro:router Using app as the root directory for Expo Router.
2025-10-18T14:38:13.883Z expo:start:server:middleware:manifest Resolved entry point: index.ts (project root: /expo-project)
2025-10-18T14:38:13.883Z expo:start:server:metro:router Using app as the root directory for Expo Router.
2025-10-18T14:38:16.110Z expo:start:server:middleware:manifest Resolved entry point: index.ts (project root: /expo-project)
2025-10-18T14:38:16.111Z expo:start:server:metro:router Using app as the root directory for Expo Router.
2025-10-18T14:38:18.824Z expo:start:server:metro:metroWatchTypeScriptFiles Detected TypeScript file changed in the project:  /expo-project/styles/commonStyles.ts
2025-10-18T14:38:22.588Z expo:start:server:metro:multi-platform Enabling alias: react-native-vector-icons -> @expo/vector-icons
2025-10-18T14:38:22.596Z expo:start:server:middleware:manifest Resolved entry point: index.ts (project root: /expo-project)
2025-10-18T14:38:22.598Z expo:start:server:metro:router Using app as the root directory for Expo Router.
2025-10-18T14:38:22.618Z expo:start:server:metro:multi-platform Skipping production module: ./cjs/react.production.js
2025-10-18T14:38:22.627Z expo:start:server:metro:multi-platform Skipping production module: ./cjs/react-jsx-dev-runtime.production.js
2025-10-18T14:38:22.635Z expo:start:server:metro:multi-platform Redirecting module "/expo-project/node_modules/react-native-web/dist/exports/BackHandler/index.js" to shim
Web ./index.ts ░░░░░░░░░░░░░░░░  0.0% (0/1)
2025-10-18T14:38:22.828Z expo:start:server:metro:multi-platform Skipping production module: ./cjs/react-dom-client.production.js
2025-10-18T14:38:22.836Z expo:start:server:metro:multi-platform Redirecting module "/expo-project/node_modules/react-native-web/dist/exports/AppRegistry/AppContainer.js" to shim
2025-10-18T14:38:22.907Z expo:start:server:metro:multi-platform Skipping production module: ./cjs/react-jsx-runtime.production.js
2025-10-18T14:38:22.957Z expo:start:server:metro:multi-platform Skipping production module: ./cjs/react-dom.production.js
2025-10-18T14:38:23.037Z expo:start:server:metro:multi-platform Skipping production module: ./cjs/react-is.production.js
2025-10-18T14:38:23.223Z expo:start:server:metro:multi-platform Skipping production module: ./cjs/scheduler.production.js
2025-10-18T14:38:23.290Z expo:start:server:metro:multi-platform Skipping production module: ./cjs/react-is.production.min.js
2025-10-18T14:38:23.313Z expo:start:server:metro:multi-platform Skipping production module: ./cjs/react-refresh-runtime.production.min.js
2025-10-18T14:38:23.420Z expo:start:server:metro:multi-platform Redirecting module "/expo-project/node_modules/react-native-web/dist/exports/BackHandler/index.js" to shim
2025-10-18T14:38:23.421Z expo:start:server:metro:multi-platform Skipping production module: ./cjs/react-is.production.min.js
2025-10-18T14:38:23.509Z expo:metro-config:serializer:env-var Injecting environment variables in virtual module.
Web Bundled 963ms index.ts (1203 modules)
2025-10-18T14:38:24.690Z expo:start:server:middleware:manifest Resolved entry point: index.ts (project root: /expo-project)
2025-10-18T14:38:24.690Z expo:start:server:metro:router Using app as the root directory for Expo Router.
2025-10-18T14:38:25.354Z expo:start:server:metro:metroWatchTypeScriptFiles Detected TypeScript file changed in the project:  /expo-project/types/dictionary.ts
2025-10-18T14:38:26.775Z expo:start:server:middleware:manifest Resolved entry point: index.ts (project root: /expo-project)
2025-10-18T14:38:26.775Z expo:start:server:metro:router Using app as the root directory for Expo Router.
2025-10-18T14:38:28.881Z expo:start:server:middleware:manifest Resolved entry point: index.ts (project root: /expo-project)
2025-10-18T14:38:28.881Z expo:start:server:metro:router Using app as the root directory for Expo Router.
2025-10-18T14:38:30.691Z expo:start:server:middleware:manifest Resolved entry point: index.ts (project root: /expo-project)
2025-10-18T14:38:30.691Z expo:start:server:metro:router Using app as the root directory for Expo Router.
2025-10-18T14:38:30.968Z expo:start:server:middleware:manifest Resolved entry point: index.ts (project root: /expo-project)
2025-10-18T14:38:30.969Z expo:start:server:metro:router Using app as the root directory for Expo Router.
2025-10-18T14:38:31.337Z expo:start:server:middleware:manifest Resolved entry point: index.ts (project root: /expo-project)
2025-10-18T14:38:31.338Z expo:start:server:metro:router Using app as the root directory for Expo Router.
Web ./index.ts ░░░░░░░░░░░░░░░░  0.0% (0/1)
2025-10-18T14:38:31.588Z expo:metro-config:serializer:env-var Injecting environment variables in virtual module.
Web Bundled 41ms index.ts (1 module)
2025-10-18T14:38:32.324Z expo:start:server:middleware:manifest Resolved entry point: index.ts (project root: /expo-project)
2025-10-18T14:38:32.324Z expo:start:server:metro:router Using app as the root directory for Expo Router.
2025-10-18T14:38:32.623Z expo:metro-config:serializer:env-var Injecting environment variables in virtual module.
Web Bundled 39ms index.ts (1 module)
2025-10-18T14:38:33.053Z expo:start:server:middleware:manifest Resolved entry point: index.ts (project root: /expo-project)
2025-10-18T14:38:33.053Z expo:start:server:metro:router Using app as the root directory for Expo Router.
 LOG  [web] Logs will appear in the browser console
2025-10-18T14:38:35.151Z expo:start:server:middleware:manifest Resolved entry point: index.ts (project root: /expo-project)
2025-10-18T14:38:35.151Z expo:start:server:metro:router Using app as the root directory for Expo Router.
2025-10-18T14:38:37.235Z expo:start:server:middleware:manifest Resolved entry point: index.ts (project root: /expo-project)
2025-10-18T14:38:37.238Z expo:start:server:metro:router Using app as the root directory for Expo Router.
2025-10-18T14:38:39.324Z expo:start:server:middleware:manifest Resolved entry point: index.ts (project root: /expo-project)
2025-10-18T14:38:39.324Z expo:start:server:metro:router Using app as the root directory for Expo Router.
2025-10-18T14:38:41.407Z expo:start:server:middleware:manifest Resolved entry point: index.ts (project root: /expo-project)
2025-10-18T14:38:41.413Z expo:start:server:metro:router Using app as the root directory for Expo Router.
2025-10-18T14:38:43.515Z expo:start:server:middleware:manifest Resolved entry point: index.ts (project root: /expo-project)
2025-10-18T14:38:43.515Z expo:start:server:metro:router Using app as the root directory for Expo Router.
2025-10-18T14:38:45.598Z expo:start:server:middleware:manifest Resolved entry point: index.ts (project root: /expo-project)
2025-10-18T14:38:45.598Z expo:start:server:metro:router Using app as the root directory for Expo Router.
2025-10-18T14:38:47.693Z expo:start:server:middleware:manifest Resolved entry point: index.ts (project root: /expo-project)
2025-10-18T14:38:47.694Z expo:start:server:metro:router Using app as the root directory for Expo Router.
2025-10-18T14:38:49.780Z expo:start:server:middleware:manifest Resolved entry point: index.ts (project root: /expo-project)
2025-10-18T14:38:49.780Z expo:start:server:metro:router Using app as the root directory for Expo Router.
2025-10-18T14:38:51.863Z expo:start:server:middleware:manifest Resolved entry point: index.ts (project root: /expo-project)
2025-10-18T14:38:51.863Z expo:start:server:metro:router Using app as the root directory for Expo Router.
2025-10-18T14:38:53.950Z expo:start:server:middleware:manifest Resolved entry point: index.ts (project root: /expo-project)
2025-10-18T14:38:53.951Z expo:start:server:metro:router Using app as the root directory for Expo Router.
2025-10-18T14:38:54.882Z expo:start:server:metro:metroWatchTypeScriptFiles Detected TypeScript file changed in the project:  /expo-project/utils/database.ts
2025-10-18T14:38:56.034Z expo:start:server:middleware:manifest Resolved entry point: index.ts (project root: /expo-project)
2025-10-18T14:38:56.034Z expo:start:server:metro:router Using app as the root directory for Expo Router.
2025-10-18T14:38:58.121Z expo:start:server:middleware:manifest Resolved entry point: index.ts (project root: /expo-project)
2025-10-18T14:38:58.121Z expo:start:server:metro:router Using app as the root directory for Expo Router.
2025-10-18T14:39:00.226Z expo:start:server:middleware:manifest Resolved entry point: index.ts (project root: /expo-project)
2025-10-18T14:39:00.226Z expo:start:server:metro:router Using app as the root directory for Expo Router.
2025-10-18T14:39:02.330Z expo:start:server:middleware:manifest Resolved entry point: index.ts (project root: /expo-project)
2025-10-18T14:39:02.330Z expo:start:server:metro:router Using app as the root directory for Expo Router.
2025-10-18T14:39:04.335Z expo:start:server:metro:metroWatchTypeScriptFiles Detected TypeScript file changed in the project:  /expo-project/utils/srs.ts
2025-10-18T14:39:04.412Z expo:start:server:middleware:manifest Resolved entry point: index.ts (project root: /expo-project)
2025-10-18T14:39:04.412Z expo:start:server:metro:router Using app as the root directory for Expo Router.
2025-10-18T14:39:06.495Z expo:start:server:middleware:manifest Resolved entry point: index.ts (project root: /expo-project)
2025-10-18T14:39:06.495Z expo:start:server:metro:router Using app as the root directory for Expo Router.
2025-10-18T14:39:08.596Z expo:start:server:middleware:manifest Resolved entry point: index.ts (project root: /expo-project)
2025-10-18T14:39:08.596Z expo:start:server:metro:router Using app as the root directory for Expo Router.
2025-10-18T14:39:10.685Z expo:start:server:middleware:manifest Resolved entry point: index.ts (project root: /expo-project)
2025-10-18T14:39:10.685Z expo:start:server:metro:router Using app as the root directory for Expo Router.
2025-10-18T14:39:12.781Z expo:start:server:middleware:manifest Resolved entry point: index.ts (project root: /expo-project)
2025-10-18T14:39:12.781Z expo:start:server:metro:router Using app as the root directory for Expo Router.
2025-10-18T14:39:14.872Z expo:start:server:middleware:manifest Resolved entry point: index.ts (project root: /expo-project)
2025-10-18T14:39:14.872Z expo:start:server:metro:router Using app as the root directory for Expo Router.
2025-10-18T14:39:16.975Z expo:start:server:middleware:manifest Resolved entry point: index.ts (project root: /expo-project)
2025-10-18T14:39:16.975Z expo:start:server:metro:router Using app as the root directory for Expo Router.
2025-10-18T14:39:19.060Z expo:start:server:middleware:manifest Resolved entry point: index.ts (project root: /expo-project)
2025-10-18T14:39:19.061Z expo:start:server:metro:router Using app as the root directory for Expo Router.
2025-10-18T14:39:21.146Z expo:start:server:middleware:manifest Resolved entry point: index.ts (project root: /expo-project)
2025-10-18T14:39:21.151Z expo:start:server:metro:router Using app as the root directory for Expo Router.
2025-10-18T14:39:23.017Z expo:start:server:metro:metroWatchTypeScriptFiles Detected TypeScript file changed in the project:  /expo-project/utils/mockData.ts
2025-10-18T14:39:23.236Z expo:start:server:middleware:manifest Resolved entry point: index.ts (project root: /expo-project)
2025-10-18T14:39:23.236Z expo:start:server:metro:router Using app as the root directory for Expo Router.
2025-10-18T14:39:24.999Z expo:start:server:metro:metroWatchTypeScriptFiles Detected TypeScript file changed in the project:  /expo-project/hooks/useDatabase.ts
2025-10-18T14:39:25.322Z expo:start:server:middleware:manifest Resolved entry point: index.ts (project root: /expo-project)
2025-10-18T14:39:25.322Z expo:start:server:metro:router Using app as the root directory for Expo Router.
2025-10-18T14:39:27.405Z expo:start:server:middleware:manifest Resolved entry point: index.ts (project root: /expo-project)
2025-10-18T14:39:27.407Z expo:start:server:metro:router Using app as the root directory for Expo Router.
2025-10-18T14:39:29.505Z expo:start:server:middleware:manifest Resolved entry point: index.ts (project root: /expo-project)
2025-10-18T14:39:29.505Z expo:start:server:metro:router Using app as the root directory for Expo Router.
2025-10-18T14:39:31.539Z expo:start:server:metro:metroWatchTypeScriptFiles Detected TypeScript file changed in the project:  /expo-project/app/(tabs)/_layout.tsx
2025-10-18T14:39:31.593Z expo:start:server:middleware:manifest Resolved entry point: index.ts (project root: /expo-project)
2025-10-18T14:39:31.593Z expo:start:server:metro:router Using app as the root directory for Expo Router.
2025-10-18T14:39:33.687Z expo:start:server:middleware:manifest Resolved entry point: index.ts (project root: /expo-project)
2025-10-18T14:39:33.687Z expo:start:server:metro:router Using app as the root directory for Expo Router.
2025-10-18T14:39:35.803Z expo:start:server:middleware:manifest Resolved entry point: index.ts (project root: /expo-project)
2025-10-18T14:39:35.803Z expo:start:server:metro:router Using app as the root directory for Expo Router.
2025-10-18T14:39:37.890Z expo:start:server:middleware:manifest Resolved entry point: index.ts (project root: /expo-project)
2025-10-18T14:39:37.891Z expo:start:server:metro:router Using app as the root directory for Expo Router.
2025-10-18T14:39:39.977Z expo:start:server:middleware:manifest Resolved entry point: index.ts (project root: /expo-project)
2025-10-18T14:39:39.977Z expo:start:server:metro:router Using app as the root directory for Expo Router.
2025-10-18T14:39:42.079Z expo:start:server:middleware:manifest Resolved entry point: index.ts (project root: /expo-project)
2025-10-18T14:39:42.080Z expo:start:server:metro:router Using app as the root directory for Expo Router.
2025-10-18T14:39:44.161Z expo:start:server:middleware:manifest Resolved entry point: index.ts (project root: /expo-project)
2025-10-18T14:39:44.161Z expo:start:server:metro:router Using app as the root directory for Expo Router.
2025-10-18T14:39:46.267Z expo:start:server:middleware:manifest Resolved entry point: index.ts (project root: /expo-project)
2025-10-18T14:39:46.267Z expo:start:server:metro:router Using app as the root directory for Expo Router.
2025-10-18T14:39:48.347Z expo:start:server:middleware:manifest Resolved entry point: index.ts (project root: /expo-project)
2025-10-18T14:39:48.347Z expo:start:server:metro:router Using app as the root directory for Expo Router.
2025-10-18T14:39:50.453Z expo:start:server:middleware:manifest Resolved entry point: index.ts (project root: /expo-project)
2025-10-18T14:39:50.453Z expo:start:server:metro:router Using app as the root directory for Expo Router.
/expo-project/node_modules/@expo/cli/build/src/utils/errors.js:130
    throw error;
    ^

Error: ENOENT: no such file or directory, watch '/expo-project/node_modules/@supabase/functions-js_tmp_388/dist/main'
    at FSWatcher.<computed> (node:internal/fs/watchers:254:19)
    at Object.watch (node:fs:2549:36)
    at FallbackWatcher._watchdir (/expo-project/node_modules/metro-file-map/src/watchers/FallbackWatcher.js:88:24)
    at /expo-project/node_modules/metro-file-map/src/watchers/FallbackWatcher.js:185:22
    at Walker.<anonymous> (/expo-project/node_modules/metro-file-map/src/watchers/FallbackWatcher.js:322:31)
    at Walker.emit (node:events:519:28)
    at /expo-project/node_modules/walker/lib/walker.js:69:16
    at FSReqCallback.oncomplete (node:fs:187:23) {
  errno: -2,
  syscall: 'watch',
  code: 'ENOENT',
  path: '/expo-project/node_modules/@supabase/functions-js_tmp_388/dist/main',
  filename: '/expo-project/node_modules/@supabase/functions-js_tmp_388/dist/main'
}

Node.js v22.19.0
2025-10-18T14:39:55.267Z expo:env /expo-project/.env does not exist, skipping this env file
2025-10-18T14:39:55.267Z expo:env /expo-project/.env.development does not exist, skipping this env file
2025-10-18T14:39:55.268Z expo:env /expo-project/.env.local does not exist, skipping this env file
2025-10-18T14:39:55.268Z expo:env /expo-project/.env.development.local does not exist, skipping this env file
Starting project at /expo-project
2025-10-18T14:39:55.436Z expo:utils:fileNotifier Observing /expo-project/babel.config.js
2025-10-18T14:39:55.570Z expo:start:server:devServer Stopping dev server (bundler: metro)
2025-10-18T14:39:55.570Z expo:start:server:devServer Stopped dev server (bundler: metro)
2025-10-18T14:39:55.585Z expo:start:server:metro:router Using app as the root directory for Expo Router.
2025-10-18T14:39:55.972Z expo:metro:config react-native-reanimated package.json: /expo-project/node_modules/react-native-reanimated/package.json
2025-10-18T14:39:55.973Z expo:metro:config react-native-worklets package.json: /expo-project/node_modules/react-native-worklets/package.json

Expo Metro config:
- Version: 54.0.6
- Extensions: ts, tsx, mjs, js, jsx, json, cjs, scss, sass, css
- React Native: /expo-project/node_modules/react-native
- Watch Folders: 
- Node Module Paths: 
- Sass: null
- Reanimated: 4.1.2
- Worklets: 0.5.1
- Babel Runtime: null

2025-10-18T14:39:56.216Z expo:metro:withMetroResolvers Appending 8 custom resolvers to Metro config. (has custom resolver: false)
2025-10-18T14:39:56.289Z expo:start:server:urlCreator URL: http://127.0.0.1:8081
Starting Metro Bundler
2025-10-18T14:39:56.386Z expo:start:server:middleware:serveStatic Serving static files from: /expo-project/public
2025-10-18T14:39:56.387Z expo:start:server:devServer [tunnel] connect to port: 8081
2025-10-18T14:39:56.472Z expo:start:platforms:android:adbServer /usr/lib/android-sdk/platform-tools/adb devices -l
2025-10-18T14:39:56.548Z expo:start:server:ngrok Stopping Tunnel
2025-10-18T14:39:56.549Z expo:start:server:ngrok Global config path: /root/.expo/ngrok.yml
2025-10-18T14:39:56.564Z expo:start:server:ngrok Hostname: bqGuL14-anonymous-8081.exp.direct
Tunnel connected.
2025-10-18T14:39:57.068Z expo:start:server:ngrok Tunnel URL: https://bqgul14-anonymous-8081.exp.direct
Tunnel ready.
2025-10-18T14:39:57.068Z expo:start:server:urlCreator URL: exp://bqgul14-anonymous-8081.exp.direct
2025-10-18T14:39:57.073Z expo:start:server:developmentSession Development session will not ping because the user is not authenticated and there are no devices.
2025-10-18T14:39:57.074Z expo:utils:fileNotifier Observing /expo-project/metro.config.js
2025-10-18T14:39:57.075Z expo:start:server:metro:waitForTypescript Watching file changes: [
  '/expo-project/.env.development.local',
  '/expo-project/.env.local',
  '/expo-project/.env.development',
  '/expo-project/.env'
]
2025-10-18T14:39:57.075Z expo:doctor:typescriptSupport Ensuring TypeScript support is setup
2025-10-18T14:39:57.080Z expo:doctor:dependencies:getMissingPackages Required package "typescript" found (no version constraint specified).
2025-10-18T14:39:57.081Z expo:doctor:dependencies:getMissingPackages Required package "@types/react" found (no version constraint specified).
2025-10-18T14:39:57.090Z expo:typed-routes Ensuring typed routes side-effects are setup (experiments.typedRoutes: true, typesDirectory: /expo-project/.expo/types)
2025-10-18T14:39:57.093Z expo:start:server:metro:router Using app as the root directory for Expo Router.
2025-10-18T14:39:57.100Z expo:start:server:metro:metroWatchTypeScriptFiles Waiting for TypeScript files to be added to the project...
2025-10-18T14:39:57.101Z expo:doctor:dependencies:bundledNativeModules Fetching bundled native modules from the server...
2025-10-18T14:39:57.320Z expo:doctor:dependencies:validate Checking dependencies for 54.0.0: {
  '@babel/plugin-proposal-export-namespace-from': '^7.18.9',
  '@babel/runtime': '^7.26.9',
  '@bacons/apple-targets': '^3.0.2',
  '@expo/metro-runtime': '~6.1.1',
  '@expo/ngrok': '^4.1.3',
  '@expo/vector-icons': '^15.0.2',
  '@react-native-async-storage/async-storage': '^2.2.0',
  '@react-native-community/datetimepicker': '^8.3.0',
  '@react-navigation/drawer': '^7.1.1',
  '@react-navigation/native': '^7.0.14',
  '@react-navigation/native-stack': '^7.2.0',
  '@supabase/supabase-js': '^2.75.1',
  '@types/difflib': '^0.2.7',
  difflib: '^0.2.4',
  eas: '^0.1.0',
  expo: '~54.0.1',
  'expo-blur': '^15.0.6',
  'expo-constants': '~18.0.8',
  'expo-file-system': '^19.0.17',
  'expo-font': '^14.0.7',
  'expo-glass-effect': '^0.1.1',
  'expo-haptics': '^15.0.6',
  'expo-image-picker': '^17.0.7',
  'expo-linear-gradient': '^15.0.6',
  'expo-linking': '^8.0.7',
  'expo-network': '^8.0.7',
  'expo-router': '^6.0.0',
  'expo-secure-store': '^15.0.7',
  'expo-splash-screen': '^31.0.8',
  'expo-sqlite': '^16.0.8',
  'expo-status-bar': '~3.0.7',
  'expo-symbols': '^1.0.6',
  'expo-system-ui': '^6.0.7',
  'expo-web-browser': '^15.0.6',
  react: '19.1.0',
  'react-dom': '19.1.0',
  'react-native': '0.81.4',
  'react-native-css-interop': '^0.1.22',
  'react-native-edge-to-edge': '^1.7.0',
  'react-native-gesture-handler': '^2.24.0',
  'react-native-maps': '^1.20.1',
  'react-native-reanimated': '~4.1.0',
  'react-native-safe-area-context': '^5.4.0',
  'react-native-screens': '~4.16.0',
  'react-native-url-polyfill': '^2.0.0',
  'react-native-web': '~0.21.1',
  'react-native-webview': '^13.15.0',
  'react-native-worklets': '0.5.1',
  'react-router-dom': '^7.1.3',
  'workbox-cli': '^7.3.0',
  'workbox-precaching': '^7.3.0',
  'workbox-webpack-plugin': '^7.3.0',
  '@babel/core': '^7.20.0',
  '@eslint/js': '^9.19.0',
  '@types/react': '~19.1.12',
  '@typescript-eslint/eslint-plugin': '^6.21.0',
  '@typescript-eslint/parser': '^6.21.0',
  'babel-plugin-module-resolver': '^5.0.2',
  eslint: '^8.57.0',
  'eslint-config-expo': '~10.0.0',
  'eslint-plugin-import': '^2.31.0',
  'eslint-plugin-react': '^7.37.4',
  globals: '^15.14.0',
  typescript: '^5.8.3',
  'webpack-cli': '^6.0.1'
}
2025-10-18T14:39:57.323Z expo:doctor:dependencies:validate Comparing known versions: [
  '@expo/metro-runtime',
  '@expo/vector-icons',
  '@react-native-async-storage/async-storage',
  '@react-native-community/datetimepicker',
  'expo',
  'expo-blur',
  'expo-constants',
  'expo-file-system',
  'expo-font',
  'expo-glass-effect',
  'expo-haptics',
  'expo-image-picker',
  'expo-linear-gradient',
  'expo-linking',
  'expo-network',
  'expo-router',
  'expo-secure-store',
  'expo-splash-screen',
  'expo-sqlite',
  'expo-status-bar',
  'expo-symbols',
  'expo-system-ui',
  'expo-web-browser',
  'react',
  'react-dom',
  'react-native',
  'react-native-gesture-handler',
  'react-native-maps',
  'react-native-reanimated',
  'react-native-safe-area-context',
  'react-native-screens',
  'react-native-web',
  'react-native-webview',
  'react-native-worklets',
  '@babel/core',
  '@types/react',
  'eslint-config-expo',
  'typescript'
]
2025-10-18T14:39:57.324Z expo:doctor:dependencies:validate Skipping packages that cannot be versioned automatically: [
  '@babel/plugin-proposal-export-namespace-from',
  '@babel/runtime',
  '@bacons/apple-targets',
  '@expo/ngrok',
  '@react-navigation/drawer',
  '@react-navigation/native',
  '@react-navigation/native-stack',
  '@supabase/supabase-js',
  '@types/difflib',
  'difflib',
  'eas',
  'react-native-css-interop',
  'react-native-edge-to-edge',
  'react-native-url-polyfill',
  'react-router-dom',
  'workbox-cli',
  'workbox-precaching',
  'workbox-webpack-plugin',
  '@eslint/js',
  '@typescript-eslint/eslint-plugin',
  '@typescript-eslint/parser',
  'babel-plugin-module-resolver',
  'eslint',
  'eslint-plugin-import',
  'eslint-plugin-react',
  'globals',
  'webpack-cli'
]
2025-10-18T14:39:57.340Z expo:doctor:dependencies:validate Package versions: {
  '@expo/metro-runtime': '6.1.2',
  '@expo/vector-icons': '15.0.2',
  '@react-native-async-storage/async-storage': '2.2.0',
  '@react-native-community/datetimepicker': '8.4.5',
  expo: '54.0.12',
  'expo-blur': '15.0.7',
  'expo-constants': '18.0.9',
  'expo-file-system': '19.0.17',
  'expo-font': '14.0.8',
  'expo-glass-effect': '0.1.4',
  'expo-haptics': '15.0.7',
  'expo-image-picker': '17.0.8',
  'expo-linear-gradient': '15.0.7',
  'expo-linking': '8.0.8',
  'expo-network': '8.0.7',
  'expo-router': '6.0.10',
  'expo-secure-store': '15.0.7',
  'expo-splash-screen': '31.0.10',
  'expo-sqlite': '16.0.8',
  'expo-status-bar': '3.0.8',
  'expo-symbols': '1.0.7',
  'expo-system-ui': '6.0.7',
  'expo-web-browser': '15.0.8',
  react: '19.1.0',
  'react-dom': '19.1.0',
  'react-native': '0.81.4',
  'react-native-gesture-handler': '2.28.0',
  'react-native-maps': '1.26.14',
  'react-native-reanimated': '4.1.2',
  'react-native-safe-area-context': '5.6.1',
  'react-native-screens': '4.16.0',
  'react-native-web': '0.21.1',
  'react-native-webview': '13.16.0',
  'react-native-worklets': '0.5.1',
  '@babel/core': '7.28.4',
  '@types/react': '19.1.17',
  'eslint-config-expo': '10.0.0',
  typescript: '5.9.3'
}
2025-10-18T14:39:57.344Z expo:doctor:dependencies:validate Incorrect dependencies: [
  {
    packageName: '@react-native-community/datetimepicker',
    packageType: 'dependencies',
    expectedVersionOrRange: '8.4.4',
    actualVersion: '8.4.5'
  },
  {
    packageName: 'expo',
    packageType: 'dependencies',
    expectedVersionOrRange: '54.0.13',
    actualVersion: '54.0.12'
  },
  {
    packageName: 'expo-font',
    packageType: 'dependencies',
    expectedVersionOrRange: '~14.0.9',
    actualVersion: '14.0.8'
  },
  {
    packageName: 'expo-router',
    packageType: 'dependencies',
    expectedVersionOrRange: '~6.0.12',
    actualVersion: '6.0.10'
  },
  {
    packageName: 'react-native-maps',
    packageType: 'dependencies',
    expectedVersionOrRange: '1.20.1',
    actualVersion: '1.26.14'
  },
  {
    packageName: 'react-native-webview',
    packageType: 'dependencies',
    expectedVersionOrRange: '13.15.0',
    actualVersion: '13.16.0'
  }
]
The following packages should be updated for best compatibility with the installed expo version:
  @react-native-community/datetimepicker@8.4.5 - expected version: 8.4.4
  expo@54.0.12 - expected version: 54.0.13
  expo-font@14.0.8 - expected version: ~14.0.9
  expo-router@6.0.10 - expected version: ~6.0.12
  react-native-maps@1.26.14 - expected version: 1.20.1
  react-native-webview@13.16.0 - expected version: 13.15.0
Your project may not work correctly until you install the expected versions of the packages.
Waiting on http://localhost:8081
Logs for your project will appear below.
2025-10-18T14:39:58.030Z expo:start:server:middleware:manifest Resolved entry point: index.ts (project root: /expo-project)
2025-10-18T14:39:58.030Z expo:start:server:metro:router Using app as the root directory for Expo Router.
2025-10-18T14:39:58.132Z expo:start:server:middleware:manifest Resolved entry point: index.ts (project root: /expo-project)
2025-10-18T14:39:58.132Z expo:start:server:metro:router Using app as the root directory for Expo Router.
2025-10-18T14:39:58.719Z expo:start:server:middleware:manifest Resolved entry point: index.ts (project root: /expo-project)
2025-10-18T14:39:58.719Z expo:start:server:metro:router Using app as the root directory for Expo Router.
2025-10-18T14:40:01.256Z expo:start:server:middleware:manifest Resolved entry point: index.ts (project root: /expo-project)
2025-10-18T14:40:01.256Z expo:start:server:metro:router Using app as the root directory for Expo Router.
2025-10-18T14:40:08.056Z expo:start:server:metro:multi-platform Enabling alias: react-native-vector-icons -> @expo/vector-icons
2025-10-18T14:40:08.064Z expo:start:server:middleware:manifest Resolved entry point: index.ts (project root: /expo-project)
2025-10-18T14:40:08.064Z expo:start:server:metro:router Using app as the root directory for Expo Router.
2025-10-18T14:40:08.085Z expo:start:server:metro:multi-platform Skipping production module: ./cjs/react-jsx-dev-runtime.production.js
2025-10-18T14:40:08.087Z expo:start:server:metro:multi-platform Skipping production module: ./cjs/react.production.js
2025-10-18T14:40:08.097Z expo:start:server:metro:multi-platform Redirecting module "/expo-project/node_modules/react-native-web/dist/exports/BackHandler/index.js" to shim
Web ./index.ts ░░░░░░░░░░░░░░░░  0.0% (0/1)
2025-10-18T14:40:08.252Z expo:start:server:metro:multi-platform Skipping production module: ./cjs/react-dom-client.production.js
2025-10-18T14:40:08.256Z expo:start:server:metro:multi-platform Redirecting module "/expo-project/node_modules/react-native-web/dist/exports/AppRegistry/AppContainer.js" to shim
2025-10-18T14:40:08.350Z expo:start:server:metro:multi-platform Skipping production module: ./cjs/react-dom.production.js
2025-10-18T14:40:08.366Z expo:start:server:metro:multi-platform Skipping production module: ./cjs/react-jsx-runtime.production.js
2025-10-18T14:40:08.439Z expo:start:server:metro:multi-platform Skipping production module: ./cjs/react-is.production.js
2025-10-18T14:40:08.552Z expo:start:server:metro:multi-platform Skipping production module: ./cjs/scheduler.production.js
2025-10-18T14:40:08.560Z expo:start:server:metro:multi-platform Skipping production module: ./cjs/react-refresh-runtime.production.min.js
2025-10-18T14:40:08.624Z expo:start:server:metro:multi-platform Skipping production module: ./cjs/react-is.production.min.js
2025-10-18T14:40:08.630Z expo:start:server:metro:multi-platform Redirecting module "/expo-project/node_modules/react-native-web/dist/exports/BackHandler/index.js" to shim
| 2025-10-18T14:40:08.719Z expo:babel:exports Found assignment to module.exports or exports at 29
2025-10-18T14:40:08.969Z expo:start:server:metro:multi-platform Skipping production module: ./cjs/react-is.production.min.js
| 2025-10-18T14:40:08.994Z expo:babel:exports Found assignment to module.exports or exports at 154
| 2025-10-18T14:40:09.022Z expo:babel:exports Found assignment to module.exports or exports at 3
| 2025-10-18T14:40:09.383Z expo:babel:exports Found assignment to module.exports or exports at 6
| 2025-10-18T14:40:09.415Z expo:babel:exports Found assignment to module.exports or exports at 251
| 2025-10-18T14:40:09.425Z expo:babel:exports Found assignment to module.exports or exports at 225
| 2025-10-18T14:40:09.428Z expo:babel:exports Found assignment to module.exports or exports at 120
| 2025-10-18T14:40:09.441Z expo:babel:exports Found assignment to module.exports or exports at 17
| 2025-10-18T14:40:09.450Z expo:babel:exports Found assignment to module.exports or exports at 221
| 2025-10-18T14:40:09.469Z expo:babel:exports Found assignment to module.exports or exports at 380
| 2025-10-18T14:40:09.573Z expo:babel:exports Found assignment to module.exports or exports at 58
2025-10-18T14:40:10.175Z expo:start:server:middleware:manifest Resolved entry point: index.ts (project root: /expo-project)
2025-10-18T14:40:10.175Z expo:start:server:metro:router Using app as the root directory for Expo Router.
2025-10-18T14:40:10.471Z expo:metro-config:serializer:env-var Injecting environment variables in virtual module.
Web Bundled 2461ms index.ts (1391 modules)
 LOG  [web] Logs will appear in the browser console
2025-10-18T14:40:12.270Z expo:start:server:middleware:manifest Resolved entry point: index.ts (project root: /expo-project)
2025-10-18T14:40:12.270Z expo:start:server:metro:router Using app as the root directory for Expo Router.
2025-10-18T14:40:14.382Z expo:start:server:middleware:manifest Resolved entry point: index.ts (project root: /expo-project)
2025-10-18T14:40:14.382Z expo:start:server:metro:router Using app as the root directory for Expo Router.
2025-10-18T14:40:16.486Z expo:start:server:middleware:manifest Resolved entry point: index.ts (project root: /expo-project)
2025-10-18T14:40:16.486Z expo:start:server:metro:router Using app as the root directory for Expo Router.
2025-10-18T14:40:18.574Z expo:start:server:middleware:manifest Resolved entry point: index.ts (project root: /expo-project)
2025-10-18T14:40:18.574Z expo:start:server:metro:router Using app as the root directory for Expo Router.
2025-10-18T14:40:18.809Z expo:start:server:metro:metroWatchTypeScriptFiles Detected TypeScript file changed in the project:  /expo-project/app/(tabs)/(home)/index.tsx
2025-10-18T14:40:19.817Z expo:start:server:middleware:manifest Resolved entry point: index.ts (project root: /expo-project)
2025-10-18T14:40:19.817Z expo:start:server:metro:router Using app as the root directory for Expo Router.
Web ./index.ts ░░░░░░░░░░░░░░░░  0.0% (0/1)
2025-10-18T14:40:20.074Z expo:metro-config:serializer:env-var Injecting environment variables in virtual module.
Web Bundled 45ms index.ts (1 module)
2025-10-18T14:40:20.679Z expo:start:server:middleware:manifest Resolved entry point: index.ts (project root: /expo-project)
2025-10-18T14:40:20.679Z expo:start:server:metro:router Using app as the root directory for Expo Router.
 LOG  [web] Logs will appear in the browser console
2025-10-18T14:40:22.095Z expo:metro:withMetroResolvers Custom resolver (requestPostRewrites) threw: FailedToResolvePathError. (module: ./wa-sqlite/wa-sqlite.wasm, platform: web, env: undefined, origin: /expo-project/node_modules/expo-sqlite/web/worker.ts)
2025-10-18T14:40:22.096Z expo:metro:withMetroResolvers Custom resolver (requestPostRewrites) threw: FailedToResolvePathError. (module: ./wa-sqlite/wa-sqlite.wasm, platform: web, env: undefined, origin: /expo-project/node_modules/expo-sqlite/web/worker.ts)
2025-10-18T14:40:22.100Z expo:metro:withMetroResolvers Number of explored stacks: 2
2025-10-18T14:40:22.101Z expo:metro:withMetroResolvers Found inverse graph: {
  "frames": [
    {
      "origin": "/expo-project/node_modules/expo-sqlite/web/worker.ts",
      "request": "./wa-sqlite/wa-sqlite.wasm"
    },
    {
      "origin": "/expo-project/node_modules/expo-sqlite/web/SQLiteModule.ts",
      "request": "./worker"
    },
    {
      "origin": "/expo-project/node_modules/expo-sqlite/build/ExpoSQLite.web.js",
      "request": "../web/SQLiteModule"
    },
    {
      "origin": "/expo-project/node_modules/expo-sqlite/build/SQLiteDatabase.js",
      "request": "./ExpoSQLite"
    },
    {
      "origin": "/expo-project/node_modules/expo-sqlite/build/index.js",
      "request": "./SQLiteDatabase"
    },
    {
      "origin": "/expo-project/utils/database.ts",
      "request": "expo-sqlite"
    },
    {
      "origin": "/expo-project/app/(tabs)/(home)/index.tsx",
      "request": "../../../utils/database"
    },
    {
      "origin": "/expo-project/app?ctx=c9915d5ced2b656047aa496292a87964b21f4221",
      "request": "/expo-project/app/(tabs)/(home)/index.tsx"
    }
  ],
  "serverRoot": true
}
Web Bundling failed 86ms node_modules/expo-sqlite/web/worker.ts (1 module)
Unable to resolve "./wa-sqlite/wa-sqlite.wasm" from "node_modules/expo-sqlite/web/worker.ts"
[0m [90m 20 |[39m [36mimport[39m [33mWaSQLiteFactory[39m [36mfrom[39m [32m'./wa-sqlite/wa-sqlite'[39m[33m;[39m
 [90m 21 |[39m [90m// @ts-expect-error wasm module is not typed[39m
[31m[1m>[22m[39m[90m 22 |[39m [36mimport[39m wasmModule [36mfrom[39m [32m'./wa-sqlite/wa-sqlite.wasm'[39m[33m;[39m
 [90m    |[39m                         [31m[1m^[22m[39m
 [90m 23 |[39m [36mimport[39m {
 [90m 24 |[39m   type [33mSQLiteWorkerMessage[39m[33m,[39m
 [90m 25 |[39m   type [33mSQLiteWorkerMessageType[39m[33m,[39m[0m

Import stack:

 node_modules/expo-sqlite/web/worker.ts
 | import "./wa-sqlite/wa-sqlite.wasm"

 node_modules/expo-sqlite/web/SQLiteModule.ts
 | import "./worker"

 node_modules/expo-sqlite/build/ExpoSQLite.web.js
 | import "../web/SQLiteModule"

 node_modules/expo-sqlite/build/SQLiteDatabase.js
 | import "./ExpoSQLite"

 node_modules/expo-sqlite/build/index.js
 | import "./SQLiteDatabase"

 utils/database.ts
 | import "expo-sqlite"

 app/(tabs)/(home)/index.tsx
 | import "../../../utils/database"

 app (require.context)

2025-10-18T14:40:22.828Z expo:start:server:middleware:manifest Resolved entry point: index.ts (project root: /expo-project)
2025-10-18T14:40:22.828Z expo:start:server:metro:router Using app as the root directory for Expo Router.
2025-10-18T14:40:24.936Z expo:start:server:middleware:manifest Resolved entry point: index.ts (project root: /expo-project)
2025-10-18T14:40:24.936Z expo:start:server:metro:router Using app as the root directory for Expo Router.
2025-10-18T14:40:27.068Z expo:start:server:middleware:manifest Resolved entry point: index.ts (project root: /expo-project)
2025-10-18T14:40:27.068Z expo:start:server:metro:router Using app as the root directory for Expo Router.
2025-10-18T14:40:29.169Z expo:start:server:middleware:manifest Resolved entry point: index.ts (project root: /expo-project)
2025-10-18T14:40:29.169Z expo:start:server:metro:router Using app as the root directory for Expo Router.
2025-10-18T14:40:31.256Z expo:start:server:middleware:manifest Resolved entry point: index.ts (project root: /expo-project)
2025-10-18T14:40:31.256Z expo:start:server:metro:router Using app as the root directory for Expo Router.
2025-10-18T14:40:33.344Z expo:start:server:middleware:manifest Resolved entry point: index.ts (project root: /expo-project)
2025-10-18T14:40:33.345Z expo:start:server:metro:router Using app as the root directory for Expo Router.
2025-10-18T14:40:35.443Z expo:start:server:middleware:manifest Resolved entry point: index.ts (project root: /expo-project)
2025-10-18T14:40:35.444Z expo:start:server:metro:router Using app as the root directory for Expo Router.
2025-10-18T14:40:37.544Z expo:start:server:middleware:manifest Resolved entry point: index.ts (project root: /expo-project)
2025-10-18T14:40:37.544Z expo:start:server:metro:router Using app as the root directory for Expo Router.
2025-10-18T14:40:39.631Z expo:start:server:middleware:manifest Resolved entry point: index.ts (project root: /expo-project)
2025-10-18T14:40:39.631Z expo:start:server:metro:router Using app as the root directory for Expo Router.
2025-10-18T14:40:41.731Z expo:start:server:middleware:manifest Resolved entry point: index.ts (project root: /expo-project)
2025-10-18T14:40:41.731Z expo:start:server:metro:router Using app as the root directory for Expo Router.
2025-10-18T14:40:43.844Z expo:start:server:middleware:manifest Resolved entry point: index.ts (project root: /expo-project)
2025-10-18T14:40:43.845Z expo:start:server:metro:router Using app as the root directory for Expo Router.
2025-10-18T14:40:45.942Z expo:start:server:middleware:manifest Resolved entry point: index.ts (project root: /expo-project)
2025-10-18T14:40:45.942Z expo:start:server:metro:router Using app as the root directory for Expo Router.
2025-10-18T14:40:48.045Z expo:start:server:middleware:manifest Resolved entry point: index.ts (project root: /expo-project)
2025-10-18T14:40:48.045Z expo:start:server:metro:router Using app as the root directory for Expo Router.
2025-10-18T14:40:50.141Z expo:start:server:middleware:manifest Resolved entry point: index.ts (project root: /expo-project)
2025-10-18T14:40:50.141Z expo:start:server:metro:router Using app as the root directory for Expo Router.
2025-10-18T14:40:52.249Z expo:start:server:middleware:manifest Resolved entry point: index.ts (project root: /expo-project)
2025-10-18T14:40:52.249Z expo:start:server:metro:router Using app as the root directory for Expo Router.
2025-10-18T14:40:52.692Z expo:start:server:metro:metroWatchTypeScriptFiles Detected TypeScript file changed in the project:  /expo-project/app/vocab/[id].tsx
| 2025-10-18T14:40:52.764Z expo:babel:exports Found assignment to module.exports or exports at 30
2025-10-18T14:40:54.362Z expo:start:server:middleware:manifest Resolved entry point: index.ts (project root: /expo-project)
2025-10-18T14:40:54.363Z expo:start:server:metro:router Using app as the root directory for Expo Router.
2025-10-18T14:40:56.499Z expo:start:server:middleware:manifest Resolved entry point: index.ts (project root: /expo-project)
2025-10-18T14:40:56.499Z expo:start:server:metro:router Using app as the root directory for Expo Router.
2025-10-18T14:40:58.601Z expo:start:server:middleware:manifest Resolved entry point: index.ts (project root: /expo-project)
2025-10-18T14:40:58.602Z expo:start:server:metro:router Using app as the root directory for Expo Router.
2025-10-18T14:41:00.702Z expo:start:server:middleware:manifest Resolved entry point: index.ts (project root: /expo-project)
2025-10-18T14:41:00.702Z expo:start:server:metro:router Using app as the root directory for Expo Router.
2025-10-18T14:41:02.798Z expo:start:server:middleware:manifest Resolved entry point: index.ts (project root: /expo-project)
2025-10-18T14:41:02.799Z expo:start:server:metro:router Using app as the root directory for Expo Router.
2025-10-18T14:41:04.880Z expo:start:server:middleware:manifest Resolved entry point: index.ts (project root: /expo-project)
2025-10-18T14:41:04.880Z expo:start:server:metro:router Using app as the root directory for Expo Router.
2025-10-18T14:41:06.981Z expo:start:server:middleware:manifest Resolved entry point: index.ts (project root: /expo-project)
2025-10-18T14:41:06.981Z expo:start:server:metro:router Using app as the root directory for Expo Router.
2025-10-18T14:41:09.090Z expo:start:server:middleware:manifest Resolved entry point: index.ts (project root: /expo-project)
2025-10-18T14:41:09.090Z expo:start:server:metro:router Using app as the root directory for Expo Router.
2025-10-18T14:41:11.191Z expo:start:server:middleware:manifest Resolved entry point: index.ts (project root: /expo-project)
2025-10-18T14:41:11.191Z expo:start:server:metro:router Using app as the root directory for Expo Router.
2025-10-18T14:41:13.294Z expo:start:server:middleware:manifest Resolved entry point: index.ts (project root: /expo-project)
2025-10-18T14:41:13.294Z expo:start:server:metro:router Using app as the root directory for Expo Router.
2025-10-18T14:41:15.396Z expo:start:server:middleware:manifest Resolved entry point: index.ts (project root: /expo-project)
2025-10-18T14:41:15.396Z expo:start:server:metro:router Using app as the root directory for Expo Router.
2025-10-18T14:41:15.958Z expo:start:server:metro:metroWatchTypeScriptFiles Detected TypeScript file changed in the project:  /expo-project/app/kanji/[id].tsx
| 2025-10-18T14:41:16.023Z expo:babel:exports Found assignment to module.exports or exports at 31
2025-10-18T14:41:17.483Z expo:start:server:middleware:manifest Resolved entry point: index.ts (project root: /expo-project)
2025-10-18T14:41:17.483Z expo:start:server:metro:router Using app as the root directory for Expo Router.
2025-10-18T14:41:19.587Z expo:start:server:middleware:manifest Resolved entry point: index.ts (project root: /expo-project)
2025-10-18T14:41:19.587Z expo:start:server:metro:router Using app as the root directory for Expo Router.
2025-10-18T14:41:21.700Z expo:start:server:middleware:manifest Resolved entry point: index.ts (project root: /expo-project)
2025-10-18T14:41:21.700Z expo:start:server:metro:router Using app as the root directory for Expo Router.
2025-10-18T14:41:23.798Z expo:start:server:middleware:manifest Resolved entry point: index.ts (project root: /expo-project)
2025-10-18T14:41:23.798Z expo:start:server:metro:router Using app as the root directory for Expo Router.
2025-10-18T14:41:25.896Z expo:start:server:middleware:manifest Resolved entry point: index.ts (project root: /expo-project)
2025-10-18T14:41:25.896Z expo:start:server:metro:router Using app as the root directory for Expo Router.
2025-10-18T14:41:27.995Z expo:start:server:middleware:manifest Resolved entry point: index.ts (project root: /expo-project)
2025-10-18T14:41:27.995Z expo:start:server:metro:router Using app as the root directory for Expo Router.
2025-10-18T14:41:30.100Z expo:start:server:middleware:manifest Resolved entry point: index.ts (project root: /expo-project)
2025-10-18T14:41:30.100Z expo:start:server:metro:router Using app as the root directory for Expo Router.
2025-10-18T14:41:32.191Z expo:start:server:middleware:manifest Resolved entry point: index.ts (project root: /expo-project)
2025-10-18T14:41:32.191Z expo:start:server:metro:router Using app as the root directory for Expo Router.
2025-10-18T14:41:34.277Z expo:start:server:middleware:manifest Resolved entry point: index.ts (project root: /expo-project)
2025-10-18T14:41:34.277Z expo:start:server:metro:router Using app as the root directory for Expo Router.
2025-10-18T14:41:34.806Z expo:start:server:metro:metroWatchTypeScriptFiles Detected TypeScript file changed in the project:  /expo-project/app/grammar/[id].tsx
| 2025-10-18T14:41:34.875Z expo:babel:exports Found assignment to module.exports or exports at 32
2025-10-18T14:41:36.380Z expo:start:server:middleware:manifest Resolved entry point: index.ts (project root: /expo-project)
2025-10-18T14:41:36.380Z expo:start:server:metro:router Using app as the root directory for Expo Router.
2025-10-18T14:41:38.468Z expo:start:server:middleware:manifest Resolved entry point: index.ts (project root: /expo-project)
2025-10-18T14:41:38.468Z expo:start:server:metro:router Using app as the root directory for Expo Router.
2025-10-18T14:41:40.564Z expo:start:server:middleware:manifest Resolved entry point: index.ts (project root: /expo-project)
2025-10-18T14:41:40.564Z expo:start:server:metro:router Using app as the root directory for Expo Router.
2025-10-18T14:41:42.665Z expo:start:server:middleware:manifest Resolved entry point: index.ts (project root: /expo-project)
2025-10-18T14:41:42.665Z expo:start:server:metro:router Using app as the root directory for Expo Router.
2025-10-18T14:41:44.751Z expo:start:server:middleware:manifest Resolved entry point: index.ts (project root: /expo-project)
2025-10-18T14:41:44.751Z expo:start:server:metro:router Using app as the root directory for Expo Router.
2025-10-18T14:41:46.856Z expo:start:server:middleware:manifest Resolved entry point: index.ts (project root: /expo-project)
2025-10-18T14:41:46.856Z expo:start:server:metro:router Using app as the root directory for Expo Router.
2025-10-18T14:41:48.939Z expo:start:server:middleware:manifest Resolved entry point: index.ts (project root: /expo-project)
2025-10-18T14:41:48.939Z expo:start:server:metro:router Using app as the root directory for Expo Router.
2025-10-18T14:41:51.044Z expo:start:server:middleware:manifest Resolved entry point: index.ts (project root: /expo-project)
2025-10-18T14:41:51.044Z expo:start:server:metro:router Using app as the root directory for Expo Router.
2025-10-18T14:41:53.149Z expo:start:server:middleware:manifest Resolved entry point: index.ts (project root: /expo-project)
2025-10-18T14:41:53.149Z expo:start:server:metro:router Using app as the root directory for Expo Router.
2025-10-18T14:41:55.240Z expo:start:server:middleware:manifest Resolved entry point: index.ts (project root: /expo-project)
2025-10-18T14:41:55.240Z expo:start:server:metro:router Using app as the root directory for Expo Router.
2025-10-18T14:41:57.353Z expo:start:server:middleware:manifest Resolved entry point: index.ts (project root: /expo-project)
2025-10-18T14:41:57.353Z expo:start:server:metro:router Using app as the root directory for Expo Router.
2025-10-18T14:41:59.459Z expo:start:server:middleware:manifest Resolved entry point: index.ts (project root: /expo-project)
2025-10-18T14:41:59.459Z expo:start:server:metro:router Using app as the root directory for Expo Router.
2025-10-18T14:42:01.556Z expo:start:server:middleware:manifest Resolved entry point: index.ts (project root: /expo-project)
2025-10-18T14:42:01.556Z expo:start:server:metro:router Using app as the root directory for Expo Router.
2025-10-18T14:42:03.678Z expo:start:server:middleware:manifest Resolved entry point: index.ts (project root: /expo-project)
2025-10-18T14:42:03.681Z expo:start:server:metro:router Using app as the root directory for Expo Router.
2025-10-18T14:42:05.773Z expo:start:server:middleware:manifest Resolved entry point: index.ts (project root: /expo-project)
2025-10-18T14:42:05.774Z expo:start:server:metro:router Using app as the root directory for Expo Router.
2025-10-18T14:42:07.877Z expo:start:server:middleware:manifest Resolved entry point: index.ts (project root: /expo-project)
2025-10-18T14:42:07.877Z expo:start:server:metro:router Using app as the root directory for Expo Router.
2025-10-18T14:42:09.980Z expo:start:server:middleware:manifest Resolved entry point: index.ts (project root: /expo-project)
2025-10-18T14:42:09.980Z expo:start:server:metro:router Using app as the root directory for Expo Router.
2025-10-18T14:42:12.105Z expo:start:server:middleware:manifest Resolved entry point: index.ts (project root: /expo-project)
2025-10-18T14:42:12.106Z expo:start:server:metro:router Using app as the root directory for Expo Router.
2025-10-18T14:42:13.577Z expo:start:server:metro:metroWatchTypeScriptFiles Detected TypeScript file changed in the project:  /expo-project/app/(tabs)/study.tsx
| 2025-10-18T14:42:13.647Z expo:babel:exports Found assignment to module.exports or exports at 33
2025-10-18T14:42:14.204Z expo:start:server:middleware:manifest Resolved entry point: index.ts (project root: /expo-project)
2025-10-18T14:42:14.205Z expo:start:server:metro:router Using app as the root directory for Expo Router.
2025-10-18T14:42:16.322Z expo:start:server:middleware:manifest Resolved entry point: index.ts (project root: /expo-project)
2025-10-18T14:42:16.322Z expo:start:server:metro:router Using app as the root directory for Expo Router.
2025-10-18T14:42:18.425Z expo:start:server:middleware:manifest Resolved entry point: index.ts (project root: /expo-project)
2025-10-18T14:42:18.425Z expo:start:server:metro:router Using app as the root directory for Expo Router.
2025-10-18T14:42:20.529Z expo:start:server:middleware:manifest Resolved entry point: index.ts (project root: /expo-project)
2025-10-18T14:42:20.529Z expo:start:server:metro:router Using app as the root directory for Expo Router.
2025-10-18T14:42:22.632Z expo:start:server:middleware:manifest Resolved entry point: index.ts (project root: /expo-project)
2025-10-18T14:42:22.632Z expo:start:server:metro:router Using app as the root directory for Expo Router.
2025-10-18T14:42:24.734Z expo:start:server:middleware:manifest Resolved entry point: index.ts (project root: /expo-project)
2025-10-18T14:42:24.734Z expo:start:server:metro:router Using app as the root directory for Expo Router.
2025-10-18T14:42:26.819Z expo:start:server:middleware:manifest Resolved entry point: index.ts (project root: /expo-project)
2025-10-18T14:42:26.819Z expo:start:server:metro:router Using app as the root directory for Expo Router.
2025-10-18T14:42:28.920Z expo:start:server:middleware:manifest Resolved entry point: index.ts (project root: /expo-project)
2025-10-18T14:42:28.920Z expo:start:server:metro:router Using app as the root directory for Expo Router.
2025-10-18T14:42:31.050Z expo:start:server:middleware:manifest Resolved entry point: index.ts (project root: /expo-project)
2025-10-18T14:42:31.050Z expo:start:server:metro:router Using app as the root directory for Expo Router.
2025-10-18T14:42:33.154Z expo:start:server:middleware:manifest Resolved entry point: index.ts (project root: /expo-project)
2025-10-18T14:42:33.154Z expo:start:server:metro:router Using app as the root directory for Expo Router.
2025-10-18T14:42:35.241Z expo:start:server:middleware:manifest Resolved entry point: index.ts (project root: /expo-project)
2025-10-18T14:42:35.241Z expo:start:server:metro:router Using app as the root directory for Expo Router.
2025-10-18T14:42:35.616Z expo:start:server:metro:metroWatchTypeScriptFiles Detected TypeScript file changed in the project:  /expo-project/app/(tabs)/profile.tsx
2025-10-18T14:42:37.329Z expo:start:server:middleware:manifest Resolved entry point: index.ts (project root: /expo-project)
2025-10-18T14:42:37.330Z expo:start:server:metro:router Using app as the root directory for Expo Router.
2025-10-18T14:42:39.434Z expo:start:server:middleware:manifest Resolved entry point: index.ts (project root: /expo-project)
2025-10-18T14:42:39.434Z expo:start:server:metro:router Using app as the root directory for Expo Router.
2025-10-18T14:42:41.539Z expo:start:server:middleware:manifest Resolved entry point: index.ts (project root: /expo-project)
2025-10-18T14:42:41.539Z expo:start:server:metro:router Using app as the root directory for Expo Router.
2025-10-18T14:42:43.640Z expo:start:server:middleware:manifest Resolved entry point: index.ts (project root: /expo-project)
2025-10-18T14:42:43.640Z expo:start:server:metro:router Using app as the root directory for Expo Router.
2025-10-18T14:42:45.730Z expo:start:server:middleware:manifest Resolved entry point: index.ts (project root: /expo-project)
2025-10-18T14:42:45.731Z expo:start:server:metro:router Using app as the root directory for Expo Router.
2025-10-18T14:42:47.831Z expo:start:server:middleware:manifest Resolved entry point: index.ts (project root: /expo-project)
2025-10-18T14:42:47.832Z expo:start:server:metro:router Using app as the root directory for Expo Router.
2025-10-18T14:42:48.110Z expo:start:server:metro:metroWatchTypeScriptFiles Detected TypeScript file changed in the project:  /expo-project/components/FloatingTabBar.tsx
2025-10-18T14:42:49.918Z expo:start:server:middleware:manifest Resolved entry point: index.ts (project root: /expo-project)
2025-10-18T14:42:49.918Z expo:start:server:metro:router Using app as the root directory for Expo Router.
2025-10-18T14:42:52.045Z expo:start:server:middleware:manifest Resolved entry point: index.ts (project root: /expo-project)
2025-10-18T14:42:52.045Z expo:start:server:metro:router Using app as the root directory for Expo Router.
2025-10-18T14:42:54.161Z expo:start:server:middleware:manifest Resolved entry point: index.ts (project root: /expo-project)
2025-10-18T14:42:54.161Z expo:start:server:metro:router Using app as the root directory for Expo Router.
2025-10-18T14:42:56.249Z expo:start:server:middleware:manifest Resolved entry point: index.ts (project root: /expo-project)
2025-10-18T14:42:56.249Z expo:start:server:metro:router Using app as the root directory for Expo Router.
2025-10-18T14:42:58.350Z expo:start:server:middleware:manifest Resolved entry point: index.ts (project root: /expo-project)
2025-10-18T14:42:58.350Z expo:start:server:metro:router Using app as the root directory for Expo Router.
2025-10-18T14:43:00.453Z expo:start:server:middleware:manifest Resolved entry point: index.ts (project root: /expo-project)
2025-10-18T14:43:00.453Z expo:start:server:metro:router Using app as the root directory for Expo Router.
2025-10-18T14:43:02.554Z expo:start:server:middleware:manifest Resolved entry point: index.ts (project root: /expo-project)
2025-10-18T14:43:02.554Z expo:start:server:metro:router Using app as the root directory for Expo Router.
2025-10-18T14:43:04.660Z expo:start:server:middleware:manifest Resolved entry point: index.ts (project root: /expo-project)
2025-10-18T14:43:04.660Z expo:start:server:metro:router Using app as the root directory for Expo Router.
2025-10-18T14:43:06.749Z expo:start:server:middleware:manifest Resolved entry point: index.ts (project root: /expo-project)
2025-10-18T14:43:06.749Z expo:start:server:metro:router Using app as the root directory for Expo Router.
2025-10-18T14:43:08.872Z expo:start:server:middleware:manifest Resolved entry point: index.ts (project root: /expo-project)
2025-10-18T14:43:08.872Z expo:start:server:metro:router Using app as the root directory for Expo Router.
2025-10-18T14:43:10.981Z expo:start:server:middleware:manifest Resolved entry point: index.ts (project root: /expo-project)
2025-10-18T14:43:10.981Z expo:start:server:metro:router Using app as the root directory for Expo Router.
2025-10-18T14:43:13.078Z expo:start:server:middleware:manifest Resolved entry point: index.ts (project root: /expo-project)
2025-10-18T14:43:13.078Z expo:start:server:metro:router Using app as the root directory for Expo Router.
2025-10-18T14:43:15.175Z expo:start:server:middleware:manifest Resolved entry point: index.ts (project root: /expo-project)
2025-10-18T14:43:15.175Z expo:start:server:metro:router Using app as the root directory for Expo Router.
2025-10-18T14:43:17.271Z expo:start:server:middleware:manifest Resolved entry point: index.ts (project root: /expo-project)
2025-10-18T14:43:17.271Z expo:start:server:metro:router Using app as the root directory for Expo Router.
2025-10-18T14:43:19.365Z expo:start:server:middleware:manifest Resolved entry point: index.ts (project root: /expo-project)
2025-10-18T14:43:19.365Z expo:start:server:metro:router Using app as the root directory for Expo Router.
2025-10-18T14:43:21.501Z expo:start:server:middleware:manifest Resolved entry point: index.ts (project root: /expo-project)
2025-10-18T14:43:21.501Z expo:start:server:metro:router Using app as the root directory for Expo Router.
2025-10-18T14:43:23.607Z expo:start:server:middleware:manifest Resolved entry point: index.ts (project root: /expo-project)
2025-10-18T14:43:23.607Z expo:start:server:metro:router Using app as the root directory for Expo Router.
2025-10-18T14:43:25.707Z expo:start:server:middleware:manifest Resolved entry point: index.ts (project root: /expo-project)
2025-10-18T14:43:25.708Z expo:start:server:metro:router Using app as the root directory for Expo Router.
2025-10-18T14:43:27.808Z expo:start:server:middleware:manifest Resolved entry point: index.ts (project root: /expo-project)
2025-10-18T14:43:27.808Z expo:start:server:metro:router Using app as the root directory for Expo Router.
2025-10-18T14:43:29.896Z expo:start:server:middleware:manifest Resolved entry point: index.ts (project root: /expo-project)
2025-10-18T14:43:29.896Z expo:start:server:metro:router Using app as the root directory for Expo Router.
2025-10-18T14:43:31.997Z expo:start:server:middleware:manifest Resolved entry point: index.ts (project root: /expo-project)
2025-10-18T14:43:31.997Z expo:start:server:metro:router Using app as the root directory for Expo Router.
2025-10-18T14:43:34.097Z expo:start:server:middleware:manifest Resolved entry point: index.ts (project root: /expo-project)
2025-10-18T14:43:34.097Z expo:start:server:metro:router Using app as the root directory for Expo Router.
2025-10-18T14:43:36.181Z expo:start:server:middleware:manifest Resolved entry point: index.ts (project root: /expo-project)
2025-10-18T14:43:36.181Z expo:start:server:metro:router Using app as the root directory for Expo Router.
2025-10-18T14:43:38.291Z expo:start:server:middleware:manifest Resolved entry point: index.ts (project root: /expo-project)
2025-10-18T14:43:38.291Z expo:start:server:metro:router Using app as the root directory for Expo Router.
2025-10-18T14:43:40.393Z expo:start:server:middleware:manifest Resolved entry point: index.ts (project root: /expo-project)
2025-10-18T14:43:40.393Z expo:start:server:metro:router Using app as the root directory for Expo Router.
2025-10-18T14:43:42.519Z expo:start:server:middleware:manifest Resolved entry point: index.ts (project root: /expo-project)
2025-10-18T14:43:42.519Z expo:start:server:metro:router Using app as the root directory for Expo Router.
2025-10-18T14:43:44.623Z expo:start:server:middleware:manifest Resolved entry point: index.ts (project root: /expo-project)
2025-10-18T14:43:44.623Z expo:start:server:metro:router Using app as the root directory for Expo Router.
2025-10-18T14:43:46.713Z expo:start:server:middleware:manifest Resolved entry point: index.ts (project root: /expo-project)
2025-10-18T14:43:46.714Z expo:start:server:metro:router Using app as the root directory for Expo Router.
2025-10-18T14:43:48.809Z expo:start:server:middleware:manifest Resolved entry point: index.ts (project root: /expo-project)
2025-10-18T14:43:48.809Z expo:start:server:metro:router Using app as the root directory for Expo Router.
2025-10-18T14:43:50.908Z expo:start:server:middleware:manifest Resolved entry point: index.ts (project root: /expo-project)
2025-10-18T14:43:50.909Z expo:start:server:metro:router Using app as the root directory for Expo Router.
2025-10-18T14:43:52.993Z expo:start:server:middleware:manifest Resolved entry point: index.ts (project root: /expo-project)
2025-10-18T14:43:52.994Z expo:start:server:metro:router Using app as the root directory for Expo Router.
2025-10-18T14:43:55.096Z expo:start:server:middleware:manifest Resolved entry point: index.ts (project root: /expo-project)
2025-10-18T14:43:55.097Z expo:start:server:metro:router Using app as the root directory for Expo Router.
2025-10-18T14:43:57.199Z expo:start:server:middleware:manifest Resolved entry point: index.ts (project root: /expo-project)
2025-10-18T14:43:57.199Z expo:start:server:metro:router Using app as the root directory for Expo Router.
2025-10-18T14:43:59.306Z expo:start:server:middleware:manifest Resolved entry point: index.ts (project root: /expo-project)
2025-10-18T14:43:59.306Z expo:start:server:metro:router Using app as the root directory for Expo Router.
2025-10-18T14:44:01.420Z expo:start:server:middleware:manifest Resolved entry point: index.ts (project root: /expo-project)
2025-10-18T14:44:01.420Z expo:start:server:metro:router Using app as the root directory for Expo Router.
2025-10-18T14:44:03.519Z expo:start:server:middleware:manifest Resolved entry point: index.ts (project root: /expo-project)
2025-10-18T14:44:03.519Z expo:start:server:metro:router Using app as the root directory for Expo Router.
2025-10-18T14:44:05.633Z expo:start:server:middleware:manifest Resolved entry point: index.ts (project root: /expo-project)
2025-10-18T14:44:05.633Z expo:start:server:metro:router Using app as the root directory for Expo Router.
2025-10-18T14:44:07.740Z expo:start:server:middleware:manifest Resolved entry point: index.ts (project root: /expo-project)
2025-10-18T14:44:07.740Z expo:start:server:metro:router Using app as the root directory for Expo Router.
2025-10-18T14:44:09.828Z expo:start:server:middleware:manifest Resolved entry point: index.ts (project root: /expo-project)
2025-10-18T14:44:09.828Z expo:start:server:metro:router Using app as the root directory for Expo Router.
2025-10-18T14:44:11.932Z expo:start:server:middleware:manifest Resolved entry point: index.ts (project root: /expo-project)
2025-10-18T14:44:11.932Z expo:start:server:metro:router Using app as the root directory for Expo Router.
2025-10-18T14:44:14.030Z expo:start:server:middleware:manifest Resolved entry point: index.ts (project root: /expo-project)
2025-10-18T14:44:14.030Z expo:start:server:metro:router Using app as the root directory for Expo Router.
2025-10-18T14:44:16.117Z expo:start:server:middleware:manifest Resolved entry point: index.ts (project root: /expo-project)
2025-10-18T14:44:16.117Z expo:start:server:metro:router Using app as the root directory for Expo Router.
2025-10-18T14:44:18.221Z expo:start:server:middleware:manifest Resolved entry point: index.ts (project root: /expo-project)
2025-10-18T14:44:18.221Z expo:start:server:metro:router Using app as the root directory for Expo Router.
2025-10-18T14:44:20.323Z expo:start:server:middleware:manifest Resolved entry point: index.ts (project root: /expo-project)
2025-10-18T14:44:20.324Z expo:start:server:metro:router Using app as the root directory for Expo Router.
2025-10-18T14:44:22.429Z expo:start:server:middleware:manifest Resolved entry point: index.ts (project root: /expo-project)
2025-10-18T14:44:22.429Z expo:start:server:metro:router Using app as the root directory for Expo Router.
2025-10-18T14:44:24.523Z expo:start:server:middleware:manifest Resolved entry point: index.ts (project root: /expo-project)
2025-10-18T14:44:24.523Z expo:start:server:metro:router Using app as the root directory for Expo Router.
2025-10-18T14:44:26.627Z expo:start:server:middleware:manifest Resolved entry point: index.ts (project root: /expo-project)
2025-10-18T14:44:26.627Z expo:start:server:metro:router Using app as the root directory for Expo Router.
2025-10-18T14:44:28.721Z expo:start:server:middleware:manifest Resolved entry point: index.ts (project root: /expo-project)
2025-10-18T14:44:28.721Z expo:start:server:metro:router Using app as the root directory for Expo Router.
2025-10-18T14:44:30.823Z expo:start:server:middleware:manifest Resolved entry point: index.ts (project root: /expo-project)
2025-10-18T14:44:30.823Z expo:start:server:metro:router Using app as the root directory for Expo Router.
2025-10-18T14:44:32.909Z expo:start:server:middleware:manifest Resolved entry point: index.ts (project root: /expo-project)
2025-10-18T14:44:32.909Z expo:start:server:metro:router Using app as the root directory for Expo Router.
2025-10-18T14:44:35.008Z expo:start:server:middleware:manifest Resolved entry point: index.ts (project root: /expo-project)
2025-10-18T14:44:35.008Z expo:start:server:metro:router Using app as the root directory for Expo Router.
2025-10-18T14:44:37.113Z expo:start:server:middleware:manifest Resolved entry point: index.ts (project root: /expo-project)
2025-10-18T14:44:37.113Z expo:start:server:metro:router Using app as the root directory for Expo Router.
2025-10-18T14:44:39.213Z expo:start:server:middleware:manifest Resolved entry point: index.ts (project root: /expo-project)
2025-10-18T14:44:39.213Z expo:start:server:metro:router Using app as the root directory for Expo Router.
2025-10-18T14:44:41.308Z expo:start:server:middleware:manifest Resolved entry point: index.ts (project root: /expo-project)
2025-10-18T14:44:41.308Z expo:start:server:metro:router Using app as the root directory for Expo Router.
2025-10-18T14:44:43.415Z expo:start:server:middleware:manifest Resolved entry point: index.ts (project root: /expo-project)
2025-10-18T14:44:43.415Z expo:start:server:metro:router Using app as the root directory for Expo Router.
2025-10-18T14:44:45.513Z expo:start:server:middleware:manifest Resolved entry point: index.ts (project root: /expo-project)
2025-10-18T14:44:45.513Z expo:start:server:metro:router Using app as the root directory for Expo Router.
2025-10-18T14:44:47.593Z expo:start:server:middleware:manifest Resolved entry point: index.ts (project root: /expo-project)
2025-10-18T14:44:47.593Z expo:start:server:metro:router Using app as the root directory for Expo Router.
2025-10-18T14:44:49.695Z expo:start:server:middleware:manifest Resolved entry point: index.ts (project root: /expo-project)
2025-10-18T14:44:49.695Z expo:start:server:metro:router Using app as the root directory for Expo Router.
2025-10-18T14:44:51.805Z expo:start:server:middleware:manifest Resolved entry point: index.ts (project root: /expo-project)
2025-10-18T14:44:51.805Z expo:start:server:metro:router Using app as the root directory for Expo Router.
2025-10-18T14:44:53.887Z expo:start:server:middleware:manifest Resolved entry point: index.ts (project root: /expo-project)
2025-10-18T14:44:53.887Z expo:start:server:metro:router Using app as the root directory for Expo Router.
2025-10-18T14:44:55.990Z expo:start:server:middleware:manifest Resolved entry point: index.ts (project root: /expo-project)
2025-10-18T14:44:55.991Z expo:start:server:metro:router Using app as the root directory for Expo Router.
2025-10-18T14:44:58.104Z expo:start:server:middleware:manifest Resolved entry point: index.ts (project root: /expo-project)
2025-10-18T14:44:58.104Z expo:start:server:metro:router Using app as the root directory for Expo Router.
2025-10-18T14:45:00.204Z expo:start:server:middleware:manifest Resolved entry point: index.ts (project root: /expo-project)
2025-10-18T14:45:00.204Z expo:start:server:metro:router Using app as the root directory for Expo Router.
2025-10-18T14:45:02.310Z expo:start:server:middleware:manifest Resolved entry point: index.ts (project root: /expo-project)
2025-10-18T14:45:02.310Z expo:start:server:metro:router Using app as the root directory for Expo Router.
2025-10-18T14:45:04.393Z expo:start:server:middleware:manifest Resolved entry point: index.ts (project root: /expo-project)
2025-10-18T14:45:04.393Z expo:start:server:metro:router Using app as the root directory for Expo Router.
2025-10-18T14:45:06.496Z expo:start:server:middleware:manifest Resolved entry point: index.ts (project root: /expo-project)
2025-10-18T14:45:06.496Z expo:start:server:metro:router Using app as the root directory for Expo Router.
2025-10-18T14:45:08.595Z expo:start:server:middleware:manifest Resolved entry point: index.ts (project root: /expo-project)
2025-10-18T14:45:08.595Z expo:start:server:metro:router Using app as the root directory for Expo Router.
2025-10-18T14:45:10.679Z expo:start:server:middleware:manifest Resolved entry point: index.ts (project root: /expo-project)
2025-10-18T14:45:10.679Z expo:start:server:metro:router Using app as the root directory for Expo Router.
2025-10-18T14:45:12.781Z expo:start:server:middleware:manifest Resolved entry point: index.ts (project root: /expo-project)
2025-10-18T14:45:12.781Z expo:start:server:metro:router Using app as the root directory for Expo Router.
2025-10-18T14:45:14.883Z expo:start:server:middleware:manifest Resolved entry point: index.ts (project root: /expo-project)
2025-10-18T14:45:14.883Z expo:start:server:metro:router Using app as the root directory for Expo Router.
2025-10-18T14:45:16.985Z expo:start:server:middleware:manifest Resolved entry point: index.ts (project root: /expo-project)
2025-10-18T14:45:16.985Z expo:start:server:metro:router Using app as the root directory for Expo Router.
2025-10-18T14:45:19.073Z expo:start:server:middleware:manifest Resolved entry point: index.ts (project root: /expo-project)
2025-10-18T14:45:19.073Z expo:start:server:metro:router Using app as the root directory for Expo Router.
2025-10-18T14:45:21.162Z expo:start:server:middleware:manifest Resolved entry point: index.ts (project root: /expo-project)
2025-10-18T14:45:21.162Z expo:start:server:metro:router Using app as the root directory for Expo Router.
2025-10-18T14:45:23.265Z expo:start:server:middleware:manifest Resolved entry point: index.ts (project root: /expo-project)
2025-10-18T14:45:23.265Z expo:start:server:metro:router Using app as the root directory for Expo Router.
2025-10-18T14:45:25.370Z expo:start:server:middleware:manifest Resolved entry point: index.ts (project root: /expo-project)
2025-10-18T14:45:25.370Z expo:start:server:metro:router Using app as the root directory for Expo Router.
2025-10-18T14:45:27.469Z expo:start:server:middleware:manifest Resolved entry point: index.ts (project root: /expo-project)
2025-10-18T14:45:27.469Z expo:start:server:metro:router Using app as the root directory for Expo Router.
2025-10-18T14:45:29.571Z expo:start:server:middleware:manifest Resolved entry point: index.ts (project root: /expo-project)
2025-10-18T14:45:29.571Z expo:start:server:metro:router Using app as the root directory for Expo Router.
2025-10-18T14:45:31.670Z expo:start:server:middleware:manifest Resolved entry point: index.ts (project root: /expo-project)
2025-10-18T14:45:31.670Z expo:start:server:metro:router Using app as the root directory for Expo Router.
2025-10-18T14:45:33.773Z expo:start:server:middleware:manifest Resolved entry point: index.ts (project root: /expo-project)
2025-10-18T14:45:33.773Z expo:start:server:metro:router Using app as the root directory for Expo Router.
2025-10-18T14:45:35.863Z expo:start:server:middleware:manifest Resolved entry point: index.ts (project root: /expo-project)
2025-10-18T14:45:35.863Z expo:start:server:metro:router Using app as the root directory for Expo Router.
2025-10-18T14:45:37.960Z expo:start:server:middleware:manifest Resolved entry point: index.ts (project root: /expo-project)
2025-10-18T14:45:37.960Z expo:start:server:metro:router Using app as the root directory for Expo Router.
2025-10-18T14:45:40.068Z expo:start:server:middleware:manifest Resolved entry point: index.ts (project root: /expo-project)
2025-10-18T14:45:40.068Z expo:start:server:metro:router Using app as the root directory for Expo Router.
2025-10-18T14:45:42.153Z expo:start:server:middleware:manifest Resolved entry point: index.ts (project root: /expo-project)
2025-10-18T14:45:42.153Z expo:start:server:metro:router Using app as the root directory for Expo Router.
2025-10-18T14:45:44.253Z expo:start:server:middleware:manifest Resolved entry point: index.ts (project root: /expo-project)
2025-10-18T14:45:44.253Z expo:start:server:metro:router Using app as the root directory for Expo Router.
2025-10-18T14:45:46.360Z expo:start:server:middleware:manifest Resolved entry point: index.ts (project root: /expo-project)
2025-10-18T14:45:46.360Z expo:start:server:metro:router Using app as the root directory for Expo Router.
2025-10-18T14:45:48.468Z expo:start:server:middleware:manifest Resolved entry point: index.ts (project root: /expo-project)
2025-10-18T14:45:48.468Z expo:start:server:metro:router Using app as the root directory for Expo Router.
2025-10-18T14:45:50.581Z expo:start:server:middleware:manifest Resolved entry point: index.ts (project root: /expo-project)
2025-10-18T14:45:50.581Z expo:start:server:metro:router Using app as the root directory for Expo Router.
2025-10-18T14:45:52.685Z expo:start:server:middleware:manifest Resolved entry point: index.ts (project root: /expo-project)
2025-10-18T14:45:52.685Z expo:start:server:metro:router Using app as the root directory for Expo Router.
2025-10-18T14:45:53.362Z expo:start:server:metro:metroWatchTypeScriptFiles Detected TypeScript file changed in the project:  /expo-project/utils/database.ts
2025-10-18T14:45:54.783Z expo:start:server:middleware:manifest Resolved entry point: index.ts (project root: /expo-project)
2025-10-18T14:45:54.783Z expo:start:server:metro:router Using app as the root directory for Expo Router.
2025-10-18T14:45:56.887Z expo:start:server:middleware:manifest Resolved entry point: index.ts (project root: /expo-project)
2025-10-18T14:45:56.887Z expo:start:server:metro:router Using app as the root directory for Expo Router.
2025-10-18T14:45:58.490Z expo:start:server:metro:metroWatchTypeScriptFiles Detected TypeScript file changed in the project:  /expo-project/utils/database.ts
2025-10-18T14:45:58.987Z expo:start:server:middleware:manifest Resolved entry point: index.ts (project root: /expo-project)
2025-10-18T14:45:58.987Z expo:start:server:metro:router Using app as the root directory for Expo Router.
2025-10-18T14:46:01.076Z expo:start:server:middleware:manifest Resolved entry point: index.ts (project root: /expo-project)
2025-10-18T14:46:01.076Z expo:start:server:metro:router Using app as the root directory for Expo Router.
2025-10-18T14:46:03.537Z expo:start:server:middleware:manifest Resolved entry point: index.ts (project root: /expo-project)
2025-10-18T14:46:03.537Z expo:start:server:metro:router Using app as the root directory for Expo Router.
2025-10-18T14:46:05.635Z expo:start:server:middleware:manifest Resolved entry point: index.ts (project root: /expo-project)
2025-10-18T14:46:05.635Z expo:start:server:metro:router Using app as the root directory for Expo Router.
2025-10-18T14:46:06.036Z expo:start:server:metro:metroWatchTypeScriptFiles Detected TypeScript file changed in the project:  /expo-project/utils/database.ts
2025-10-18T14:46:07.732Z expo:start:server:middleware:manifest Resolved entry point: index.ts (project root: /expo-project)
2025-10-18T14:46:07.732Z expo:start:server:metro:router Using app as the root directory for Expo Router.
2025-10-18T14:46:09.834Z expo:start:server:middleware:manifest Resolved entry point: index.ts (project root: /expo-project)
2025-10-18T14:46:09.834Z expo:start:server:metro:router Using app as the root directory for Expo Router.
2025-10-18T14:46:11.930Z expo:start:server:middleware:manifest Resolved entry point: index.ts (project root: /expo-project)
2025-10-18T14:46:11.930Z expo:start:server:metro:router Using app as the root directory for Expo Router.
2025-10-18T14:46:14.037Z expo:start:server:middleware:manifest Resolved entry point: index.ts (project root: /expo-project)
2025-10-18T14:46:14.037Z expo:start:server:metro:router Using app as the root directory for Expo Router.
2025-10-18T14:46:14.305Z expo:start:server:metro:metroWatchTypeScriptFiles Detected TypeScript file changed in the project:  /expo-project/utils/database.ts
2025-10-18T14:46:16.146Z expo:start:server:middleware:manifest Resolved entry point: index.ts (project root: /expo-project)
2025-10-18T14:46:16.146Z expo:start:server:metro:router Using app as the root directory for Expo Router.
2025-10-18T14:46:18.249Z expo:start:server:middleware:manifest Resolved entry point: index.ts (project root: /expo-project)
2025-10-18T14:46:18.249Z expo:start:server:metro:router Using app as the root directory for Expo Router.
2025-10-18T14:46:20.350Z expo:start:server:middleware:manifest Resolved entry point: index.ts (project root: /expo-project)
2025-10-18T14:46:20.351Z expo:start:server:metro:router Using app as the root directory for Expo Router.
2025-10-18T14:46:21.477Z expo:start:server:metro:metroWatchTypeScriptFiles Detected TypeScript file changed in the project:  /expo-project/utils/database.ts
2025-10-18T14:46:22.437Z expo:start:server:middleware:manifest Resolved entry point: index.ts (project root: /expo-project)
2025-10-18T14:46:22.437Z expo:start:server:metro:router Using app as the root directory for Expo Router.
2025-10-18T14:46:24.544Z expo:start:server:middleware:manifest Resolved entry point: index.ts (project root: /expo-project)
2025-10-18T14:46:24.544Z expo:start:server:metro:router Using app as the root directory for Expo Router.
2025-10-18T14:46:26.628Z expo:start:server:middleware:manifest Resolved entry point: index.ts (project root: /expo-project)
2025-10-18T14:46:26.630Z expo:start:server:metro:router Using app as the root directory for Expo Router.
2025-10-18T14:46:28.728Z expo:start:server:middleware:manifest Resolved entry point: index.ts (project root: /expo-project)
2025-10-18T14:46:28.728Z expo:start:server:metro:router Using app as the root directory for Expo Router.
2025-10-18T14:46:30.828Z expo:start:server:middleware:manifest Resolved entry point: index.ts (project root: /expo-project)
2025-10-18T14:46:30.828Z expo:start:server:metro:router Using app as the root directory for Expo Router.
2025-10-18T14:46:31.227Z expo:start:server:metro:metroWatchTypeScriptFiles Detected TypeScript file changed in the project:  /expo-project/utils/database.ts
2025-10-18T14:46:32.928Z expo:start:server:middleware:manifest Resolved entry point: index.ts (project root: /expo-project)
2025-10-18T14:46:32.928Z expo:start:server:metro:router Using app as the root directory for Expo Router.
2025-10-18T14:46:35.036Z expo:start:server:middleware:manifest Resolved entry point: index.ts (project root: /expo-project)
2025-10-18T14:46:35.036Z expo:start:server:metro:router Using app as the root directory for Expo Router.
2025-10-18T14:46:37.162Z expo:start:server:middleware:manifest Resolved entry point: index.ts (project root: /expo-project)
2025-10-18T14:46:37.162Z expo:start:server:metro:router Using app as the root directory for Expo Router.
2025-10-18T14:46:39.249Z expo:start:server:middleware:manifest Resolved entry point: index.ts (project root: /expo-project)
2025-10-18T14:46:39.250Z expo:start:server:metro:router Using app as the root directory for Expo Router.
2025-10-18T14:46:39.278Z expo:start:server:metro:metroWatchTypeScriptFiles Detected TypeScript file changed in the project:  /expo-project/utils/database.ts
2025-10-18T14:46:41.332Z expo:start:server:middleware:manifest Resolved entry point: index.ts (project root: /expo-project)
2025-10-18T14:46:41.332Z expo:start:server:metro:router Using app as the root directory for Expo Router.
2025-10-18T14:46:43.436Z expo:start:server:middleware:manifest Resolved entry point: index.ts (project root: /expo-project)
2025-10-18T14:46:43.436Z expo:start:server:metro:router Using app as the root directory for Expo Router.
2025-10-18T14:46:45.313Z expo:start:server:metro:metroWatchTypeScriptFiles Detected TypeScript file changed in the project:  /expo-project/utils/database.ts
2025-10-18T14:46:45.525Z expo:start:server:middleware:manifest Resolved entry point: index.ts (project root: /expo-project)
2025-10-18T14:46:45.525Z expo:start:server:metro:router Using app as the root directory for Expo Router.
2025-10-18T14:46:47.622Z expo:start:server:middleware:manifest Resolved entry point: index.ts (project root: /expo-project)
2025-10-18T14:46:47.622Z expo:start:server:metro:router Using app as the root directory for Expo Router.
2025-10-18T14:46:49.724Z expo:start:server:middleware:manifest Resolved entry point: index.ts (project root: /expo-project)
2025-10-18T14:46:49.724Z expo:start:server:metro:router Using app as the root directory for Expo Router.
2025-10-18T14:46:51.827Z expo:start:server:middleware:manifest Resolved entry point: index.ts (project root: /expo-project)
2025-10-18T14:46:51.827Z expo:start:server:metro:router Using app as the root directory for Expo Router.
2025-10-18T14:46:52.671Z expo:start:server:metro:metroWatchTypeScriptFiles Detected TypeScript file changed in the project:  /expo-project/utils/database.ts
2025-10-18T14:46:53.925Z expo:start:server:middleware:manifest Resolved entry point: index.ts (project root: /expo-project)
2025-10-18T14:46:53.925Z expo:start:server:metro:router Using app as the root directory for Expo Router.
2025-10-18T14:46:56.024Z expo:start:server:middleware:manifest Resolved entry point: index.ts (project root: /expo-project)
2025-10-18T14:46:56.024Z expo:start:server:metro:router Using app as the root directory for Expo Router.
2025-10-18T14:46:58.134Z expo:start:server:middleware:manifest Resolved entry point: index.ts (project root: /expo-project)
2025-10-18T14:46:58.135Z expo:start:server:metro:router Using app as the root directory for Expo Router.
2025-10-18T14:46:59.380Z expo:start:server:metro:metroWatchTypeScriptFiles Detected TypeScript file changed in the project:  /expo-project/utils/database.ts
2025-10-18T14:47:00.234Z expo:start:server:middleware:manifest Resolved entry point: index.ts (project root: /expo-project)
2025-10-18T14:47:00.234Z expo:start:server:metro:router Using app as the root directory for Expo Router.
2025-10-18T14:47:02.338Z expo:start:server:middleware:manifest Resolved entry point: index.ts (project root: /expo-project)
2025-10-18T14:47:02.338Z expo:start:server:metro:router Using app as the root directory for Expo Router.
2025-10-18T14:47:04.423Z expo:start:server:middleware:manifest Resolved entry point: index.ts (project root: /expo-project)
2025-10-18T14:47:04.423Z expo:start:server:metro:router Using app as the root directory for Expo Router.
2025-10-18T14:47:05.572Z expo:start:server:metro:metroWatchTypeScriptFiles Detected TypeScript file changed in the project:  /expo-project/utils/database.ts
2025-10-18T14:47:06.508Z expo:start:server:middleware:manifest Resolved entry point: index.ts (project root: /expo-project)
2025-10-18T14:47:06.508Z expo:start:server:metro:router Using app as the root directory for Expo Router.
2025-10-18T14:47:08.611Z expo:start:server:middleware:manifest Resolved entry point: index.ts (project root: /expo-project)
2025-10-18T14:47:08.611Z expo:start:server:metro:router Using app as the root directory for Expo Router.
2025-10-18T14:47:10.695Z expo:start:server:middleware:manifest Resolved entry point: index.ts (project root: /expo-project)
2025-10-18T14:47:10.696Z expo:start:server:metro:router Using app as the root directory for Expo Router.
2025-10-18T14:47:12.785Z expo:start:server:middleware:manifest Resolved entry point: index.ts (project root: /expo-project)
2025-10-18T14:47:12.785Z expo:start:server:metro:router Using app as the root directory for Expo Router.
2025-10-18T14:47:14.207Z expo:start:server:metro:metroWatchTypeScriptFiles Detected TypeScript file changed in the project:  /expo-project/utils/database.ts
2025-10-18T14:47:14.892Z expo:start:server:middleware:manifest Resolved entry point: index.ts (project root: /expo-project)
2025-10-18T14:47:14.892Z expo:start:server:metro:router Using app as the root directory for Expo Router.
2025-10-18T14:47:16.997Z expo:start:server:middleware:manifest Resolved entry point: index.ts (project root: /expo-project)
2025-10-18T14:47:16.997Z expo:start:server:metro:router Using app as the root directory for Expo Router.
2025-10-18T14:47:19.111Z expo:start:server:middleware:manifest Resolved entry point: index.ts (project root: /expo-project)
2025-10-18T14:47:19.111Z expo:start:server:metro:router Using app as the root directory for Expo Router.
2025-10-18T14:47:21.216Z expo:start:server:middleware:manifest Resolved entry point: index.ts (project root: /expo-project)
2025-10-18T14:47:21.218Z expo:start:server:metro:router Using app as the root directory for Expo Router.
2025-10-18T14:47:22.600Z expo:start:server:metro:metroWatchTypeScriptFiles Detected TypeScript file changed in the project:  /expo-project/utils/database.ts
2025-10-18T14:47:23.306Z expo:start:server:middleware:manifest Resolved entry point: index.ts (project root: /expo-project)
2025-10-18T14:47:23.306Z expo:start:server:metro:router Using app as the root directory for Expo Router.
2025-10-18T14:47:25.390Z expo:start:server:middleware:manifest Resolved entry point: index.ts (project root: /expo-project)
2025-10-18T14:47:25.390Z expo:start:server:metro:router Using app as the root directory for Expo Router.
2025-10-18T14:47:27.479Z expo:start:server:middleware:manifest Resolved entry point: index.ts (project root: /expo-project)
2025-10-18T14:47:27.479Z expo:start:server:metro:router Using app as the root directory for Expo Router.
2025-10-18T14:47:29.573Z expo:start:server:middleware:manifest Resolved entry point: index.ts (project root: /expo-project)
2025-10-18T14:47:29.573Z expo:start:server:metro:router Using app as the root directory for Expo Router.
2025-10-18T14:47:31.673Z expo:start:server:middleware:manifest Resolved entry point: index.ts (project root: /expo-project)
2025-10-18T14:47:31.673Z expo:start:server:metro:router Using app as the root directory for Expo Router.
2025-10-18T14:47:32.457Z expo:start:server:metro:metroWatchTypeScriptFiles Detected TypeScript file changed in the project:  /expo-project/utils/database.ts
2025-10-18T14:47:33.786Z expo:start:server:middleware:manifest Resolved entry point: index.ts (project root: /expo-project)
2025-10-18T14:47:33.787Z expo:start:server:metro:router Using app as the root directory for Expo Router.
2025-10-18T14:47:35.893Z expo:start:server:middleware:manifest Resolved entry point: index.ts (project root: /expo-project)
2025-10-18T14:47:35.893Z expo:start:server:metro:router Using app as the root directory for Expo Router.
2025-10-18T14:47:37.999Z expo:start:server:middleware:manifest Resolved entry point: index.ts (project root: /expo-project)
2025-10-18T14:47:37.999Z expo:start:server:metro:router Using app as the root directory for Expo Router.
2025-10-18T14:47:40.111Z expo:start:server:middleware:manifest Resolved entry point: index.ts (project root: /expo-project)
2025-10-18T14:47:40.111Z expo:start:server:metro:router Using app as the root directory for Expo Router.
2025-10-18T14:47:40.260Z expo:start:server:metro:metroWatchTypeScriptFiles Detected TypeScript file changed in the project:  /expo-project/utils/database.ts
2025-10-18T14:47:42.213Z expo:start:server:middleware:manifest Resolved entry point: index.ts (project root: /expo-project)
2025-10-18T14:47:42.214Z expo:start:server:metro:router Using app as the root directory for Expo Router.
2025-10-18T14:47:44.318Z expo:start:server:middleware:manifest Resolved entry point: index.ts (project root: /expo-project)
2025-10-18T14:47:44.318Z expo:start:server:metro:router Using app as the root directory for Expo Router.
2025-10-18T14:47:46.405Z expo:start:server:middleware:manifest Resolved entry point: index.ts (project root: /expo-project)
2025-10-18T14:47:46.406Z expo:start:server:metro:router Using app as the root directory for Expo Router.
2025-10-18T14:47:47.859Z expo:start:server:metro:metroWatchTypeScriptFiles Detected TypeScript file changed in the project:  /expo-project/utils/database.ts
2025-10-18T14:47:48.509Z expo:start:server:middleware:manifest Resolved entry point: index.ts (project root: /expo-project)
2025-10-18T14:47:48.510Z expo:start:server:metro:router Using app as the root directory for Expo Router.
2025-10-18T14:47:50.614Z expo:start:server:middleware:manifest Resolved entry point: index.ts (project root: /expo-project)
2025-10-18T14:47:50.614Z expo:start:server:metro:router Using app as the root directory for Expo Router.
2025-10-18T14:47:52.718Z expo:start:server:middleware:manifest Resolved entry point: index.ts (project root: /expo-project)
2025-10-18T14:47:52.718Z expo:start:server:metro:router Using app as the root directory for Expo Router.
2025-10-18T14:47:53.927Z expo:start:server:metro:metroWatchTypeScriptFiles Detected TypeScript file changed in the project:  /expo-project/utils/database.ts
2025-10-18T14:47:54.817Z expo:start:server:middleware:manifest Resolved entry point: index.ts (project root: /expo-project)
2025-10-18T14:47:54.817Z expo:start:server:metro:router Using app as the root directory for Expo Router.
2025-10-18T14:47:56.914Z expo:start:server:middleware:manifest Resolved entry point: index.ts (project root: /expo-project)
2025-10-18T14:47:56.914Z expo:start:server:metro:router Using app as the root directory for Expo Router.
2025-10-18T14:47:59.017Z expo:start:server:middleware:manifest Resolved entry point: index.ts (project root: /expo-project)
2025-10-18T14:47:59.017Z expo:start:server:metro:router Using app as the root directory for Expo Router.
2025-10-18T14:48:00.849Z expo:start:server:metro:metroWatchTypeScriptFiles Detected TypeScript file changed in the project:  /expo-project/utils/database.ts
2025-10-18T14:48:01.117Z expo:start:server:middleware:manifest Resolved entry point: index.ts (project root: /expo-project)
2025-10-18T14:48:01.117Z expo:start:server:metro:router Using app as the root directory for Expo Router.
2025-10-18T14:48:03.219Z expo:start:server:middleware:manifest Resolved entry point: index.ts (project root: /expo-project)
2025-10-18T14:48:03.219Z expo:start:server:metro:router Using app as the root directory for Expo Router.
2025-10-18T14:48:05.322Z expo:start:server:middleware:manifest Resolved entry point: index.ts (project root: /expo-project)
2025-10-18T14:48:05.328Z expo:start:server:metro:router Using app as the root directory for Expo Router.
2025-10-18T14:48:07.424Z expo:start:server:middleware:manifest Resolved entry point: index.ts (project root: /expo-project)
2025-10-18T14:48:07.425Z expo:start:server:metro:router Using app as the root directory for Expo Router.
2025-10-18T14:48:08.966Z expo:start:server:metro:metroWatchTypeScriptFiles Detected TypeScript file changed in the project:  /expo-project/utils/database.ts
2025-10-18T14:48:09.526Z expo:start:server:middleware:manifest Resolved entry point: index.ts (project root: /expo-project)
2025-10-18T14:48:09.529Z expo:start:server:metro:router Using app as the root directory for Expo Router.
2025-10-18T14:48:11.772Z expo:start:server:middleware:manifest Resolved entry point: index.ts (project root: /expo-project)
2025-10-18T14:48:11.772Z expo:start:server:metro:router Using app as the root directory for Expo Router.
2025-10-18T14:48:13.879Z expo:start:server:middleware:manifest Resolved entry point: index.ts (project root: /expo-project)
2025-10-18T14:48:13.879Z expo:start:server:metro:router Using app as the root directory for Expo Router.
2025-10-18T14:48:15.981Z expo:start:server:middleware:manifest Resolved entry point: index.ts (project root: /expo-project)
2025-10-18T14:48:15.981Z expo:start:server:metro:router Using app as the root directory for Expo Router.
2025-10-18T14:48:18.094Z expo:start:server:middleware:manifest Resolved entry point: index.ts (project root: /expo-project)
2025-10-18T14:48:18.094Z expo:start:server:metro:router Using app as the root directory for Expo Router.
2025-10-18T14:48:20.202Z expo:start:server:middleware:manifest Resolved entry point: index.ts (project root: /expo-project)
2025-10-18T14:48:20.202Z expo:start:server:metro:router Using app as the root directory for Expo Router.
2025-10-18T14:48:22.309Z expo:start:server:middleware:manifest Resolved entry point: index.ts (project root: /expo-project)
2025-10-18T14:48:22.309Z expo:start:server:metro:router Using app as the root directory for Expo Router.
› Detected a change in metro.config.js. Restart the server to see the new results.
2025-10-18T14:48:24.419Z expo:start:server:middleware:manifest Resolved entry point: index.ts (project root: /expo-project)
2025-10-18T14:48:24.419Z expo:start:server:metro:router Using app as the root directory for Expo Router.
2025-10-18T14:48:26.523Z expo:start:server:middleware:manifest Resolved entry point: index.ts (project root: /expo-project)
2025-10-18T14:48:26.523Z expo:start:server:metro:router Using app as the root directory for Expo Router.
2025-10-18T14:48:28.626Z expo:start:server:middleware:manifest Resolved entry point: index.ts (project root: /expo-project)
2025-10-18T14:48:28.627Z expo:start:server:metro:router Using app as the root directory for Expo Router.
2025-10-18T14:48:30.735Z expo:start:server:middleware:manifest Resolved entry point: index.ts (project root: /expo-project)
2025-10-18T14:48:30.735Z expo:start:server:metro:router Using app as the root directory for Expo Router.
2025-10-18T14:48:32.834Z expo:start:server:middleware:manifest Resolved entry point: index.ts (project root: /expo-project)
2025-10-18T14:48:32.835Z expo:start:server:metro:router Using app as the root directory for Expo Router.
2025-10-18T14:48:34.934Z expo:start:server:middleware:manifest Resolved entry point: index.ts (project root: /expo-project)
2025-10-18T14:48:34.935Z expo:start:server:metro:router Using app as the root directory for Expo Router.
2025-10-18T14:48:37.041Z expo:start:server:middleware:manifest Resolved entry point: index.ts (project root: /expo-project)
2025-10-18T14:48:37.041Z expo:start:server:metro:router Using app as the root directory for Expo Router.
› Detected a change in metro.config.js. Restart the server to see the new results.
2025-10-18T14:48:39.123Z expo:start:server:middleware:manifest Resolved entry point: index.ts (project root: /expo-project)
2025-10-18T14:48:39.123Z expo:start:server:metro:router Using app as the root directory for Expo Router.
2025-10-18T14:48:41.255Z expo:start:server:middleware:manifest Resolved entry point: index.ts (project root: /expo-project)
2025-10-18T14:48:41.256Z expo:start:server:metro:router Using app as the root directory for Expo Router.
2025-10-18T14:48:43.361Z expo:start:server:middleware:manifest Resolved entry point: index.ts (project root: /expo-project)
2025-10-18T14:48:43.361Z expo:start:server:metro:router Using app as the root directory for Expo Router.
2025-10-18T14:48:45.450Z expo:start:server:middleware:manifest Resolved entry point: index.ts (project root: /expo-project)
2025-10-18T14:48:45.450Z expo:start:server:metro:router Using app as the root directory for Expo Router.
2025-10-18T14:48:47.559Z expo:start:server:middleware:manifest Resolved entry point: index.ts (project root: /expo-project)
2025-10-18T14:48:47.559Z expo:start:server:metro:router Using app as the root directory for Expo Router.
2025-10-18T14:48:49.658Z expo:start:server:middleware:manifest Resolved entry point: index.ts (project root: /expo-project)
2025-10-18T14:48:49.658Z expo:start:server:metro:router Using app as the root directory for Expo Router.
2025-10-18T14:48:51.763Z expo:start:server:middleware:manifest Resolved entry point: index.ts (project root: /expo-project)
2025-10-18T14:48:51.763Z expo:start:server:metro:router Using app as the root directory for Expo Router.
2025-10-18T14:48:53.889Z expo:start:server:middleware:manifest Resolved entry point: index.ts (project root: /expo-project)
2025-10-18T14:48:53.889Z expo:start:server:metro:router Using app as the root directory for Expo Router.
2025-10-18T14:48:54.137Z expo:start:server:middleware:manifest Resolved entry point: index.ts (project root: /expo-project)
2025-10-18T14:48:54.137Z expo:start:server:metro:router Using app as the root directory for Expo Router.
Web ./index.ts ░░░░░░░░░░░░░░░░  0.0% (0/1)
2025-10-18T14:48:54.331Z expo:metro-config:serializer:env-var Injecting environment variables in virtual module.
Web Bundled 66ms index.ts (1 module)
2025-10-18T14:48:55.991Z expo:start:server:middleware:manifest Resolved entry point: index.ts (project root: /expo-project)
2025-10-18T14:48:55.991Z expo:start:server:metro:router Using app as the root directory for Expo Router.
 LOG  [web] Logs will appear in the browser console
2025-10-18T14:48:58.095Z expo:start:server:middleware:manifest Resolved entry point: index.ts (project root: /expo-project)
2025-10-18T14:48:58.098Z expo:start:server:metro:router Using app as the root directory for Expo Router.
2025-10-18T14:49:00.203Z expo:start:server:middleware:manifest Resolved entry point: index.ts (project root: /expo-project)
2025-10-18T14:49:00.203Z expo:start:server:metro:router Using app as the root directory for Expo Router.
2025-10-18T14:49:02.304Z expo:start:server:middleware:manifest Resolved entry point: index.ts (project root: /expo-project)
2025-10-18T14:49:02.304Z expo:start:server:metro:router Using app as the root directory for Expo Router.
2025-10-18T14:49:04.419Z expo:start:server:middleware:manifest Resolved entry point: index.ts (project root: /expo-project)
2025-10-18T14:49:04.419Z expo:start:server:metro:router Using app as the root directory for Expo Router.
2025-10-18T14:49:06.529Z expo:start:server:middleware:manifest Resolved entry point: index.ts (project root: /expo-project)
2025-10-18T14:49:06.530Z expo:start:server:metro:router Using app as the root directory for Expo Router.
2025-10-18T14:49:08.622Z expo:start:server:middleware:manifest Resolved entry point: index.ts (project root: /expo-project)
2025-10-18T14:49:08.623Z expo:start:server:metro:router Using app as the root directory for Expo Router.
2025-10-18T14:49:10.730Z expo:start:server:middleware:manifest Resolved entry point: index.ts (project root: /expo-project)
2025-10-18T14:49:10.731Z expo:start:server:metro:router Using app as the root directory for Expo Router.
2025-10-18T14:49:12.836Z expo:start:server:middleware:manifest Resolved entry point: index.ts (project root: /expo-project)
2025-10-18T14:49:12.836Z expo:start:server:metro:router Using app as the root directory for Expo Router.
2025-10-18T14:49:14.944Z expo:start:server:middleware:manifest Resolved entry point: index.ts (project root: /expo-project)
2025-10-18T14:49:14.944Z expo:start:server:metro:router Using app as the root directory for Expo Router.
2025-10-18T14:49:17.046Z expo:start:server:middleware:manifest Resolved entry point: index.ts (project root: /expo-project)
2025-10-18T14:49:17.047Z expo:start:server:metro:router Using app as the root directory for Expo Router.
2025-10-18T14:49:19.150Z expo:start:server:middleware:manifest Resolved entry point: index.ts (project root: /expo-project)
2025-10-18T14:49:19.151Z expo:start:server:metro:router Using app as the root directory for Expo Router.
2025-10-18T14:49:21.253Z expo:start:server:middleware:manifest Resolved entry point: index.ts (project root: /expo-project)
2025-10-18T14:49:21.253Z expo:start:server:metro:router Using app as the root directory for Expo Router.
2025-10-18T14:49:23.358Z expo:start:server:middleware:manifest Resolved entry point: index.ts (project root: /expo-project)
2025-10-18T14:49:23.358Z expo:start:server:metro:router Using app as the root directory for Expo Router.
2025-10-18T14:49:25.464Z expo:start:server:middleware:manifest Resolved entry point: index.ts (project root: /expo-project)
2025-10-18T14:49:25.465Z expo:start:server:metro:router Using app as the root directory for Expo Router.
2025-10-18T14:49:27.548Z expo:start:server:middleware:manifest Resolved entry point: index.ts (project root: /expo-project)
2025-10-18T14:49:27.548Z expo:start:server:metro:router Using app as the root directory for Expo Router.
2025-10-18T14:49:29.652Z expo:start:server:middleware:manifest Resolved entry point: index.ts (project root: /expo-project)
2025-10-18T14:49:29.652Z expo:start:server:metro:router Using app as the root directory for Expo Router.
2025-10-18T14:49:31.758Z expo:start:server:middleware:manifest Resolved entry point: index.ts (project root: /expo-project)
2025-10-18T14:49:31.758Z expo:start:server:metro:router Using app as the root directory for Expo Router.
2025-10-18T14:49:33.842Z expo:start:server:middleware:manifest Resolved entry point: index.ts (project root: /expo-project)
2025-10-18T14:49:33.843Z expo:start:server:metro:router Using app as the root directory for Expo Router.
2025-10-18T14:49:35.941Z expo:start:server:middleware:manifest Resolved entry point: index.ts (project root: /expo-project)
2025-10-18T14:49:35.942Z expo:start:server:metro:router Using app as the root directory for Expo Router.
2025-10-18T14:49:38.057Z expo:start:server:middleware:manifest Resolved entry point: index.ts (project root: /expo-project)
2025-10-18T14:49:38.057Z expo:start:server:metro:router Using app as the root directory for Expo Router.
2025-10-18T14:49:40.209Z expo:start:server:middleware:manifest Resolved entry point: index.ts (project root: /expo-project)
2025-10-18T14:49:40.209Z expo:start:server:metro:router Using app as the root directory for Expo Router.
2025-10-18T14:49:42.315Z expo:start:server:middleware:manifest Resolved entry point: index.ts (project root: /expo-project)
2025-10-18T14:49:42.315Z expo:start:server:metro:router Using app as the root directory for Expo Router.
2025-10-18T14:49:44.417Z expo:start:server:middleware:manifest Resolved entry point: index.ts (project root: /expo-project)
2025-10-18T14:49:44.417Z expo:start:server:metro:router Using app as the root directory for Expo Router.
2025-10-18T14:49:46.523Z expo:start:server:middleware:manifest Resolved entry point: index.ts (project root: /expo-project)
2025-10-18T14:49:46.523Z expo:start:server:metro:router Using app as the root directory for Expo Router.
2025-10-18T14:49:48.622Z expo:start:server:middleware:manifest Resolved entry point: index.ts (project root: /expo-project)
2025-10-18T14:49:48.622Z expo:start:server:metro:router Using app as the root directory for Expo Router.
2025-10-18T14:49:50.728Z expo:start:server:middleware:manifest Resolved entry point: index.ts (project root: /expo-project)
2025-10-18T14:49:50.728Z expo:start:server:metro:router Using app as the root directory for Expo Router.
2025-10-18T14:49:52.822Z expo:start:server:middleware:manifest Resolved entry point: index.ts (project root: /expo-project)
2025-10-18T14:49:52.823Z expo:start:server:metro:router Using app as the root directory for Expo Router.
2025-10-18T14:49:54.923Z expo:start:server:middleware:manifest Resolved entry point: index.ts (project root: /expo-project)
2025-10-18T14:49:54.923Z expo:start:server:metro:router Using app as the root directory for Expo Router.
2025-10-18T14:49:57.011Z expo:start:server:middleware:manifest Resolved entry point: index.ts (project root: /expo-project)
2025-10-18T14:49:57.011Z expo:start:server:metro:router Using app as the root directory for Expo Router.
2025-10-18T14:49:59.115Z expo:start:server:middleware:manifest Resolved entry point: index.ts (project root: /expo-project)
2025-10-18T14:49:59.115Z expo:start:server:metro:router Using app as the root directory for Expo Router.
2025-10-18T14:50:01.198Z expo:start:server:middleware:manifest Resolved entry point: index.ts (project root: /expo-project)
2025-10-18T14:50:01.199Z expo:start:server:metro:router Using app as the root directory for Expo Router.
2025-10-18T14:50:03.302Z expo:start:server:middleware:manifest Resolved entry point: index.ts (project root: /expo-project)
2025-10-18T14:50:03.302Z expo:start:server:metro:router Using app as the root directory for Expo Router.
2025-10-18T14:50:05.384Z expo:start:server:middleware:manifest Resolved entry point: index.ts (project root: /expo-project)
2025-10-18T14:50:05.384Z expo:start:server:metro:router Using app as the root directory for Expo Router.
2025-10-18T14:50:07.486Z expo:start:server:middleware:manifest Resolved entry point: index.ts (project root: /expo-project)
2025-10-18T14:50:07.486Z expo:start:server:metro:router Using app as the root directory for Expo Router.
2025-10-18T14:50:09.573Z expo:start:server:middleware:manifest Resolved entry point: index.ts (project root: /expo-project)
2025-10-18T14:50:09.573Z expo:start:server:metro:router Using app as the root directory for Expo Router.
2025-10-18T14:50:11.680Z expo:start:server:middleware:manifest Resolved entry point: index.ts (project root: /expo-project)
2025-10-18T14:50:11.680Z expo:start:server:metro:router Using app as the root directory for Expo Router.
2025-10-18T14:50:13.784Z expo:start:server:middleware:manifest Resolved entry point: index.ts (project root: /expo-project)
2025-10-18T14:50:13.784Z expo:start:server:metro:router Using app as the root directory for Expo Router.
2025-10-18T14:50:15.911Z expo:start:server:middleware:manifest Resolved entry point: index.ts (project root: /expo-project)
2025-10-18T14:50:15.911Z expo:start:server:metro:router Using app as the root directory for Expo Router.
2025-10-18T14:50:18.012Z expo:start:server:middleware:manifest Resolved entry point: index.ts (project root: /expo-project)
2025-10-18T14:50:18.012Z expo:start:server:metro:router Using app as the root directory for Expo Router.
2025-10-18T14:50:20.107Z expo:start:server:middleware:manifest Resolved entry point: index.ts (project root: /expo-project)
2025-10-18T14:50:20.107Z expo:start:server:metro:router Using app as the root directory for Expo Router.
2025-10-18T14:50:22.209Z expo:start:server:middleware:manifest Resolved entry point: index.ts (project root: /expo-project)
2025-10-18T14:50:22.214Z expo:start:server:metro:router Using app as the root directory for Expo Router.
2025-10-18T14:50:24.309Z expo:start:server:middleware:manifest Resolved entry point: index.ts (project root: /expo-project)
2025-10-18T14:50:24.309Z expo:start:server:metro:router Using app as the root directory for Expo Router.
2025-10-18T14:50:26.406Z expo:start:server:middleware:manifest Resolved entry point: index.ts (project root: /expo-project)
2025-10-18T14:50:26.407Z expo:start:server:metro:router Using app as the root directory for Expo Router.
2025-10-18T14:50:28.508Z expo:start:server:middleware:manifest Resolved entry point: index.ts (project root: /expo-project)
2025-10-18T14:50:28.508Z expo:start:server:metro:router Using app as the root directory for Expo Router.
2025-10-18T14:50:30.619Z expo:start:server:middleware:manifest Resolved entry point: index.ts (project root: /expo-project)
2025-10-18T14:50:30.619Z expo:start:server:metro:router Using app as the root directory for Expo Router.
2025-10-18T14:50:32.710Z expo:start:server:middleware:manifest Resolved entry point: index.ts (project root: /expo-project)
2025-10-18T14:50:32.710Z expo:start:server:metro:router Using app as the root directory for Expo Router.
2025-10-18T14:50:34.815Z expo:start:server:middleware:manifest Resolved entry point: index.ts (project root: /expo-project)
2025-10-18T14:50:34.815Z expo:start:server:metro:router Using app as the root directory for Expo Router.
2025-10-18T14:50:36.915Z expo:start:server:middleware:manifest Resolved entry point: index.ts (project root: /expo-project)
2025-10-18T14:50:36.916Z expo:start:server:metro:router Using app as the root directory for Expo Router.
2025-10-18T14:50:39.017Z expo:start:server:middleware:manifest Resolved entry point: index.ts (project root: /expo-project)
2025-10-18T14:50:39.017Z expo:start:server:metro:router Using app as the root directory for Expo Router.
2025-10-18T14:50:41.120Z expo:start:server:middleware:manifest Resolved entry point: index.ts (project root: /expo-project)
2025-10-18T14:50:41.121Z expo:start:server:metro:router Using app as the root directory for Expo Router.
2025-10-18T14:50:43.231Z expo:start:server:middleware:manifest Resolved entry point: index.ts (project root: /expo-project)
2025-10-18T14:50:43.231Z expo:start:server:metro:router Using app as the root directory for Expo Router.
2025-10-18T14:50:45.346Z expo:start:server:middleware:manifest Resolved entry point: index.ts (project root: /expo-project)
2025-10-18T14:50:45.347Z expo:start:server:metro:router Using app as the root directory for Expo Router.
2025-10-18T14:50:47.478Z expo:start:server:middleware:manifest Resolved entry point: index.ts (project root: /expo-project)
2025-10-18T14:50:47.481Z expo:start:server:metro:router Using app as the root directory for Expo Router.
2025-10-18T14:50:49.601Z expo:start:server:middleware:manifest Resolved entry point: index.ts (project root: /expo-project)
2025-10-18T14:50:49.601Z expo:start:server:metro:router Using app as the root directory for Expo Router.
2025-10-18T14:50:51.716Z expo:start:server:middleware:manifest Resolved entry point: index.ts (project root: /expo-project)
2025-10-18T14:50:51.716Z expo:start:server:metro:router Using app as the root directory for Expo Router.
2025-10-18T14:50:53.821Z expo:start:server:middleware:manifest Resolved entry point: index.ts (project root: /expo-project)
2025-10-18T14:50:53.822Z expo:start:server:metro:router Using app as the root directory for Expo Router.
2025-10-18T14:50:55.942Z expo:start:server:middleware:manifest Resolved entry point: index.ts (project root: /expo-project)
2025-10-18T14:50:55.942Z expo:start:server:metro:router Using app as the root directory for Expo Router.
2025-10-18T14:50:58.049Z expo:start:server:middleware:manifest Resolved entry point: index.ts (project root: /expo-project)
2025-10-18T14:50:58.049Z expo:start:server:metro:router Using app as the root directory for Expo Router.
2025-10-18T14:51:00.156Z expo:start:server:middleware:manifest Resolved entry point: index.ts (project root: /expo-project)
2025-10-18T14:51:00.156Z expo:start:server:metro:router Using app as the root directory for Expo Router.
2025-10-18T14:51:02.262Z expo:start:server:middleware:manifest Resolved entry point: index.ts (project root: /expo-project)
2025-10-18T14:51:02.262Z expo:start:server:metro:router Using app as the root directory for Expo Router.
2025-10-18T14:51:04.350Z expo:start:server:middleware:manifest Resolved entry point: index.ts (project root: /expo-project)
2025-10-18T14:51:04.350Z expo:start:server:metro:router Using app as the root directory for Expo Router.
2025-10-18T14:51:06.454Z expo:start:server:middleware:manifest Resolved entry point: index.ts (project root: /expo-project)
2025-10-18T14:51:06.454Z expo:start:server:metro:router Using app as the root directory for Expo Router.
2025-10-18T14:51:08.558Z expo:start:server:middleware:manifest Resolved entry point: index.ts (project root: /expo-project)
2025-10-18T14:51:08.558Z expo:start:server:metro:router Using app as the root directory for Expo Router.
2025-10-18T14:51:10.663Z expo:start:server:middleware:manifest Resolved entry point: index.ts (project root: /expo-project)
2025-10-18T14:51:10.663Z expo:start:server:metro:router Using app as the root directory for Expo Router.
2025-10-18T14:51:12.763Z expo:start:server:middleware:manifest Resolved entry point: index.ts (project root: /expo-project)
2025-10-18T14:51:12.763Z expo:start:server:metro:router Using app as the root directory for Expo Router.
2025-10-18T14:51:14.851Z expo:start:server:middleware:manifest Resolved entry point: index.ts (project root: /expo-project)
2025-10-18T14:51:14.851Z expo:start:server:metro:router Using app as the root directory for Expo Router.
2025-10-18T14:51:16.960Z expo:start:server:middleware:manifest Resolved entry point: index.ts (project root: /expo-project)
2025-10-18T14:51:16.960Z expo:start:server:metro:router Using app as the root directory for Expo Router.
2025-10-18T14:51:19.069Z expo:start:server:middleware:manifest Resolved entry point: index.ts (project root: /expo-project)
2025-10-18T14:51:19.069Z expo:start:server:metro:router Using app as the root directory for Expo Router.
2025-10-18T14:51:21.186Z expo:start:server:middleware:manifest Resolved entry point: index.ts (project root: /expo-project)
2025-10-18T14:51:21.186Z expo:start:server:metro:router Using app as the root directory for Expo Router.
2025-10-18T14:51:23.273Z expo:start:server:middleware:manifest Resolved entry point: index.ts (project root: /expo-project)
2025-10-18T14:51:23.273Z expo:start:server:metro:router Using app as the root directory for Expo Router.
2025-10-18T14:51:25.379Z expo:start:server:middleware:manifest Resolved entry point: index.ts (project root: /expo-project)
2025-10-18T14:51:25.379Z expo:start:server:metro:router Using app as the root directory for Expo Router.
2025-10-18T14:51:27.480Z expo:start:server:middleware:manifest Resolved entry point: index.ts (project root: /expo-project)
2025-10-18T14:51:27.482Z expo:start:server:metro:router Using app as the root directory for Expo Router.
2025-10-18T14:51:29.592Z expo:start:server:middleware:manifest Resolved entry point: index.ts (project root: /expo-project)
2025-10-18T14:51:29.592Z expo:start:server:metro:router Using app as the root directory for Expo Router.
2025-10-18T14:51:31.692Z expo:start:server:middleware:manifest Resolved entry point: index.ts (project root: /expo-project)
2025-10-18T14:51:31.692Z expo:start:server:metro:router Using app as the root directory for Expo Router.
2025-10-18T14:51:33.782Z expo:start:server:middleware:manifest Resolved entry point: index.ts (project root: /expo-project)
2025-10-18T14:51:33.783Z expo:start:server:metro:router Using app as the root directory for Expo Router.
2025-10-18T14:51:35.874Z expo:start:server:middleware:manifest Resolved entry point: index.ts (project root: /expo-project)
2025-10-18T14:51:35.874Z expo:start:server:metro:router Using app as the root directory for Expo Router.
2025-10-18T14:51:37.971Z expo:start:server:middleware:manifest Resolved entry point: index.ts (project root: /expo-project)
2025-10-18T14:51:37.971Z expo:start:server:metro:router Using app as the root directory for Expo Router.
2025-10-18T14:51:40.066Z expo:start:server:middleware:manifest Resolved entry point: index.ts (project root: /expo-project)
2025-10-18T14:51:40.067Z expo:start:server:metro:router Using app as the root directory for Expo Router.
2025-10-18T14:51:42.163Z expo:start:server:middleware:manifest Resolved entry point: index.ts (project root: /expo-project)
2025-10-18T14:51:42.163Z expo:start:server:metro:router Using app as the root directory for Expo Router.
2025-10-18T14:51:44.248Z expo:start:server:middleware:manifest Resolved entry point: index.ts (project root: /expo-project)
2025-10-18T14:51:44.248Z expo:start:server:metro:router Using app as the root directory for Expo Router.
2025-10-18T14:51:46.350Z expo:start:server:middleware:manifest Resolved entry point: index.ts (project root: /expo-project)
2025-10-18T14:51:46.350Z expo:start:server:metro:router Using app as the root directory for Expo Router.
2025-10-18T14:51:48.456Z expo:start:server:middleware:manifest Resolved entry point: index.ts (project root: /expo-project)
2025-10-18T14:51:48.456Z expo:start:server:metro:router Using app as the root directory for Expo Router.
2025-10-18T14:51:50.560Z expo:start:server:middleware:manifest Resolved entry point: index.ts (project root: /expo-project)
2025-10-18T14:51:50.560Z expo:start:server:metro:router Using app as the root directory for Expo Router.
2025-10-18T14:51:52.665Z expo:start:server:middleware:manifest Resolved entry point: index.ts (project root: /expo-project)
2025-10-18T14:51:52.665Z expo:start:server:metro:router Using app as the root directory for Expo Router.
2025-10-18T14:51:54.764Z expo:start:server:middleware:manifest Resolved entry point: index.ts (project root: /expo-project)
2025-10-18T14:51:54.764Z expo:start:server:metro:router Using app as the root directory for Expo Router.
2025-10-18T14:51:56.851Z expo:start:server:middleware:manifest Resolved entry point: index.ts (project root: /expo-project)
2025-10-18T14:51:56.851Z expo:start:server:metro:router Using app as the root directory for Expo Router.
2025-10-18T14:51:58.969Z expo:start:server:middleware:manifest Resolved entry point: index.ts (project root: /expo-project)
2025-10-18T14:51:58.969Z expo:start:server:metro:router Using app as the root directory for Expo Router.
2025-10-18T14:52:01.076Z expo:start:server:middleware:manifest Resolved entry point: index.ts (project root: /expo-project)
2025-10-18T14:52:01.076Z expo:start:server:metro:router Using app as the root directory for Expo Router.
2025-10-18T14:52:03.159Z expo:start:server:middleware:manifest Resolved entry point: index.ts (project root: /expo-project)
2025-10-18T14:52:03.159Z expo:start:server:metro:router Using app as the root directory for Expo Router.
2025-10-18T14:52:05.260Z expo:start:server:middleware:manifest Resolved entry point: index.ts (project root: /expo-project)
2025-10-18T14:52:05.260Z expo:start:server:metro:router Using app as the root directory for Expo Router.
2025-10-18T14:52:07.365Z expo:start:server:middleware:manifest Resolved entry point: index.ts (project root: /expo-project)
2025-10-18T14:52:07.365Z expo:start:server:metro:router Using app as the root directory for Expo Router.
2025-10-18T14:52:09.468Z expo:start:server:middleware:manifest Resolved entry point: index.ts (project root: /expo-project)
2025-10-18T14:52:09.468Z expo:start:server:metro:router Using app as the root directory for Expo Router.
2025-10-18T14:52:11.579Z expo:start:server:middleware:manifest Resolved entry point: index.ts (project root: /expo-project)
2025-10-18T14:52:11.579Z expo:start:server:metro:router Using app as the root directory for Expo Router.
2025-10-18T14:52:13.687Z expo:start:server:middleware:manifest Resolved entry point: index.ts (project root: /expo-project)
2025-10-18T14:52:13.687Z expo:start:server:metro:router Using app as the root directory for Expo Router.
2025-10-18T14:52:15.776Z expo:start:server:middleware:manifest Resolved entry point: index.ts (project root: /expo-project)
2025-10-18T14:52:15.776Z expo:start:server:metro:router Using app as the root directory for Expo Router.
2025-10-18T14:52:17.894Z expo:start:server:middleware:manifest Resolved entry point: index.ts (project root: /expo-project)
2025-10-18T14:52:17.894Z expo:start:server:metro:router Using app as the root directory for Expo Router.
2025-10-18T14:52:20.018Z expo:start:server:middleware:manifest Resolved entry point: index.ts (project root: /expo-project)
2025-10-18T14:52:20.019Z expo:start:server:metro:router Using app as the root directory for Expo Router.
2025-10-18T14:52:22.107Z expo:start:server:middleware:manifest Resolved entry point: index.ts (project root: /expo-project)
2025-10-18T14:52:22.107Z expo:start:server:metro:router Using app as the root directory for Expo Router.
2025-10-18T14:52:24.221Z expo:start:server:middleware:manifest Resolved entry point: index.ts (project root: /expo-project)
2025-10-18T14:52:24.221Z expo:start:server:metro:router Using app as the root directory for Expo Router.
2025-10-18T14:52:26.326Z expo:start:server:middleware:manifest Resolved entry point: index.ts (project root: /expo-project)
2025-10-18T14:52:26.326Z expo:start:server:metro:router Using app as the root directory for Expo Router.
2025-10-18T14:52:28.435Z expo:start:server:middleware:manifest Resolved entry point: index.ts (project root: /expo-project)
2025-10-18T14:52:28.435Z expo:start:server:metro:router Using app as the root directory for Expo Router.
2025-10-18T14:52:30.536Z expo:start:server:middleware:manifest Resolved entry point: index.ts (project root: /expo-project)
2025-10-18T14:52:30.536Z expo:start:server:metro:router Using app as the root directory for Expo Router.
2025-10-18T14:52:32.616Z expo:start:server:middleware:manifest Resolved entry point: index.ts (project root: /expo-project)
2025-10-18T14:52:32.616Z expo:start:server:metro:router Using app as the root directory for Expo Router.
2025-10-18T14:52:34.699Z expo:start:server:middleware:manifest Resolved entry point: index.ts (project root: /expo-project)
2025-10-18T14:52:34.699Z expo:start:server:metro:router Using app as the root directory for Expo Router.
2025-10-18T14:52:36.801Z expo:start:server:middleware:manifest Resolved entry point: index.ts (project root: /expo-project)
2025-10-18T14:52:36.801Z expo:start:server:metro:router Using app as the root directory for Expo Router.
2025-10-18T14:52:38.906Z expo:start:server:middleware:manifest Resolved entry point: index.ts (project root: /expo-project)
2025-10-18T14:52:38.906Z expo:start:server:metro:router Using app as the root directory for Expo Router.
2025-10-18T14:52:40.991Z expo:start:server:middleware:manifest Resolved entry point: index.ts (project root: /expo-project)
2025-10-18T14:52:40.991Z expo:start:server:metro:router Using app as the root directory for Expo Router.
2025-10-18T14:52:43.093Z expo:start:server:middleware:manifest Resolved entry point: index.ts (project root: /expo-project)
2025-10-18T14:52:43.093Z expo:start:server:metro:router Using app as the root directory for Expo Router.
2025-10-18T14:52:45.222Z expo:start:server:middleware:manifest Resolved entry point: index.ts (project root: /expo-project)
2025-10-18T14:52:45.222Z expo:start:server:metro:router Using app as the root directory for Expo Router.
2025-10-18T14:52:47.332Z expo:start:server:middleware:manifest Resolved entry point: index.ts (project root: /expo-project)
2025-10-18T14:52:47.332Z expo:start:server:metro:router Using app as the root directory for Expo Router.
2025-10-18T14:52:49.436Z expo:start:server:middleware:manifest Resolved entry point: index.ts (project root: /expo-project)
2025-10-18T14:52:49.436Z expo:start:server:metro:router Using app as the root directory for Expo Router.
2025-10-18T14:52:51.534Z expo:start:server:middleware:manifest Resolved entry point: index.ts (project root: /expo-project)
2025-10-18T14:52:51.534Z expo:start:server:metro:router Using app as the root directory for Expo Router.
2025-10-18T14:52:53.637Z expo:start:server:middleware:manifest Resolved entry point: index.ts (project root: /expo-project)
2025-10-18T14:52:53.638Z expo:start:server:metro:router Using app as the root directory for Expo Router.
2025-10-18T14:52:55.733Z expo:start:server:middleware:manifest Resolved entry point: index.ts (project root: /expo-project)
2025-10-18T14:52:55.733Z expo:start:server:metro:router Using app as the root directory for Expo Router.
2025-10-18T14:52:57.842Z expo:start:server:middleware:manifest Resolved entry point: index.ts (project root: /expo-project)
2025-10-18T14:52:57.842Z expo:start:server:metro:router Using app as the root directory for Expo Router.
2025-10-18T14:52:59.942Z expo:start:server:middleware:manifest Resolved entry point: index.ts (project root: /expo-project)
2025-10-18T14:52:59.942Z expo:start:server:metro:router Using app as the root directory for Expo Router.
2025-10-18T14:53:02.046Z expo:start:server:middleware:manifest Resolved entry point: index.ts (project root: /expo-project)
2025-10-18T14:53:02.046Z expo:start:server:metro:router Using app as the root directory for Expo Router.
2025-10-18T14:53:04.132Z expo:start:server:middleware:manifest Resolved entry point: index.ts (project root: /expo-project)
2025-10-18T14:53:04.132Z expo:start:server:metro:router Using app as the root directory for Expo Router.
2025-10-18T14:53:06.223Z expo:start:server:middleware:manifest Resolved entry point: index.ts (project root: /expo-project)
2025-10-18T14:53:06.223Z expo:start:server:metro:router Using app as the root directory for Expo Router.
2025-10-18T14:53:08.336Z expo:start:server:middleware:manifest Resolved entry point: index.ts (project root: /expo-project)
2025-10-18T14:53:08.337Z expo:start:server:metro:router Using app as the root directory for Expo Router.
2025-10-18T14:53:10.446Z expo:start:server:middleware:manifest Resolved entry point: index.ts (project root: /expo-project)
2025-10-18T14:53:10.447Z expo:start:server:metro:router Using app as the root directory for Expo Router.
2025-10-18T14:53:12.549Z expo:start:server:middleware:manifest Resolved entry point: index.ts (project root: /expo-project)
2025-10-18T14:53:12.549Z expo:start:server:metro:router Using app as the root directory for Expo Router.
2025-10-18T14:53:14.655Z expo:start:server:middleware:manifest Resolved entry point: index.ts (project root: /expo-project)
2025-10-18T14:53:14.655Z expo:start:server:metro:router Using app as the root directory for Expo Router.
2025-10-18T14:53:16.751Z expo:start:server:middleware:manifest Resolved entry point: index.ts (project root: /expo-project)
2025-10-18T14:53:16.752Z expo:start:server:metro:router Using app as the root directory for Expo Router.
2025-10-18T14:53:18.872Z expo:start:server:middleware:manifest Resolved entry point: index.ts (project root: /expo-project)
2025-10-18T14:53:18.872Z expo:start:server:metro:router Using app as the root directory for Expo Router.
2025-10-18T14:53:20.970Z expo:start:server:middleware:manifest Resolved entry point: index.ts (project root: /expo-project)
2025-10-18T14:53:20.970Z expo:start:server:metro:router Using app as the root directory for Expo Router.
2025-10-18T14:53:23.072Z expo:start:server:middleware:manifest Resolved entry point: index.ts (project root: /expo-project)
2025-10-18T14:53:23.072Z expo:start:server:metro:router Using app as the root directory for Expo Router.
2025-10-18T14:53:25.176Z expo:start:server:middleware:manifest Resolved entry point: index.ts (project root: /expo-project)
2025-10-18T14:53:25.176Z expo:start:server:metro:router Using app as the root directory for Expo Router.
2025-10-18T14:53:27.276Z expo:start:server:middleware:manifest Resolved entry point: index.ts (project root: /expo-project)
2025-10-18T14:53:27.277Z expo:start:server:metro:router Using app as the root directory for Expo Router.
2025-10-18T14:53:29.380Z expo:start:server:middleware:manifest Resolved entry point: index.ts (project root: /expo-project)
2025-10-18T14:53:29.380Z expo:start:server:metro:router Using app as the root directory for Expo Router.
2025-10-18T14:53:31.484Z expo:start:server:middleware:manifest Resolved entry point: index.ts (project root: /expo-project)
2025-10-18T14:53:31.484Z expo:start:server:metro:router Using app as the root directory for Expo Router.
2025-10-18T14:53:33.574Z expo:start:server:middleware:manifest Resolved entry point: index.ts (project root: /expo-project)
2025-10-18T14:53:33.574Z expo:start:server:metro:router Using app as the root directory for Expo Router.
2025-10-18T14:53:35.675Z expo:start:server:middleware:manifest Resolved entry point: index.ts (project root: /expo-project)
2025-10-18T14:53:35.676Z expo:start:server:metro:router Using app as the root directory for Expo Router.
2025-10-18T14:53:37.781Z expo:start:server:middleware:manifest Resolved entry point: index.ts (project root: /expo-project)
2025-10-18T14:53:37.781Z expo:start:server:metro:router Using app as the root directory for Expo Router.
2025-10-18T14:53:39.887Z expo:start:server:middleware:manifest Resolved entry point: index.ts (project root: /expo-project)
2025-10-18T14:53:39.887Z expo:start:server:metro:router Using app as the root directory for Expo Router.
2025-10-18T14:53:41.990Z expo:start:server:middleware:manifest Resolved entry point: index.ts (project root: /expo-project)
2025-10-18T14:53:41.990Z expo:start:server:metro:router Using app as the root directory for Expo Router.
2025-10-18T14:53:44.103Z expo:start:server:middleware:manifest Resolved entry point: index.ts (project root: /expo-project)
2025-10-18T14:53:44.103Z expo:start:server:metro:router Using app as the root directory for Expo Router.
2025-10-18T14:53:46.204Z expo:start:server:middleware:manifest Resolved entry point: index.ts (project root: /expo-project)
2025-10-18T14:53:46.204Z expo:start:server:metro:router Using app as the root directory for Expo Router.
2025-10-18T14:53:48.304Z expo:start:server:middleware:manifest Resolved entry point: index.ts (project root: /expo-project)
2025-10-18T14:53:48.304Z expo:start:server:metro:router Using app as the root directory for Expo Router.
2025-10-18T14:53:50.408Z expo:start:server:middleware:manifest Resolved entry point: index.ts (project root: /expo-project)
2025-10-18T14:53:50.408Z expo:start:server:metro:router Using app as the root directory for Expo Router.
2025-10-18T14:53:52.511Z expo:start:server:middleware:manifest Resolved entry point: index.ts (project root: /expo-project)
2025-10-18T14:53:52.511Z expo:start:server:metro:router Using app as the root directory for Expo Router.
2025-10-18T14:53:54.616Z expo:start:server:middleware:manifest Resolved entry point: index.ts (project root: /expo-project)
2025-10-18T14:53:54.616Z expo:start:server:metro:router Using app as the root directory for Expo Router.
2025-10-18T14:53:56.701Z expo:start:server:middleware:manifest Resolved entry point: index.ts (project root: /expo-project)
2025-10-18T14:53:56.701Z expo:start:server:metro:router Using app as the root directory for Expo Router.
2025-10-18T14:53:58.807Z expo:start:server:middleware:manifest Resolved entry point: index.ts (project root: /expo-project)
2025-10-18T14:53:58.808Z expo:start:server:metro:router Using app as the root directory for Expo Router.
2025-10-18T14:54:00.919Z expo:start:server:middleware:manifest Resolved entry point: index.ts (project root: /expo-project)
2025-10-18T14:54:00.919Z expo:start:server:metro:router Using app as the root directory for Expo Router.
2025-10-18T14:54:03.022Z expo:start:server:middleware:manifest Resolved entry point: index.ts (project root: /expo-project)
2025-10-18T14:54:03.022Z expo:start:server:metro:router Using app as the root directory for Expo Router.
2025-10-18T14:54:05.104Z expo:start:server:middleware:manifest Resolved entry point: index.ts (project root: /expo-project)
2025-10-18T14:54:05.105Z expo:start:server:metro:router Using app as the root directory for Expo Router.
2025-10-18T14:54:07.217Z expo:start:server:middleware:manifest Resolved entry point: index.ts (project root: /expo-project)
2025-10-18T14:54:07.218Z expo:start:server:metro:router Using app as the root directory for Expo Router.
2025-10-18T14:54:09.324Z expo:start:server:middleware:manifest Resolved entry point: index.ts (project root: /expo-project)
2025-10-18T14:54:09.324Z expo:start:server:metro:router Using app as the root directory for Expo Router.
2025-10-18T14:54:11.430Z expo:start:server:middleware:manifest Resolved entry point: index.ts (project root: /expo-project)
2025-10-18T14:54:11.430Z expo:start:server:metro:router Using app as the root directory for Expo Router.
2025-10-18T14:54:13.533Z expo:start:server:middleware:manifest Resolved entry point: index.ts (project root: /expo-project)
2025-10-18T14:54:13.534Z expo:start:server:metro:router Using app as the root directory for Expo Router.
2025-10-18T14:54:15.632Z expo:start:server:middleware:manifest Resolved entry point: index.ts (project root: /expo-project)
2025-10-18T14:54:15.632Z expo:start:server:metro:router Using app as the root directory for Expo Router.
2025-10-18T14:54:17.734Z expo:start:server:middleware:manifest Resolved entry point: index.ts (project root: /expo-project)
2025-10-18T14:54:17.734Z expo:start:server:metro:router Using app as the root directory for Expo Router.
2025-10-18T14:54:19.833Z expo:start:server:middleware:manifest Resolved entry point: index.ts (project root: /expo-project)
2025-10-18T14:54:19.834Z expo:start:server:metro:router Using app as the root directory for Expo Router.
2025-10-18T14:54:21.936Z expo:start:server:middleware:manifest Resolved entry point: index.ts (project root: /expo-project)
2025-10-18T14:54:21.937Z expo:start:server:metro:router Using app as the root directory for Expo Router.
2025-10-18T14:54:24.030Z expo:start:server:middleware:manifest Resolved entry point: index.ts (project root: /expo-project)
2025-10-18T14:54:24.030Z expo:start:server:metro:router Using app as the root directory for Expo Router.
2025-10-18T14:54:26.115Z expo:start:server:middleware:manifest Resolved entry point: index.ts (project root: /expo-project)
2025-10-18T14:54:26.115Z expo:start:server:metro:router Using app as the root directory for Expo Router.
2025-10-18T14:54:28.229Z expo:start:server:middleware:manifest Resolved entry point: index.ts (project root: /expo-project)
2025-10-18T14:54:28.229Z expo:start:server:metro:router Using app as the root directory for Expo Router.
2025-10-18T14:54:30.335Z expo:start:server:middleware:manifest Resolved entry point: index.ts (project root: /expo-project)
2025-10-18T14:54:30.336Z expo:start:server:metro:router Using app as the root directory for Expo Router.
2025-10-18T14:54:32.441Z expo:start:server:middleware:manifest Resolved entry point: index.ts (project root: /expo-project)
2025-10-18T14:54:32.441Z expo:start:server:metro:router Using app as the root directory for Expo Router.
2025-10-18T14:54:34.544Z expo:start:server:middleware:manifest Resolved entry point: index.ts (project root: /expo-project)
2025-10-18T14:54:34.544Z expo:start:server:metro:router Using app as the root directory for Expo Router.
2025-10-18T14:54:36.643Z expo:start:server:middleware:manifest Resolved entry point: index.ts (project root: /expo-project)
2025-10-18T14:54:36.643Z expo:start:server:metro:router Using app as the root directory for Expo Router.
2025-10-18T14:54:38.745Z expo:start:server:middleware:manifest Resolved entry point: index.ts (project root: /expo-project)
2025-10-18T14:54:38.745Z expo:start:server:metro:router Using app as the root directory for Expo Router.
2025-10-18T14:54:40.853Z expo:start:server:middleware:manifest Resolved entry point: index.ts (project root: /expo-project)
2025-10-18T14:54:40.853Z expo:start:server:metro:router Using app as the root directory for Expo Router.
2025-10-18T14:54:42.963Z expo:start:server:middleware:manifest Resolved entry point: index.ts (project root: /expo-project)
2025-10-18T14:54:42.963Z expo:start:server:metro:router Using app as the root directory for Expo Router.
2025-10-18T14:54:45.065Z expo:start:server:middleware:manifest Resolved entry point: index.ts (project root: /expo-project)
2025-10-18T14:54:45.066Z expo:start:server:metro:router Using app as the root directory for Expo Router.
2025-10-18T14:54:47.173Z expo:start:server:middleware:manifest Resolved entry point: index.ts (project root: /expo-project)
2025-10-18T14:54:47.173Z expo:start:server:metro:router Using app as the root directory for Expo Router.
2025-10-18T14:54:49.273Z expo:start:server:middleware:manifest Resolved entry point: index.ts (project root: /expo-project)
2025-10-18T14:54:49.273Z expo:start:server:metro:router Using app as the root directory for Expo Router.
2025-10-18T14:54:51.374Z expo:start:server:middleware:manifest Resolved entry point: index.ts (project root: /expo-project)
2025-10-18T14:54:51.375Z expo:start:server:metro:router Using app as the root directory for Expo Router.
2025-10-18T14:54:53.473Z expo:start:server:middleware:manifest Resolved entry point: index.ts (project root: /expo-project)
2025-10-18T14:54:53.473Z expo:start:server:metro:router Using app as the root directory for Expo Router.
2025-10-18T14:54:55.574Z expo:start:server:middleware:manifest Resolved entry point: index.ts (project root: /expo-project)
2025-10-18T14:54:55.574Z expo:start:server:metro:router Using app as the root directory for Expo Router.
2025-10-18T14:54:57.690Z expo:start:server:middleware:manifest Resolved entry point: index.ts (project root: /expo-project)
2025-10-18T14:54:57.690Z expo:start:server:metro:router Using app as the root directory for Expo Router.
2025-10-18T14:54:59.791Z expo:start:server:middleware:manifest Resolved entry point: index.ts (project root: /expo-project)
2025-10-18T14:54:59.791Z expo:start:server:metro:router Using app as the root directory for Expo Router.
2025-10-18T14:55:01.892Z expo:start:server:middleware:manifest Resolved entry point: index.ts (project root: /expo-project)
2025-10-18T14:55:01.892Z expo:start:server:metro:router Using app as the root directory for Expo Router.
2025-10-18T14:55:03.995Z expo:start:server:middleware:manifest Resolved entry point: index.ts (project root: /expo-project)
2025-10-18T14:55:03.995Z expo:start:server:metro:router Using app as the root directory for Expo Router.
2025-10-18T14:55:06.098Z expo:start:server:middleware:manifest Resolved entry point: index.ts (project root: /expo-project)
2025-10-18T14:55:06.098Z expo:start:server:metro:router Using app as the root directory for Expo Router.
2025-10-18T14:55:08.190Z expo:start:server:middleware:manifest Resolved entry point: index.ts (project root: /expo-project)
2025-10-18T14:55:08.190Z expo:start:server:metro:router Using app as the root directory for Expo Router.
2025-10-18T14:55:10.297Z expo:start:server:middleware:manifest Resolved entry point: index.ts (project root: /expo-project)
2025-10-18T14:55:10.297Z expo:start:server:metro:router Using app as the root directory for Expo Router.
2025-10-18T14:55:12.405Z expo:start:server:middleware:manifest Resolved entry point: index.ts (project root: /expo-project)
2025-10-18T14:55:12.405Z expo:start:server:metro:router Using app as the root directory for Expo Router.
2025-10-18T14:55:14.500Z expo:start:server:middleware:manifest Resolved entry point: index.ts (project root: /expo-project)
2025-10-18T14:55:14.500Z expo:start:server:metro:router Using app as the root directory for Expo Router.
2025-10-18T14:55:16.588Z expo:start:server:middleware:manifest Resolved entry point: index.ts (project root: /expo-project)
2025-10-18T14:55:16.588Z expo:start:server:metro:router Using app as the root directory for Expo Router.
2025-10-18T14:55:18.692Z expo:start:server:middleware:manifest Resolved entry point: index.ts (project root: /expo-project)
2025-10-18T14:55:18.692Z expo:start:server:metro:router Using app as the root directory for Expo Router.
2025-10-18T14:55:20.794Z expo:start:server:middleware:manifest Resolved entry point: index.ts (project root: /expo-project)
2025-10-18T14:55:20.797Z expo:start:server:metro:router Using app as the root directory for Expo Router.
2025-10-18T14:55:22.895Z expo:start:server:middleware:manifest Resolved entry point: index.ts (project root: /expo-project)
2025-10-18T14:55:22.896Z expo:start:server:metro:router Using app as the root directory for Expo Router.
2025-10-18T14:55:24.996Z expo:start:server:middleware:manifest Resolved entry point: index.ts (project root: /expo-project)
2025-10-18T14:55:24.996Z expo:start:server:metro:router Using app as the root directory for Expo Router.
2025-10-18T14:55:27.109Z expo:start:server:middleware:manifest Resolved entry point: index.ts (project root: /expo-project)
2025-10-18T14:55:27.109Z expo:start:server:metro:router Using app as the root directory for Expo Router.
2025-10-18T14:55:29.213Z expo:start:server:middleware:manifest Resolved entry point: index.ts (project root: /expo-project)
2025-10-18T14:55:29.213Z expo:start:server:metro:router Using app as the root directory for Expo Router.
2025-10-18T14:55:31.312Z expo:start:server:middleware:manifest Resolved entry point: index.ts (project root: /expo-project)
2025-10-18T14:55:31.312Z expo:start:server:metro:router Using app as the root directory for Expo Router.
2025-10-18T14:55:33.413Z expo:start:server:middleware:manifest Resolved entry point: index.ts (project root: /expo-project)
2025-10-18T14:55:33.413Z expo:start:server:metro:router Using app as the root directory for Expo Router.
2025-10-18T14:55:35.510Z expo:start:server:middleware:manifest Resolved entry point: index.ts (project root: /expo-project)
2025-10-18T14:55:35.510Z expo:start:server:metro:router Using app as the root directory for Expo Router.
2025-10-18T14:55:37.614Z expo:start:server:middleware:manifest Resolved entry point: index.ts (project root: /expo-project)
2025-10-18T14:55:37.614Z expo:start:server:metro:router Using app as the root directory for Expo Router.
2025-10-18T14:55:39.701Z expo:start:server:middleware:manifest Resolved entry point: index.ts (project root: /expo-project)
2025-10-18T14:55:39.701Z expo:start:server:metro:router Using app as the root directory for Expo Router.
2025-10-18T14:55:41.808Z expo:start:server:middleware:manifest Resolved entry point: index.ts (project root: /expo-project)
2025-10-18T14:55:41.808Z expo:start:server:metro:router Using app as the root directory for Expo Router.
2025-10-18T14:55:43.921Z expo:start:server:middleware:manifest Resolved entry point: index.ts (project root: /expo-project)
2025-10-18T14:55:43.921Z expo:start:server:metro:router Using app as the root directory for Expo Router.
2025-10-18T14:55:46.030Z expo:start:server:middleware:manifest Resolved entry point: index.ts (project root: /expo-project)
2025-10-18T14:55:46.030Z expo:start:server:metro:router Using app as the root directory for Expo Router.
2025-10-18T14:55:48.135Z expo:start:server:middleware:manifest Resolved entry point: index.ts (project root: /expo-project)
2025-10-18T14:55:48.135Z expo:start:server:metro:router Using app as the root directory for Expo Router.
2025-10-18T14:55:50.237Z expo:start:server:middleware:manifest Resolved entry point: index.ts (project root: /expo-project)
2025-10-18T14:55:50.237Z expo:start:server:metro:router Using app as the root directory for Expo Router.
2025-10-18T14:55:52.325Z expo:start:server:middleware:manifest Resolved entry point: index.ts (project root: /expo-project)
2025-10-18T14:55:52.325Z expo:start:server:metro:router Using app as the root directory for Expo Router.
2025-10-18T14:55:54.429Z expo:start:server:middleware:manifest Resolved entry point: index.ts (project root: /expo-project)
2025-10-18T14:55:54.429Z expo:start:server:metro:router Using app as the root directory for Expo Router.
2025-10-18T14:55:56.530Z expo:start:server:middleware:manifest Resolved entry point: index.ts (project root: /expo-project)
2025-10-18T14:55:56.530Z expo:start:server:metro:router Using app as the root directory for Expo Router.
2025-10-18T14:55:58.634Z expo:start:server:middleware:manifest Resolved entry point: index.ts (project root: /expo-project)
2025-10-18T14:55:58.634Z expo:start:server:metro:router Using app as the root directory for Expo Router.
2025-10-18T14:56:00.742Z expo:start:server:middleware:manifest Resolved entry point: index.ts (project root: /expo-project)
2025-10-18T14:56:00.742Z expo:start:server:metro:router Using app as the root directory for Expo Router.
2025-10-18T14:56:02.846Z expo:start:server:middleware:manifest Resolved entry point: index.ts (project root: /expo-project)
2025-10-18T14:56:02.846Z expo:start:server:metro:router Using app as the root directory for Expo Router.
2025-10-18T14:56:04.958Z expo:start:server:middleware:manifest Resolved entry point: index.ts (project root: /expo-project)
2025-10-18T14:56:04.958Z expo:start:server:metro:router Using app as the root directory for Expo Router.
2025-10-18T14:56:07.060Z expo:start:server:middleware:manifest Resolved entry point: index.ts (project root: /expo-project)
2025-10-18T14:56:07.061Z expo:start:server:metro:router Using app as the root directory for Expo Router.
2025-10-18T14:56:09.162Z expo:start:server:middleware:manifest Resolved entry point: index.ts (project root: /expo-project)
2025-10-18T14:56:09.162Z expo:start:server:metro:router Using app as the root directory for Expo Router.
2025-10-18T14:56:11.261Z expo:start:server:middleware:manifest Resolved entry point: index.ts (project root: /expo-project)
2025-10-18T14:56:11.261Z expo:start:server:metro:router Using app as the root directory for Expo Router.
2025-10-18T14:56:13.366Z expo:start:server:middleware:manifest Resolved entry point: index.ts (project root: /expo-project)
2025-10-18T14:56:13.366Z expo:start:server:metro:router Using app as the root directory for Expo Router.
2025-10-18T14:56:15.468Z expo:start:server:middleware:manifest Resolved entry point: index.ts (project root: /expo-project)
2025-10-18T14:56:15.468Z expo:start:server:metro:router Using app as the root directory for Expo Router.
2025-10-18T14:56:17.567Z expo:start:server:middleware:manifest Resolved entry point: index.ts (project root: /expo-project)
2025-10-18T14:56:17.568Z expo:start:server:metro:router Using app as the root directory for Expo Router.
2025-10-18T14:56:19.668Z expo:start:server:middleware:manifest Resolved entry point: index.ts (project root: /expo-project)
2025-10-18T14:56:19.668Z expo:start:server:metro:router Using app as the root directory for Expo Router.
2025-10-18T14:56:21.773Z expo:start:server:middleware:manifest Resolved entry point: index.ts (project root: /expo-project)
2025-10-18T14:56:21.774Z expo:start:server:metro:router Using app as the root directory for Expo Router.
2025-10-18T14:56:23.856Z expo:start:server:middleware:manifest Resolved entry point: index.ts (project root: /expo-project)
2025-10-18T14:56:23.857Z expo:start:server:metro:router Using app as the root directory for Expo Router.
2025-10-18T14:56:25.958Z expo:start:server:middleware:manifest Resolved entry point: index.ts (project root: /expo-project)
2025-10-18T14:56:25.958Z expo:start:server:metro:router Using app as the root directory for Expo Router.
2025-10-18T14:56:28.061Z expo:start:server:middleware:manifest Resolved entry point: index.ts (project root: /expo-project)
2025-10-18T14:56:28.061Z expo:start:server:metro:router Using app as the root directory for Expo Router.
2025-10-18T14:56:30.162Z expo:start:server:middleware:manifest Resolved entry point: index.ts (project root: /expo-project)
2025-10-18T14:56:30.162Z expo:start:server:metro:router Using app as the root directory for Expo Router.
2025-10-18T14:56:32.287Z expo:start:server:middleware:manifest Resolved entry point: index.ts (project root: /expo-project)
2025-10-18T14:56:32.287Z expo:start:server:metro:router Using app as the root directory for Expo Router.
2025-10-18T14:56:34.386Z expo:start:server:middleware:manifest Resolved entry point: index.ts (project root: /expo-project)
2025-10-18T14:56:34.386Z expo:start:server:metro:router Using app as the root directory for Expo Router.
2025-10-18T14:56:36.488Z expo:start:server:middleware:manifest Resolved entry point: index.ts (project root: /expo-project)
2025-10-18T14:56:36.488Z expo:start:server:metro:router Using app as the root directory for Expo Router.
2025-10-18T14:56:38.578Z expo:start:server:middleware:manifest Resolved entry point: index.ts (project root: /expo-project)
2025-10-18T14:56:38.579Z expo:start:server:metro:router Using app as the root directory for Expo Router.
2025-10-18T14:56:40.684Z expo:start:server:middleware:manifest Resolved entry point: index.ts (project root: /expo-project)
2025-10-18T14:56:40.684Z expo:start:server:metro:router Using app as the root directory for Expo Router.
2025-10-18T14:56:42.788Z expo:start:server:middleware:manifest Resolved entry point: index.ts (project root: /expo-project)
2025-10-18T14:56:42.788Z expo:start:server:metro:router Using app as the root directory for Expo Router.
2025-10-18T14:56:44.896Z expo:start:server:middleware:manifest Resolved entry point: index.ts (project root: /expo-project)
2025-10-18T14:56:44.896Z expo:start:server:metro:router Using app as the root directory for Expo Router.
2025-10-18T14:56:47.003Z expo:start:server:middleware:manifest Resolved entry point: index.ts (project root: /expo-project)
2025-10-18T14:56:47.003Z expo:start:server:metro:router Using app as the root directory for Expo Router.
2025-10-18T14:56:49.101Z expo:start:server:middleware:manifest Resolved entry point: index.ts (project root: /expo-project)
2025-10-18T14:56:49.101Z expo:start:server:metro:router Using app as the root directory for Expo Router.
2025-10-18T14:56:51.199Z expo:start:server:middleware:manifest Resolved entry point: index.ts (project root: /expo-project)
2025-10-18T14:56:51.200Z expo:start:server:metro:router Using app as the root directory for Expo Router.
2025-10-18T14:56:53.283Z expo:start:server:middleware:manifest Resolved entry point: index.ts (project root: /expo-project)
2025-10-18T14:56:53.283Z expo:start:server:metro:router Using app as the root directory for Expo Router.
2025-10-18T14:56:55.383Z expo:start:server:middleware:manifest Resolved entry point: index.ts (project root: /expo-project)
2025-10-18T14:56:55.384Z expo:start:server:metro:router Using app as the root directory for Expo Router.
2025-10-18T14:56:57.472Z expo:start:server:middleware:manifest Resolved entry point: index.ts (project root: /expo-project)
2025-10-18T14:56:57.472Z expo:start:server:metro:router Using app as the root directory for Expo Router.
2025-10-18T14:56:59.572Z expo:start:server:middleware:manifest Resolved entry point: index.ts (project root: /expo-project)
2025-10-18T14:56:59.572Z expo:start:server:metro:router Using app as the root directory for Expo Router.
2025-10-18T14:57:01.652Z expo:start:server:middleware:manifest Resolved entry point: index.ts (project root: /expo-project)
2025-10-18T14:57:01.653Z expo:start:server:metro:router Using app as the root directory for Expo Router.
2025-10-18T14:57:03.752Z expo:start:server:middleware:manifest Resolved entry point: index.ts (project root: /expo-project)
2025-10-18T14:57:03.752Z expo:start:server:metro:router Using app as the root directory for Expo Router.
2025-10-18T14:57:05.853Z expo:start:server:middleware:manifest Resolved entry point: index.ts (project root: /expo-project)
2025-10-18T14:57:05.853Z expo:start:server:metro:router Using app as the root directory for Expo Router.
2025-10-18T14:57:07.981Z expo:start:server:middleware:manifest Resolved entry point: index.ts (project root: /expo-project)
2025-10-18T14:57:07.981Z expo:start:server:metro:router Using app as the root directory for Expo Router.
2025-10-18T14:57:10.101Z expo:start:server:middleware:manifest Resolved entry point: index.ts (project root: /expo-project)
2025-10-18T14:57:10.101Z expo:start:server:metro:router Using app as the root directory for Expo Router.
2025-10-18T14:57:12.190Z expo:start:server:middleware:manifest Resolved entry point: index.ts (project root: /expo-project)
2025-10-18T14:57:12.190Z expo:start:server:metro:router Using app as the root directory for Expo Router.
2025-10-18T14:57:14.295Z expo:start:server:middleware:manifest Resolved entry point: index.ts (project root: /expo-project)
2025-10-18T14:57:14.295Z expo:start:server:metro:router Using app as the root directory for Expo Router.
2025-10-18T14:57:16.402Z expo:start:server:middleware:manifest Resolved entry point: index.ts (project root: /expo-project)
2025-10-18T14:57:16.402Z expo:start:server:metro:router Using app as the root directory for Expo Router.
2025-10-18T14:57:18.508Z expo:start:server:middleware:manifest Resolved entry point: index.ts (project root: /expo-project)
2025-10-18T14:57:18.508Z expo:start:server:metro:router Using app as the root directory for Expo Router.
2025-10-18T14:57:20.614Z expo:start:server:middleware:manifest Resolved entry point: index.ts (project root: /expo-project)
2025-10-18T14:57:20.614Z expo:start:server:metro:router Using app as the root directory for Expo Router.
2025-10-18T14:57:22.736Z expo:start:server:middleware:manifest Resolved entry point: index.ts (project root: /expo-project)
2025-10-18T14:57:22.736Z expo:start:server:metro:router Using app as the root directory for Expo Router.
2025-10-18T14:57:24.839Z expo:start:server:middleware:manifest Resolved entry point: index.ts (project root: /expo-project)
2025-10-18T14:57:24.839Z expo:start:server:metro:router Using app as the root directory for Expo Router.
2025-10-18T14:57:26.924Z expo:start:server:middleware:manifest Resolved entry point: index.ts (project root: /expo-project)
2025-10-18T14:57:26.924Z expo:start:server:metro:router Using app as the root directory for Expo Router.
2025-10-18T14:57:29.030Z expo:start:server:middleware:manifest Resolved entry point: index.ts (project root: /expo-project)
2025-10-18T14:57:29.036Z expo:start:server:metro:router Using app as the root directory for Expo Router.
2025-10-18T14:57:31.140Z expo:start:server:middleware:manifest Resolved entry point: index.ts (project root: /expo-project)
2025-10-18T14:57:31.140Z expo:start:server:metro:router Using app as the root directory for Expo Router.
2025-10-18T14:57:33.246Z expo:start:server:middleware:manifest Resolved entry point: index.ts (project root: /expo-project)
2025-10-18T14:57:33.246Z expo:start:server:metro:router Using app as the root directory for Expo Router.
2025-10-18T14:57:35.347Z expo:start:server:middleware:manifest Resolved entry point: index.ts (project root: /expo-project)
2025-10-18T14:57:35.347Z expo:start:server:metro:router Using app as the root directory for Expo Router.
2025-10-18T14:57:37.433Z expo:start:server:middleware:manifest Resolved entry point: index.ts (project root: /expo-project)
2025-10-18T14:57:37.433Z expo:start:server:metro:router Using app as the root directory for Expo Router.
2025-10-18T14:57:39.539Z expo:start:server:middleware:manifest Resolved entry point: index.ts (project root: /expo-project)
2025-10-18T14:57:39.544Z expo:start:server:metro:router Using app as the root directory for Expo Router.
2025-10-18T14:57:41.686Z expo:start:server:middleware:manifest Resolved entry point: index.ts (project root: /expo-project)
2025-10-18T14:57:41.686Z expo:start:server:metro:router Using app as the root directory for Expo Router.
2025-10-18T14:57:43.777Z expo:start:server:middleware:manifest Resolved entry point: index.ts (project root: /expo-project)
2025-10-18T14:57:43.777Z expo:start:server:metro:router Using app as the root directory for Expo Router.
2025-10-18T14:57:45.866Z expo:start:server:middleware:manifest Resolved entry point: index.ts (project root: /expo-project)
2025-10-18T14:57:45.867Z expo:start:server:metro:router Using app as the root directory for Expo Router.
2025-10-18T14:57:47.965Z expo:start:server:middleware:manifest Resolved entry point: index.ts (project root: /expo-project)
2025-10-18T14:57:47.965Z expo:start:server:metro:router Using app as the root directory for Expo Router.
2025-10-18T14:57:50.051Z expo:start:server:middleware:manifest Resolved entry point: index.ts (project root: /expo-project)
2025-10-18T14:57:50.051Z expo:start:server:metro:router Using app as the root directory for Expo Router.
2025-10-18T14:57:52.138Z expo:start:server:middleware:manifest Resolved entry point: index.ts (project root: /expo-project)
2025-10-18T14:57:52.143Z expo:start:server:metro:router Using app as the root directory for Expo Router.
2025-10-18T14:57:54.248Z expo:start:server:middleware:manifest Resolved entry point: index.ts (project root: /expo-project)
2025-10-18T14:57:54.249Z expo:start:server:metro:router Using app as the root directory for Expo Router.
2025-10-18T14:57:56.350Z expo:start:server:middleware:manifest Resolved entry point: index.ts (project root: /expo-project)
2025-10-18T14:57:56.350Z expo:start:server:metro:router Using app as the root directory for Expo Router.
2025-10-18T14:57:58.449Z expo:start:server:middleware:manifest Resolved entry point: index.ts (project root: /expo-project)
2025-10-18T14:57:58.449Z expo:start:server:metro:router Using app as the root directory for Expo Router.
2025-10-18T14:58:00.536Z expo:start:server:middleware:manifest Resolved entry point: index.ts (project root: /expo-project)
2025-10-18T14:58:00.536Z expo:start:server:metro:router Using app as the root directory for Expo Router.
2025-10-18T14:58:02.622Z expo:start:server:middleware:manifest Resolved entry point: index.ts (project root: /expo-project)
2025-10-18T14:58:02.628Z expo:start:server:metro:router Using app as the root directory for Expo Router.
2025-10-18T14:58:04.733Z expo:start:server:middleware:manifest Resolved entry point: index.ts (project root: /expo-project)
2025-10-18T14:58:04.733Z expo:start:server:metro:router Using app as the root directory for Expo Router.
2025-10-18T14:58:06.841Z expo:start:server:middleware:manifest Resolved entry point: index.ts (project root: /expo-project)
2025-10-18T14:58:06.841Z expo:start:server:metro:router Using app as the root directory for Expo Router.
2025-10-18T14:58:08.949Z expo:start:server:middleware:manifest Resolved entry point: index.ts (project root: /expo-project)
2025-10-18T14:58:08.949Z expo:start:server:metro:router Using app as the root directory for Expo Router.
2025-10-18T14:58:11.036Z expo:start:server:middleware:manifest Resolved entry point: index.ts (project root: /expo-project)
2025-10-18T14:58:11.036Z expo:start:server:metro:router Using app as the root directory for Expo Router.
2025-10-18T14:58:13.141Z expo:start:server:middleware:manifest Resolved entry point: index.ts (project root: /expo-project)
2025-10-18T14:58:13.141Z expo:start:server:metro:router Using app as the root directory for Expo Router.
2025-10-18T14:58:15.240Z expo:start:server:middleware:manifest Resolved entry point: index.ts (project root: /expo-project)
2025-10-18T14:58:15.240Z expo:start:server:metro:router Using app as the root directory for Expo Router.
2025-10-18T14:58:17.336Z expo:start:server:middleware:manifest Resolved entry point: index.ts (project root: /expo-project)
2025-10-18T14:58:17.336Z expo:start:server:metro:router Using app as the root directory for Expo Router.
2025-10-18T14:58:19.438Z expo:start:server:middleware:manifest Resolved entry point: index.ts (project root: /expo-project)
2025-10-18T14:58:19.438Z expo:start:server:metro:router Using app as the root directory for Expo Router.
2025-10-18T14:58:21.540Z expo:start:server:middleware:manifest Resolved entry point: index.ts (project root: /expo-project)
2025-10-18T14:58:21.540Z expo:start:server:metro:router Using app as the root directory for Expo Router.
2025-10-18T14:58:23.661Z expo:start:server:middleware:manifest Resolved entry point: index.ts (project root: /expo-project)
2025-10-18T14:58:23.661Z expo:start:server:metro:router Using app as the root directory for Expo Router.
2025-10-18T14:58:25.765Z expo:start:server:middleware:manifest Resolved entry point: index.ts (project root: /expo-project)
2025-10-18T14:58:25.765Z expo:start:server:metro:router Using app as the root directory for Expo Router.
2025-10-18T14:58:27.868Z expo:start:server:middleware:manifest Resolved entry point: index.ts (project root: /expo-project)
2025-10-18T14:58:27.868Z expo:start:server:metro:router Using app as the root directory for Expo Router.
2025-10-18T14:58:29.956Z expo:start:server:middleware:manifest Resolved entry point: index.ts (project root: /expo-project)
2025-10-18T14:58:29.956Z expo:start:server:metro:router Using app as the root directory for Expo Router.
2025-10-18T14:58:32.050Z expo:start:server:middleware:manifest Resolved entry point: index.ts (project root: /expo-project)
2025-10-18T14:58:32.050Z expo:start:server:metro:router Using app as the root directory for Expo Router.
2025-10-18T14:58:34.150Z expo:start:server:middleware:manifest Resolved entry point: index.ts (project root: /expo-project)
2025-10-18T14:58:34.150Z expo:start:server:metro:router Using app as the root directory for Expo Router.
2025-10-18T14:58:36.259Z expo:start:server:middleware:manifest Resolved entry point: index.ts (project root: /expo-project)
2025-10-18T14:58:36.259Z expo:start:server:metro:router Using app as the root directory for Expo Router.
2025-10-18T14:58:38.425Z expo:start:server:middleware:manifest Resolved entry point: index.ts (project root: /expo-project)
2025-10-18T14:58:38.425Z expo:start:server:metro:router Using app as the root directory for Expo Router.
2025-10-18T14:58:40.531Z expo:start:server:middleware:manifest Resolved entry point: index.ts (project root: /expo-project)
2025-10-18T14:58:40.531Z expo:start:server:metro:router Using app as the root directory for Expo Router.
2025-10-18T14:58:42.632Z expo:start:server:middleware:manifest Resolved entry point: index.ts (project root: /expo-project)
2025-10-18T14:58:42.632Z expo:start:server:metro:router Using app as the root directory for Expo Router.
2025-10-18T14:58:44.717Z expo:start:server:middleware:manifest Resolved entry point: index.ts (project root: /expo-project)
2025-10-18T14:58:44.717Z expo:start:server:metro:router Using app as the root directory for Expo Router.
2025-10-18T14:58:46.819Z expo:start:server:middleware:manifest Resolved entry point: index.ts (project root: /expo-project)
2025-10-18T14:58:46.820Z expo:start:server:metro:router Using app as the root directory for Expo Router.
2025-10-18T14:58:48.922Z expo:start:server:middleware:manifest Resolved entry point: index.ts (project root: /expo-project)
2025-10-18T14:58:48.922Z expo:start:server:metro:router Using app as the root directory for Expo Router.
2025-10-18T14:58:51.006Z expo:start:server:middleware:manifest Resolved entry point: index.ts (project root: /expo-project)
2025-10-18T14:58:51.006Z expo:start:server:metro:router Using app as the root directory for Expo Router.
2025-10-18T14:58:53.118Z expo:start:server:middleware:manifest Resolved entry point: index.ts (project root: /expo-project)
2025-10-18T14:58:53.118Z expo:start:server:metro:router Using app as the root directory for Expo Router.
2025-10-18T14:58:55.222Z expo:start:server:middleware:manifest Resolved entry point: index.ts (project root: /expo-project)
2025-10-18T14:58:55.222Z expo:start:server:metro:router Using app as the root directory for Expo Router.
2025-10-18T14:58:57.309Z expo:start:server:middleware:manifest Resolved entry point: index.ts (project root: /expo-project)
2025-10-18T14:58:57.309Z expo:start:server:metro:router Using app as the root directory for Expo Router.
2025-10-18T14:58:59.415Z expo:start:server:middleware:manifest Resolved entry point: index.ts (project root: /expo-project)
2025-10-18T14:58:59.415Z expo:start:server:metro:router Using app as the root directory for Expo Router.
2025-10-18T14:59:01.547Z expo:start:server:middleware:manifest Resolved entry point: index.ts (project root: /expo-project)
2025-10-18T14:59:01.547Z expo:start:server:metro:router Using app as the root directory for Expo Router.
2025-10-18T14:59:03.636Z expo:start:server:middleware:manifest Resolved entry point: index.ts (project root: /expo-project)
2025-10-18T14:59:03.636Z expo:start:server:metro:router Using app as the root directory for Expo Router.
2025-10-18T14:59:05.737Z expo:start:server:middleware:manifest Resolved entry point: index.ts (project root: /expo-project)
2025-10-18T14:59:05.737Z expo:start:server:metro:router Using app as the root directory for Expo Router.
2025-10-18T14:59:07.859Z expo:start:server:middleware:manifest Resolved entry point: index.ts (project root: /expo-project)
2025-10-18T14:59:07.859Z expo:start:server:metro:router Using app as the root directory for Expo Router.
2025-10-18T14:59:09.976Z expo:start:server:middleware:manifest Resolved entry point: index.ts (project root: /expo-project)
2025-10-18T14:59:09.976Z expo:start:server:metro:router Using app as the root directory for Expo Router.
2025-10-18T14:59:12.104Z expo:start:server:middleware:manifest Resolved entry point: index.ts (project root: /expo-project)
2025-10-18T14:59:12.104Z expo:start:server:metro:router Using app as the root directory for Expo Router.
2025-10-18T14:59:14.195Z expo:start:server:middleware:manifest Resolved entry point: index.ts (project root: /expo-project)
2025-10-18T14:59:14.195Z expo:start:server:metro:router Using app as the root directory for Expo Router.
2025-10-18T14:59:16.277Z expo:start:server:middleware:manifest Resolved entry point: index.ts (project root: /expo-project)
2025-10-18T14:59:16.277Z expo:start:server:metro:router Using app as the root directory for Expo Router.
2025-10-18T14:59:16.472Z expo:start:server:metro:metroWatchTypeScriptFiles Detected TypeScript file changed in the project:  /expo-project/utils/deconjugate.ts
2025-10-18T14:59:18.364Z expo:start:server:middleware:manifest Resolved entry point: index.ts (project root: /expo-project)
2025-10-18T14:59:18.364Z expo:start:server:metro:router Using app as the root directory for Expo Router.
2025-10-18T14:59:20.468Z expo:start:server:middleware:manifest Resolved entry point: index.ts (project root: /expo-project)
2025-10-18T14:59:20.468Z expo:start:server:metro:router Using app as the root directory for Expo Router.
2025-10-18T14:59:22.572Z expo:start:server:middleware:manifest Resolved entry point: index.ts (project root: /expo-project)
2025-10-18T14:59:22.573Z expo:start:server:metro:router Using app as the root directory for Expo Router.
2025-10-18T14:59:24.703Z expo:start:server:middleware:manifest Resolved entry point: index.ts (project root: /expo-project)
2025-10-18T14:59:24.703Z expo:start:server:metro:router Using app as the root directory for Expo Router.
2025-10-18T14:59:26.805Z expo:start:server:middleware:manifest Resolved entry point: index.ts (project root: /expo-project)
2025-10-18T14:59:26.805Z expo:start:server:metro:router Using app as the root directory for Expo Router.
2025-10-18T14:59:28.911Z expo:start:server:middleware:manifest Resolved entry point: index.ts (project root: /expo-project)
2025-10-18T14:59:28.911Z expo:start:server:metro:router Using app as the root directory for Expo Router.
2025-10-18T14:59:31.012Z expo:start:server:middleware:manifest Resolved entry point: index.ts (project root: /expo-project)
2025-10-18T14:59:31.012Z expo:start:server:metro:router Using app as the root directory for Expo Router.
2025-10-18T14:59:33.117Z expo:start:server:middleware:manifest Resolved entry point: index.ts (project root: /expo-project)
2025-10-18T14:59:33.117Z expo:start:server:metro:router Using app as the root directory for Expo Router.
2025-10-18T14:59:35.203Z expo:start:server:middleware:manifest Resolved entry point: index.ts (project root: /expo-project)
2025-10-18T14:59:35.203Z expo:start:server:metro:router Using app as the root directory for Expo Router.
2025-10-18T14:59:37.289Z expo:start:server:middleware:manifest Resolved entry point: index.ts (project root: /expo-project)
2025-10-18T14:59:37.289Z expo:start:server:metro:router Using app as the root directory for Expo Router.
2025-10-18T14:59:39.384Z expo:start:server:middleware:manifest Resolved entry point: index.ts (project root: /expo-project)
2025-10-18T14:59:39.384Z expo:start:server:metro:router Using app as the root directory for Expo Router.
2025-10-18T14:59:41.484Z expo:start:server:middleware:manifest Resolved entry point: index.ts (project root: /expo-project)
2025-10-18T14:59:41.484Z expo:start:server:metro:router Using app as the root directory for Expo Router.
2025-10-18T14:59:43.588Z expo:start:server:middleware:manifest Resolved entry point: index.ts (project root: /expo-project)
2025-10-18T14:59:43.589Z expo:start:server:metro:router Using app as the root directory for Expo Router.
2025-10-18T14:59:45.694Z expo:start:server:middleware:manifest Resolved entry point: index.ts (project root: /expo-project)
2025-10-18T14:59:45.694Z expo:start:server:metro:router Using app as the root directory for Expo Router.
2025-10-18T14:59:47.790Z expo:start:server:middleware:manifest Resolved entry point: index.ts (project root: /expo-project)
2025-10-18T14:59:47.790Z expo:start:server:metro:router Using app as the root directory for Expo Router.
2025-10-18T14:59:48.494Z expo:start:server:metro:metroWatchTypeScriptFiles Detected TypeScript file changed in the project:  /expo-project/hooks/useDeconjugationSearch.ts
2025-10-18T14:59:49.893Z expo:start:server:middleware:manifest Resolved entry point: index.ts (project root: /expo-project)
2025-10-18T14:59:49.893Z expo:start:server:metro:router Using app as the root directory for Expo Router.
2025-10-18T14:59:51.996Z expo:start:server:middleware:manifest Resolved entry point: index.ts (project root: /expo-project)
2025-10-18T14:59:51.996Z expo:start:server:metro:router Using app as the root directory for Expo Router.
2025-10-18T14:59:54.100Z expo:start:server:middleware:manifest Resolved entry point: index.ts (project root: /expo-project)
2025-10-18T14:59:54.100Z expo:start:server:metro:router Using app as the root directory for Expo Router.
2025-10-18T14:59:56.068Z expo:start:server:metro:metroWatchTypeScriptFiles Detected TypeScript file changed in the project:  /expo-project/app/(tabs)/(home)/index.tsx
2025-10-18T14:59:56.203Z expo:start:server:middleware:manifest Resolved entry point: index.ts (project root: /expo-project)
2025-10-18T14:59:56.203Z expo:start:server:metro:router Using app as the root directory for Expo Router.
2025-10-18T14:59:58.286Z expo:start:server:middleware:manifest Resolved entry point: index.ts (project root: /expo-project)
2025-10-18T14:59:58.287Z expo:start:server:metro:router Using app as the root directory for Expo Router.
2025-10-18T15:00:00.377Z expo:start:server:middleware:manifest Resolved entry point: index.ts (project root: /expo-project)
2025-10-18T15:00:00.377Z expo:start:server:metro:router Using app as the root directory for Expo Router.
2025-10-18T15:00:02.478Z expo:start:server:middleware:manifest Resolved entry point: index.ts (project root: /expo-project)
2025-10-18T15:00:02.478Z expo:start:server:metro:router Using app as the root directory for Expo Router.
2025-10-18T15:00:04.583Z expo:start:server:middleware:manifest Resolved entry point: index.ts (project root: /expo-project)
2025-10-18T15:00:04.583Z expo:start:server:metro:router Using app as the root directory for Expo Router.
2025-10-18T15:00:04.702Z expo:start:server:metro:metroWatchTypeScriptFiles Detected TypeScript file changed in the project:  /expo-project/app/(tabs)/(home)/index.tsx
2025-10-18T15:00:06.676Z expo:start:server:middleware:manifest Resolved entry point: index.ts (project root: /expo-project)
2025-10-18T15:00:06.676Z expo:start:server:metro:router Using app as the root directory for Expo Router.
2025-10-18T15:00:08.784Z expo:start:server:middleware:manifest Resolved entry point: index.ts (project root: /expo-project)
2025-10-18T15:00:08.784Z expo:start:server:metro:router Using app as the root directory for Expo Router.
2025-10-18T15:00:10.903Z expo:start:server:middleware:manifest Resolved entry point: index.ts (project root: /expo-project)
2025-10-18T15:00:10.903Z expo:start:server:metro:router Using app as the root directory for Expo Router.
2025-10-18T15:00:12.993Z expo:start:server:middleware:manifest Resolved entry point: index.ts (project root: /expo-project)
2025-10-18T15:00:12.993Z expo:start:server:metro:router Using app as the root directory for Expo Router.
2025-10-18T15:00:14.164Z expo:start:server:metro:metroWatchTypeScriptFiles Detected TypeScript file changed in the project:  /expo-project/app/(tabs)/(home)/index.tsx
2025-10-18T15:00:15.084Z expo:start:server:middleware:manifest Resolved entry point: index.ts (project root: /expo-project)
2025-10-18T15:00:15.084Z expo:start:server:metro:router Using app as the root directory for Expo Router.
2025-10-18T15:00:17.192Z expo:start:server:middleware:manifest Resolved entry point: index.ts (project root: /expo-project)
2025-10-18T15:00:17.192Z expo:start:server:metro:router Using app as the root directory for Expo Router.
2025-10-18T15:00:19.282Z expo:start:server:middleware:manifest Resolved entry point: index.ts (project root: /expo-project)
2025-10-18T15:00:19.282Z expo:start:server:metro:router Using app as the root directory for Expo Router.
2025-10-18T15:00:21.401Z expo:start:server:middleware:manifest Resolved entry point: index.ts (project root: /expo-project)
2025-10-18T15:00:21.401Z expo:start:server:metro:router Using app as the root directory for Expo Router.
2025-10-18T15:00:23.521Z expo:start:server:middleware:manifest Resolved entry point: index.ts (project root: /expo-project)
2025-10-18T15:00:23.521Z expo:start:server:metro:router Using app as the root directory for Expo Router.
2025-10-18T15:00:25.669Z expo:start:server:middleware:manifest Resolved entry point: index.ts (project root: /expo-project)
2025-10-18T15:00:25.669Z expo:start:server:metro:router Using app as the root directory for Expo Router.
2025-10-18T15:00:26.117Z expo:start:server:metro:metroWatchTypeScriptFiles Detected TypeScript file changed in the project:  /expo-project/app/(tabs)/(home)/index.tsx
2025-10-18T15:00:27.777Z expo:start:server:middleware:manifest Resolved entry point: index.ts (project root: /expo-project)
2025-10-18T15:00:27.778Z expo:start:server:metro:router Using app as the root directory for Expo Router.
2025-10-18T15:00:29.893Z expo:start:server:middleware:manifest Resolved entry point: index.ts (project root: /expo-project)
2025-10-18T15:00:29.893Z expo:start:server:metro:router Using app as the root directory for Expo Router.
2025-10-18T15:00:31.999Z expo:start:server:middleware:manifest Resolved entry point: index.ts (project root: /expo-project)
2025-10-18T15:00:31.999Z expo:start:server:metro:router Using app as the root directory for Expo Router.
2025-10-18T15:00:34.102Z expo:start:server:middleware:manifest Resolved entry point: index.ts (project root: /expo-project)
2025-10-18T15:00:34.103Z expo:start:server:metro:router Using app as the root directory for Expo Router.
2025-10-18T15:00:36.208Z expo:start:server:middleware:manifest Resolved entry point: index.ts (project root: /expo-project)
2025-10-18T15:00:36.208Z expo:start:server:metro:router Using app as the root directory for Expo Router.
2025-10-18T15:00:38.305Z expo:start:server:middleware:manifest Resolved entry point: index.ts (project root: /expo-project)
2025-10-18T15:00:38.305Z expo:start:server:metro:router Using app as the root directory for Expo Router.
2025-10-18T15:00:40.405Z expo:start:server:middleware:manifest Resolved entry point: index.ts (project root: /expo-project)
2025-10-18T15:00:40.405Z expo:start:server:metro:router Using app as the root directory for Expo Router.
2025-10-18T15:00:42.517Z expo:start:server:middleware:manifest Resolved entry point: index.ts (project root: /expo-project)
2025-10-18T15:00:42.521Z expo:start:server:metro:router Using app as the root directory for Expo Router.
2025-10-18T15:00:43.868Z expo:start:server:metro:metroWatchTypeScriptFiles Detected TypeScript file changed in the project:  /expo-project/app/(tabs)/(home)/index.tsx
2025-10-18T15:00:44.618Z expo:start:server:middleware:manifest Resolved entry point: index.ts (project root: /expo-project)
2025-10-18T15:00:44.618Z expo:start:server:metro:router Using app as the root directory for Expo Router.
2025-10-18T15:00:46.712Z expo:start:server:middleware:manifest Resolved entry point: index.ts (project root: /expo-project)
2025-10-18T15:00:46.712Z expo:start:server:metro:router Using app as the root directory for Expo Router.
2025-10-18T15:00:48.830Z expo:start:server:middleware:manifest Resolved entry point: index.ts (project root: /expo-project)
2025-10-18T15:00:48.830Z expo:start:server:metro:router Using app as the root directory for Expo Router.
2025-10-18T15:00:50.928Z expo:start:server:middleware:manifest Resolved entry point: index.ts (project root: /expo-project)
2025-10-18T15:00:50.928Z expo:start:server:metro:router Using app as the root directory for Expo Router.
2025-10-18T15:00:53.034Z expo:start:server:middleware:manifest Resolved entry point: index.ts (project root: /expo-project)
2025-10-18T15:00:53.034Z expo:start:server:metro:router Using app as the root directory for Expo Router.
2025-10-18T15:00:54.889Z expo:start:server:metro:metroWatchTypeScriptFiles Detected TypeScript file changed in the project:  /expo-project/app/(tabs)/(home)/index.tsx
2025-10-18T15:00:55.131Z expo:start:server:middleware:manifest Resolved entry point: index.ts (project root: /expo-project)
2025-10-18T15:00:55.131Z expo:start:server:metro:router Using app as the root directory for Expo Router.
2025-10-18T15:00:57.252Z expo:start:server:middleware:manifest Resolved entry point: index.ts (project root: /expo-project)
2025-10-18T15:00:57.252Z expo:start:server:metro:router Using app as the root directory for Expo Router.
2025-10-18T15:00:59.358Z expo:start:server:middleware:manifest Resolved entry point: index.ts (project root: /expo-project)
2025-10-18T15:00:59.358Z expo:start:server:metro:router Using app as the root directory for Expo Router.
2025-10-18T15:01:01.450Z expo:start:server:middleware:manifest Resolved entry point: index.ts (project root: /expo-project)
2025-10-18T15:01:01.450Z expo:start:server:metro:router Using app as the root directory for Expo Router.
2025-10-18T15:01:03.552Z expo:start:server:middleware:manifest Resolved entry point: index.ts (project root: /expo-project)
2025-10-18T15:01:03.553Z expo:start:server:metro:router Using app as the root directory for Expo Router.
2025-10-18T15:01:05.652Z expo:start:server:middleware:manifest Resolved entry point: index.ts (project root: /expo-project)
2025-10-18T15:01:05.652Z expo:start:server:metro:router Using app as the root directory for Expo Router.
2025-10-18T15:01:07.758Z expo:start:server:middleware:manifest Resolved entry point: index.ts (project root: /expo-project)
2025-10-18T15:01:07.758Z expo:start:server:metro:router Using app as the root directory for Expo Router.
2025-10-18T15:01:09.857Z expo:start:server:middleware:manifest Resolved entry point: index.ts (project root: /expo-project)
2025-10-18T15:01:09.857Z expo:start:server:metro:router Using app as the root directory for Expo Router.
2025-10-18T15:01:11.955Z expo:start:server:middleware:manifest Resolved entry point: index.ts (project root: /expo-project)
2025-10-18T15:01:11.955Z expo:start:server:metro:router Using app as the root directory for Expo Router.
2025-10-18T15:01:14.064Z expo:start:server:middleware:manifest Resolved entry point: index.ts (project root: /expo-project)
2025-10-18T15:01:14.064Z expo:start:server:metro:router Using app as the root directory for Expo Router.
2025-10-18T15:01:16.154Z expo:start:server:middleware:manifest Resolved entry point: index.ts (project root: /expo-project)
2025-10-18T15:01:16.155Z expo:start:server:metro:router Using app as the root directory for Expo Router.
2025-10-18T15:01:18.253Z expo:start:server:middleware:manifest Resolved entry point: index.ts (project root: /expo-project)
2025-10-18T15:01:18.253Z expo:start:server:metro:router Using app as the root directory for Expo Router.
2025-10-18T15:01:20.355Z expo:start:server:middleware:manifest Resolved entry point: index.ts (project root: /expo-project)
2025-10-18T15:01:20.355Z expo:start:server:metro:router Using app as the root directory for Expo Router.
2025-10-18T15:01:22.457Z expo:start:server:middleware:manifest Resolved entry point: index.ts (project root: /expo-project)
2025-10-18T15:01:22.458Z expo:start:server:metro:router Using app as the root directory for Expo Router.
2025-10-18T15:01:24.573Z expo:start:server:middleware:manifest Resolved entry point: index.ts (project root: /expo-project)
2025-10-18T15:01:24.574Z expo:start:server:metro:router Using app as the root directory for Expo Router.
2025-10-18T15:01:26.674Z expo:start:server:middleware:manifest Resolved entry point: index.ts (project root: /expo-project)
2025-10-18T15:01:26.674Z expo:start:server:metro:router Using app as the root directory for Expo Router.
2025-10-18T15:01:28.777Z expo:start:server:middleware:manifest Resolved entry point: index.ts (project root: /expo-project)
2025-10-18T15:01:28.777Z expo:start:server:metro:router Using app as the root directory for Expo Router.
2025-10-18T15:01:30.877Z expo:start:server:middleware:manifest Resolved entry point: index.ts (project root: /expo-project)
2025-10-18T15:01:30.877Z expo:start:server:metro:router Using app as the root directory for Expo Router.
2025-10-18T15:01:32.963Z expo:start:server:middleware:manifest Resolved entry point: index.ts (project root: /expo-project)
2025-10-18T15:01:32.963Z expo:start:server:metro:router Using app as the root directory for Expo Router.
2025-10-18T15:01:35.069Z expo:start:server:middleware:manifest Resolved entry point: index.ts (project root: /expo-project)
2025-10-18T15:01:35.069Z expo:start:server:metro:router Using app as the root directory for Expo Router.
2025-10-18T15:01:37.173Z expo:start:server:middleware:manifest Resolved entry point: index.ts (project root: /expo-project)
2025-10-18T15:01:37.173Z expo:start:server:metro:router Using app as the root directory for Expo Router.
2025-10-18T15:01:39.256Z expo:start:server:middleware:manifest Resolved entry point: index.ts (project root: /expo-project)
2025-10-18T15:01:39.256Z expo:start:server:metro:router Using app as the root directory for Expo Router.
2025-10-18T15:01:41.360Z expo:start:server:middleware:manifest Resolved entry point: index.ts (project root: /expo-project)
2025-10-18T15:01:41.360Z expo:start:server:metro:router Using app as the root directory for Expo Router.
2025-10-18T15:01:43.457Z expo:start:server:middleware:manifest Resolved entry point: index.ts (project root: /expo-project)
2025-10-18T15:01:43.457Z expo:start:server:metro:router Using app as the root directory for Expo Router.
2025-10-18T15:01:45.561Z expo:start:server:middleware:manifest Resolved entry point: index.ts (project root: /expo-project)
2025-10-18T15:01:45.561Z expo:start:server:metro:router Using app as the root directory for Expo Router.
2025-10-18T15:01:47.644Z expo:start:server:middleware:manifest Resolved entry point: index.ts (project root: /expo-project)
2025-10-18T15:01:47.644Z expo:start:server:metro:router Using app as the root directory for Expo Router.
2025-10-18T15:01:49.744Z expo:start:server:middleware:manifest Resolved entry point: index.ts (project root: /expo-project)
2025-10-18T15:01:49.744Z expo:start:server:metro:router Using app as the root directory for Expo Router.
2025-10-18T15:01:51.851Z expo:start:server:middleware:manifest Resolved entry point: index.ts (project root: /expo-project)
2025-10-18T15:01:51.852Z expo:start:server:metro:router Using app as the root directory for Expo Router.
2025-10-18T15:01:53.948Z expo:start:server:middleware:manifest Resolved entry point: index.ts (project root: /expo-project)
2025-10-18T15:01:53.948Z expo:start:server:metro:router Using app as the root directory for Expo Router.
2025-10-18T15:01:56.044Z expo:start:server:middleware:manifest Resolved entry point: index.ts (project root: /expo-project)
2025-10-18T15:01:56.044Z expo:start:server:metro:router Using app as the root directory for Expo Router.
2025-10-18T15:01:58.144Z expo:start:server:middleware:manifest Resolved entry point: index.ts (project root: /expo-project)
2025-10-18T15:01:58.145Z expo:start:server:metro:router Using app as the root directory for Expo Router.
2025-10-18T15:02:00.241Z expo:start:server:middleware:manifest Resolved entry point: index.ts (project root: /expo-project)
2025-10-18T15:02:00.241Z expo:start:server:metro:router Using app as the root directory for Expo Router.
2025-10-18T15:02:02.348Z expo:start:server:middleware:manifest Resolved entry point: index.ts (project root: /expo-project)
2025-10-18T15:02:02.348Z expo:start:server:metro:router Using app as the root directory for Expo Router.
2025-10-18T15:02:04.430Z expo:start:server:middleware:manifest Resolved entry point: index.ts (project root: /expo-project)
2025-10-18T15:02:04.430Z expo:start:server:metro:router Using app as the root directory for Expo Router.
2025-10-18T15:02:06.546Z expo:start:server:middleware:manifest Resolved entry point: index.ts (project root: /expo-project)
2025-10-18T15:02:06.546Z expo:start:server:metro:router Using app as the root directory for Expo Router.
2025-10-18T15:02:08.647Z expo:start:server:middleware:manifest Resolved entry point: index.ts (project root: /expo-project)
2025-10-18T15:02:08.647Z expo:start:server:metro:router Using app as the root directory for Expo Router.
2025-10-18T15:02:10.073Z expo:start:server:metro:metroWatchTypeScriptFiles Detected TypeScript file changed in the project:  /expo-project/examples/deconjugation-example.ts
2025-10-18T15:02:10.750Z expo:start:server:middleware:manifest Resolved entry point: index.ts (project root: /expo-project)
2025-10-18T15:02:10.750Z expo:start:server:metro:router Using app as the root directory for Expo Router.
2025-10-18T15:02:12.858Z expo:start:server:middleware:manifest Resolved entry point: index.ts (project root: /expo-project)
2025-10-18T15:02:12.858Z expo:start:server:metro:router Using app as the root directory for Expo Router.
2025-10-18T15:02:13.965Z expo:start:server:metro:metroWatchTypeScriptFiles Detected TypeScript file changed in the project:  /expo-project/types/dictionary.ts
2025-10-18T15:02:14.950Z expo:start:server:middleware:manifest Resolved entry point: index.ts (project root: /expo-project)
2025-10-18T15:02:14.950Z expo:start:server:metro:router Using app as the root directory for Expo Router.
2025-10-18T15:02:17.060Z expo:start:server:middleware:manifest Resolved entry point: index.ts (project root: /expo-project)
2025-10-18T15:02:17.060Z expo:start:server:metro:router Using app as the root directory for Expo Router.
2025-10-18T15:02:19.145Z expo:start:server:middleware:manifest Resolved entry point: index.ts (project root: /expo-project)
2025-10-18T15:02:19.146Z expo:start:server:metro:router Using app as the root directory for Expo Router.
2025-10-18T15:02:21.232Z expo:start:server:middleware:manifest Resolved entry point: index.ts (project root: /expo-project)
2025-10-18T15:02:21.232Z expo:start:server:metro:router Using app as the root directory for Expo Router.
2025-10-18T15:02:22.219Z expo:start:server:metro:metroWatchTypeScriptFiles Detected TypeScript file changed in the project:  /expo-project/utils/deconjugate.ts
2025-10-18T15:02:23.333Z expo:start:server:middleware:manifest Resolved entry point: index.ts (project root: /expo-project)
2025-10-18T15:02:23.333Z expo:start:server:metro:router Using app as the root directory for Expo Router.
2025-10-18T15:02:25.439Z expo:start:server:middleware:manifest Resolved entry point: index.ts (project root: /expo-project)
2025-10-18T15:02:25.439Z expo:start:server:metro:router Using app as the root directory for Expo Router.
2025-10-18T15:02:27.540Z expo:start:server:middleware:manifest Resolved entry point: index.ts (project root: /expo-project)
2025-10-18T15:02:27.540Z expo:start:server:metro:router Using app as the root directory for Expo Router.
2025-10-18T15:02:29.675Z expo:start:server:middleware:manifest Resolved entry point: index.ts (project root: /expo-project)
2025-10-18T15:02:29.676Z expo:start:server:metro:router Using app as the root directory for Expo Router.
2025-10-18T15:02:30.188Z expo:start:server:metro:metroWatchTypeScriptFiles Detected TypeScript file changed in the project:  /expo-project/hooks/useDeconjugationSearch.ts
2025-10-18T15:02:31.784Z expo:start:server:middleware:manifest Resolved entry point: index.ts (project root: /expo-project)
2025-10-18T15:02:31.784Z expo:start:server:metro:router Using app as the root directory for Expo Router.
2025-10-18T15:02:33.883Z expo:start:server:middleware:manifest Resolved entry point: index.ts (project root: /expo-project)
2025-10-18T15:02:33.883Z expo:start:server:metro:router Using app as the root directory for Expo Router.
2025-10-18T15:02:35.977Z expo:start:server:middleware:manifest Resolved entry point: index.ts (project root: /expo-project)
2025-10-18T15:02:35.977Z expo:start:server:metro:router Using app as the root directory for Expo Router.
2025-10-18T15:02:38.074Z expo:start:server:middleware:manifest Resolved entry point: index.ts (project root: /expo-project)
2025-10-18T15:02:38.074Z expo:start:server:metro:router Using app as the root directory for Expo Router.
2025-10-18T15:02:40.171Z expo:start:server:middleware:manifest Resolved entry point: index.ts (project root: /expo-project)
2025-10-18T15:02:40.171Z expo:start:server:metro:router Using app as the root directory for Expo Router.
2025-10-18T15:02:42.277Z expo:start:server:middleware:manifest Resolved entry point: index.ts (project root: /expo-project)
2025-10-18T15:02:42.278Z expo:start:server:metro:router Using app as the root directory for Expo Router.
2025-10-18T15:02:44.381Z expo:start:server:middleware:manifest Resolved entry point: index.ts (project root: /expo-project)
2025-10-18T15:02:44.381Z expo:start:server:metro:router Using app as the root directory for Expo Router.
2025-10-18T15:02:46.478Z expo:start:server:middleware:manifest Resolved entry point: index.ts (project root: /expo-project)
2025-10-18T15:02:46.478Z expo:start:server:metro:router Using app as the root directory for Expo Router.
2025-10-18T15:02:48.574Z expo:start:server:middleware:manifest Resolved entry point: index.ts (project root: /expo-project)
2025-10-18T15:02:48.574Z expo:start:server:metro:router Using app as the root directory for Expo Router.
2025-10-18T15:02:50.687Z expo:start:server:middleware:manifest Resolved entry point: index.ts (project root: /expo-project)
2025-10-18T15:02:50.687Z expo:start:server:metro:router Using app as the root directory for Expo Router.
2025-10-18T15:02:52.769Z expo:start:server:middleware:manifest Resolved entry point: index.ts (project root: /expo-project)
2025-10-18T15:02:52.769Z expo:start:server:metro:router Using app as the root directory for Expo Router.
2025-10-18T15:02:54.869Z expo:start:server:middleware:manifest Resolved entry point: index.ts (project root: /expo-project)
2025-10-18T15:02:54.869Z expo:start:server:metro:router Using app as the root directory for Expo Router.
2025-10-18T15:02:56.952Z expo:start:server:middleware:manifest Resolved entry point: index.ts (project root: /expo-project)
2025-10-18T15:02:56.952Z expo:start:server:metro:router Using app as the root directory for Expo Router.
2025-10-18T15:02:59.053Z expo:start:server:middleware:manifest Resolved entry point: index.ts (project root: /expo-project)
2025-10-18T15:02:59.053Z expo:start:server:metro:router Using app as the root directory for Expo Router.
2025-10-18T15:03:01.150Z expo:start:server:middleware:manifest Resolved entry point: index.ts (project root: /expo-project)
2025-10-18T15:03:01.150Z expo:start:server:metro:router Using app as the root directory for Expo Router.
2025-10-18T15:03:03.245Z expo:start:server:middleware:manifest Resolved entry point: index.ts (project root: /expo-project)
2025-10-18T15:03:03.245Z expo:start:server:metro:router Using app as the root directory for Expo Router.
2025-10-18T15:03:05.343Z expo:start:server:middleware:manifest Resolved entry point: index.ts (project root: /expo-project)
2025-10-18T15:03:05.343Z expo:start:server:metro:router Using app as the root directory for Expo Router.
2025-10-18T15:03:07.452Z expo:start:server:middleware:manifest Resolved entry point: index.ts (project root: /expo-project)
2025-10-18T15:03:07.452Z expo:start:server:metro:router Using app as the root directory for Expo Router.
2025-10-18T15:03:09.555Z expo:start:server:middleware:manifest Resolved entry point: index.ts (project root: /expo-project)
2025-10-18T15:03:09.555Z expo:start:server:metro:router Using app as the root directory for Expo Router.
2025-10-18T15:03:11.646Z expo:start:server:middleware:manifest Resolved entry point: index.ts (project root: /expo-project)
2025-10-18T15:03:11.646Z expo:start:server:metro:router Using app as the root directory for Expo Router.
2025-10-18T15:03:13.752Z expo:start:server:middleware:manifest Resolved entry point: index.ts (project root: /expo-project)
2025-10-18T15:03:13.753Z expo:start:server:metro:router Using app as the root directory for Expo Router.
2025-10-18T15:03:15.856Z expo:start:server:middleware:manifest Resolved entry point: index.ts (project root: /expo-project)
2025-10-18T15:03:15.856Z expo:start:server:metro:router Using app as the root directory for Expo Router.
2025-10-18T15:03:17.957Z expo:start:server:middleware:manifest Resolved entry point: index.ts (project root: /expo-project)
2025-10-18T15:03:17.957Z expo:start:server:metro:router Using app as the root directory for Expo Router.
2025-10-18T15:03:20.067Z expo:start:server:middleware:manifest Resolved entry point: index.ts (project root: /expo-project)
2025-10-18T15:03:20.067Z expo:start:server:metro:router Using app as the root directory for Expo Router.
2025-10-18T15:03:22.169Z expo:start:server:middleware:manifest Resolved entry point: index.ts (project root: /expo-project)
2025-10-18T15:03:22.169Z expo:start:server:metro:router Using app as the root directory for Expo Router.
2025-10-18T15:03:24.370Z expo:start:server:middleware:manifest Resolved entry point: index.ts (project root: /expo-project)
2025-10-18T15:03:24.370Z expo:start:server:metro:router Using app as the root directory for Expo Router.
2025-10-18T15:03:26.468Z expo:start:server:middleware:manifest Resolved entry point: index.ts (project root: /expo-project)
2025-10-18T15:03:26.468Z expo:start:server:metro:router Using app as the root directory for Expo Router.
2025-10-18T15:03:28.551Z expo:start:server:middleware:manifest Resolved entry point: index.ts (project root: /expo-project)
2025-10-18T15:03:28.551Z expo:start:server:metro:router Using app as the root directory for Expo Router.
2025-10-18T15:03:30.656Z expo:start:server:middleware:manifest Resolved entry point: index.ts (project root: /expo-project)
2025-10-18T15:03:30.656Z expo:start:server:metro:router Using app as the root directory for Expo Router.
2025-10-18T15:03:32.760Z expo:start:server:middleware:manifest Resolved entry point: index.ts (project root: /expo-project)
2025-10-18T15:03:32.760Z expo:start:server:metro:router Using app as the root directory for Expo Router.
2025-10-18T15:03:34.864Z expo:start:server:middleware:manifest Resolved entry point: index.ts (project root: /expo-project)
2025-10-18T15:03:34.864Z expo:start:server:metro:router Using app as the root directory for Expo Router.
2025-10-18T15:03:36.961Z expo:start:server:middleware:manifest Resolved entry point: index.ts (project root: /expo-project)
2025-10-18T15:03:36.961Z expo:start:server:metro:router Using app as the root directory for Expo Router.
2025-10-18T15:03:39.063Z expo:start:server:middleware:manifest Resolved entry point: index.ts (project root: /expo-project)
2025-10-18T15:03:39.063Z expo:start:server:metro:router Using app as the root directory for Expo Router.
2025-10-18T15:03:41.166Z expo:start:server:middleware:manifest Resolved entry point: index.ts (project root: /expo-project)
2025-10-18T15:03:41.166Z expo:start:server:metro:router Using app as the root directory for Expo Router.
2025-10-18T15:03:43.263Z expo:start:server:middleware:manifest Resolved entry point: index.ts (project root: /expo-project)
2025-10-18T15:03:43.263Z expo:start:server:metro:router Using app as the root directory for Expo Router.
2025-10-18T15:03:45.363Z expo:start:server:middleware:manifest Resolved entry point: index.ts (project root: /expo-project)
2025-10-18T15:03:45.363Z expo:start:server:metro:router Using app as the root directory for Expo Router.
2025-10-18T15:03:47.467Z expo:start:server:middleware:manifest Resolved entry point: index.ts (project root: /expo-project)
2025-10-18T15:03:47.467Z expo:start:server:metro:router Using app as the root directory for Expo Router.
2025-10-18T15:03:49.552Z expo:start:server:middleware:manifest Resolved entry point: index.ts (project root: /expo-project)
2025-10-18T15:03:49.552Z expo:start:server:metro:router Using app as the root directory for Expo Router.
2025-10-18T15:03:51.650Z expo:start:server:middleware:manifest Resolved entry point: index.ts (project root: /expo-project)
2025-10-18T15:03:51.651Z expo:start:server:metro:router Using app as the root directory for Expo Router.
2025-10-18T15:03:53.743Z expo:start:server:middleware:manifest Resolved entry point: index.ts (project root: /expo-project)
2025-10-18T15:03:53.743Z expo:start:server:metro:router Using app as the root directory for Expo Router.
2025-10-18T15:03:55.851Z expo:start:server:middleware:manifest Resolved entry point: index.ts (project root: /expo-project)
2025-10-18T15:03:55.851Z expo:start:server:metro:router Using app as the root directory for Expo Router.
2025-10-18T15:03:57.945Z expo:start:server:middleware:manifest Resolved entry point: index.ts (project root: /expo-project)
2025-10-18T15:03:57.945Z expo:start:server:metro:router Using app as the root directory for Expo Router.
2025-10-18T15:04:00.047Z expo:start:server:middleware:manifest Resolved entry point: index.ts (project root: /expo-project)
2025-10-18T15:04:00.047Z expo:start:server:metro:router Using app as the root directory for Expo Router.
2025-10-18T15:04:02.147Z expo:start:server:middleware:manifest Resolved entry point: index.ts (project root: /expo-project)
2025-10-18T15:04:02.147Z expo:start:server:metro:router Using app as the root directory for Expo Router.
2025-10-18T15:04:04.241Z expo:start:server:middleware:manifest Resolved entry point: index.ts (project root: /expo-project)
2025-10-18T15:04:04.241Z expo:start:server:metro:router Using app as the root directory for Expo Router.
2025-10-18T15:04:06.346Z expo:start:server:middleware:manifest Resolved entry point: index.ts (project root: /expo-project)
2025-10-18T15:04:06.346Z expo:start:server:metro:router Using app as the root directory for Expo Router.
2025-10-18T15:04:08.451Z expo:start:server:middleware:manifest Resolved entry point: index.ts (project root: /expo-project)
2025-10-18T15:04:08.451Z expo:start:server:metro:router Using app as the root directory for Expo Router.
2025-10-18T15:04:10.553Z expo:start:server:middleware:manifest Resolved entry point: index.ts (project root: /expo-project)
2025-10-18T15:04:10.553Z expo:start:server:metro:router Using app as the root directory for Expo Router.
2025-10-18T15:04:12.653Z expo:start:server:middleware:manifest Resolved entry point: index.ts (project root: /expo-project)
2025-10-18T15:04:12.653Z expo:start:server:metro:router Using app as the root directory for Expo Router.
2025-10-18T15:04:14.740Z expo:start:server:middleware:manifest Resolved entry point: index.ts (project root: /expo-project)
2025-10-18T15:04:14.740Z expo:start:server:metro:router Using app as the root directory for Expo Router.
2025-10-18T15:04:16.843Z expo:start:server:middleware:manifest Resolved entry point: index.ts (project root: /expo-project)
2025-10-18T15:04:16.843Z expo:start:server:metro:router Using app as the root directory for Expo Router.
2025-10-18T15:04:18.932Z expo:start:server:middleware:manifest Resolved entry point: index.ts (project root: /expo-project)
2025-10-18T15:04:18.932Z expo:start:server:metro:router Using app as the root directory for Expo Router.
2025-10-18T15:04:21.037Z expo:start:server:middleware:manifest Resolved entry point: index.ts (project root: /expo-project)
2025-10-18T15:04:21.037Z expo:start:server:metro:router Using app as the root directory for Expo Router.
2025-10-18T15:04:23.142Z expo:start:server:middleware:manifest Resolved entry point: index.ts (project root: /expo-project)
2025-10-18T15:04:23.142Z expo:start:server:metro:router Using app as the root directory for Expo Router.
2025-10-18T15:04:25.267Z expo:start:server:middleware:manifest Resolved entry point: index.ts (project root: /expo-project)
2025-10-18T15:04:25.267Z expo:start:server:metro:router Using app as the root directory for Expo Router.
2025-10-18T15:04:27.353Z expo:start:server:middleware:manifest Resolved entry point: index.ts (project root: /expo-project)
2025-10-18T15:04:27.353Z expo:start:server:metro:router Using app as the root directory for Expo Router.
2025-10-18T15:04:29.455Z expo:start:server:middleware:manifest Resolved entry point: index.ts (project root: /expo-project)
2025-10-18T15:04:29.455Z expo:start:server:metro:router Using app as the root directory for Expo Router.
2025-10-18T15:04:31.556Z expo:start:server:middleware:manifest Resolved entry point: index.ts (project root: /expo-project)
2025-10-18T15:04:31.556Z expo:start:server:metro:router Using app as the root directory for Expo Router.
2025-10-18T15:04:33.658Z expo:start:server:middleware:manifest Resolved entry point: index.ts (project root: /expo-project)
2025-10-18T15:04:33.658Z expo:start:server:metro:router Using app as the root directory for Expo Router.
2025-10-18T15:04:35.760Z expo:start:server:middleware:manifest Resolved entry point: index.ts (project root: /expo-project)
2025-10-18T15:04:35.760Z expo:start:server:metro:router Using app as the root directory for Expo Router.
2025-10-18T15:04:37.867Z expo:start:server:middleware:manifest Resolved entry point: index.ts (project root: /expo-project)
2025-10-18T15:04:37.868Z expo:start:server:metro:router Using app as the root directory for Expo Router.
2025-10-18T15:04:39.965Z expo:start:server:middleware:manifest Resolved entry point: index.ts (project root: /expo-project)
2025-10-18T15:04:39.965Z expo:start:server:metro:router Using app as the root directory for Expo Router.
2025-10-18T15:04:42.074Z expo:start:server:middleware:manifest Resolved entry point: index.ts (project root: /expo-project)
2025-10-18T15:04:42.074Z expo:start:server:metro:router Using app as the root directory for Expo Router.
2025-10-18T15:04:44.163Z expo:start:server:middleware:manifest Resolved entry point: index.ts (project root: /expo-project)
2025-10-18T15:04:44.163Z expo:start:server:metro:router Using app as the root directory for Expo Router.
2025-10-18T15:04:46.265Z expo:start:server:middleware:manifest Resolved entry point: index.ts (project root: /expo-project)
2025-10-18T15:04:46.265Z expo:start:server:metro:router Using app as the root directory for Expo Router.
2025-10-18T15:04:48.366Z expo:start:server:middleware:manifest Resolved entry point: index.ts (project root: /expo-project)
2025-10-18T15:04:48.366Z expo:start:server:metro:router Using app as the root directory for Expo Router.
2025-10-18T15:04:50.467Z expo:start:server:middleware:manifest Resolved entry point: index.ts (project root: /expo-project)
2025-10-18T15:04:50.467Z expo:start:server:metro:router Using app as the root directory for Expo Router.
2025-10-18T15:04:52.564Z expo:start:server:middleware:manifest Resolved entry point: index.ts (project root: /expo-project)
2025-10-18T15:04:52.564Z expo:start:server:metro:router Using app as the root directory for Expo Router.
2025-10-18T15:04:54.659Z expo:start:server:middleware:manifest Resolved entry point: index.ts (project root: /expo-project)
2025-10-18T15:04:54.659Z expo:start:server:metro:router Using app as the root directory for Expo Router.
2025-10-18T15:04:56.758Z expo:start:server:middleware:manifest Resolved entry point: index.ts (project root: /expo-project)
2025-10-18T15:04:56.758Z expo:start:server:metro:router Using app as the root directory for Expo Router.
2025-10-18T15:04:58.866Z expo:start:server:middleware:manifest Resolved entry point: index.ts (project root: /expo-project)
2025-10-18T15:04:58.866Z expo:start:server:metro:router Using app as the root directory for Expo Router.
2025-10-18T15:05:00.968Z expo:start:server:middleware:manifest Resolved entry point: index.ts (project root: /expo-project)
2025-10-18T15:05:00.968Z expo:start:server:metro:router Using app as the root directory for Expo Router.
2025-10-18T15:05:01.856Z expo:start:server:middleware:manifest Resolved entry point: index.ts (project root: /expo-project)
2025-10-18T15:05:01.856Z expo:start:server:metro:router Using app as the root directory for Expo Router.
Web ./index.ts ░░░░░░░░░░░░░░░░  0.0% (0/1)
2025-10-18T15:05:02.277Z expo:metro-config:serializer:env-var Injecting environment variables in virtual module.
Web Bundled 249ms index.ts (1 module)
2025-10-18T15:05:03.074Z expo:start:server:middleware:manifest Resolved entry point: index.ts (project root: /expo-project)
2025-10-18T15:05:03.074Z expo:start:server:metro:router Using app as the root directory for Expo Router.
 LOG  [web] Logs will appear in the browser console
2025-10-18T15:05:05.173Z expo:start:server:middleware:manifest Resolved entry point: index.ts (project root: /expo-project)
2025-10-18T15:05:05.173Z expo:start:server:metro:router Using app as the root directory for Expo Router.
2025-10-18T15:05:07.277Z expo:start:server:middleware:manifest Resolved entry point: index.ts (project root: /expo-project)
2025-10-18T15:05:07.277Z expo:start:server:metro:router Using app as the root directory for Expo Router.
2025-10-18T15:05:09.385Z expo:start:server:middleware:manifest Resolved entry point: index.ts (project root: /expo-project)
2025-10-18T15:05:09.385Z expo:start:server:metro:router Using app as the root directory for Expo Router.
2025-10-18T15:05:11.472Z expo:start:server:middleware:manifest Resolved entry point: index.ts (project root: /expo-project)
2025-10-18T15:05:11.472Z expo:start:server:metro:router Using app as the root directory for Expo Router.
2025-10-18T15:05:13.612Z expo:start:server:middleware:manifest Resolved entry point: index.ts (project root: /expo-project)
2025-10-18T15:05:13.612Z expo:start:server:metro:router Using app as the root directory for Expo Router.
2025-10-18T15:05:15.712Z expo:start:server:middleware:manifest Resolved entry point: index.ts (project root: /expo-project)
2025-10-18T15:05:15.712Z expo:start:server:metro:router Using app as the root directory for Expo Router.
2025-10-18T15:05:17.809Z expo:start:server:middleware:manifest Resolved entry point: index.ts (project root: /expo-project)
2025-10-18T15:05:17.815Z expo:start:server:metro:router Using app as the root directory for Expo Router.
2025-10-18T15:05:19.947Z expo:start:server:middleware:manifest Resolved entry point: index.ts (project root: /expo-project)
2025-10-18T15:05:19.947Z expo:start:server:metro:router Using app as the root directory for Expo Router.
2025-10-18T15:05:22.049Z expo:start:server:middleware:manifest Resolved entry point: index.ts (project root: /expo-project)
2025-10-18T15:05:22.049Z expo:start:server:metro:router Using app as the root directory for Expo Router.
2025-10-18T15:05:24.153Z expo:start:server:middleware:manifest Resolved entry point: index.ts (project root: /expo-project)
2025-10-18T15:05:24.153Z expo:start:server:metro:router Using app as the root directory for Expo Router.
2025-10-18T15:05:26.253Z expo:start:server:middleware:manifest Resolved entry point: index.ts (project root: /expo-project)
2025-10-18T15:05:26.254Z expo:start:server:metro:router Using app as the root directory for Expo Router.
2025-10-18T15:05:28.361Z expo:start:server:middleware:manifest Resolved entry point: index.ts (project root: /expo-project)
2025-10-18T15:05:28.361Z expo:start:server:metro:router Using app as the root directory for Expo Router.
2025-10-18T15:05:30.469Z expo:start:server:middleware:manifest Resolved entry point: index.ts (project root: /expo-project)
2025-10-18T15:05:30.469Z expo:start:server:metro:router Using app as the root directory for Expo Router.
2025-10-18T15:05:32.575Z expo:start:server:middleware:manifest Resolved entry point: index.ts (project root: /expo-project)
2025-10-18T15:05:32.575Z expo:start:server:metro:router Using app as the root directory for Expo Router.
2025-10-18T15:05:34.677Z expo:start:server:middleware:manifest Resolved entry point: index.ts (project root: /expo-project)
2025-10-18T15:05:34.677Z expo:start:server:metro:router Using app as the root directory for Expo Router.
2025-10-18T15:05:36.780Z expo:start:server:middleware:manifest Resolved entry point: index.ts (project root: /expo-project)
2025-10-18T15:05:36.780Z expo:start:server:metro:router Using app as the root directory for Expo Router.
2025-10-18T15:05:38.868Z expo:start:server:middleware:manifest Resolved entry point: index.ts (project root: /expo-project)
2025-10-18T15:05:38.868Z expo:start:server:metro:router Using app as the root directory for Expo Router.
2025-10-18T15:05:40.955Z expo:start:server:middleware:manifest Resolved entry point: index.ts (project root: /expo-project)
2025-10-18T15:05:40.956Z expo:start:server:metro:router Using app as the root directory for Expo Router.
2025-10-18T15:05:43.058Z expo:start:server:middleware:manifest Resolved entry point: index.ts (project root: /expo-project)
2025-10-18T15:05:43.058Z expo:start:server:metro:router Using app as the root directory for Expo Router.
2025-10-18T15:05:45.162Z expo:start:server:middleware:manifest Resolved entry point: index.ts (project root: /expo-project)
2025-10-18T15:05:45.162Z expo:start:server:metro:router Using app as the root directory for Expo Router.
2025-10-18T15:05:47.265Z expo:start:server:middleware:manifest Resolved entry point: index.ts (project root: /expo-project)
2025-10-18T15:05:47.265Z expo:start:server:metro:router Using app as the root directory for Expo Router.
2025-10-18T15:05:49.364Z expo:start:server:middleware:manifest Resolved entry point: index.ts (project root: /expo-project)
2025-10-18T15:05:49.364Z expo:start:server:metro:router Using app as the root directory for Expo Router.
2025-10-18T15:05:51.461Z expo:start:server:middleware:manifest Resolved entry point: index.ts (project root: /expo-project)
2025-10-18T15:05:51.461Z expo:start:server:metro:router Using app as the root directory for Expo Router.
2025-10-18T15:05:53.575Z expo:start:server:middleware:manifest Resolved entry point: index.ts (project root: /expo-project)
2025-10-18T15:05:53.575Z expo:start:server:metro:router Using app as the root directory for Expo Router.
2025-10-18T15:05:55.681Z expo:start:server:middleware:manifest Resolved entry point: index.ts (project root: /expo-project)
2025-10-18T15:05:55.681Z expo:start:server:metro:router Using app as the root directory for Expo Router.
2025-10-18T15:05:57.785Z expo:start:server:middleware:manifest Resolved entry point: index.ts (project root: /expo-project)
2025-10-18T15:05:57.785Z expo:start:server:metro:router Using app as the root directory for Expo Router.
2025-10-18T15:05:59.891Z expo:start:server:middleware:manifest Resolved entry point: index.ts (project root: /expo-project)
2025-10-18T15:05:59.891Z expo:start:server:metro:router Using app as the root directory for Expo Router.
2025-10-18T15:06:01.972Z expo:start:server:middleware:manifest Resolved entry point: index.ts (project root: /expo-project)
2025-10-18T15:06:01.973Z expo:start:server:metro:router Using app as the root directory for Expo Router.
2025-10-18T15:06:04.081Z expo:start:server:middleware:manifest Resolved entry point: index.ts (project root: /expo-project)
2025-10-18T15:06:04.082Z expo:start:server:metro:router Using app as the root directory for Expo Router.
2025-10-18T15:06:06.187Z expo:start:server:middleware:manifest Resolved entry point: index.ts (project root: /expo-project)
2025-10-18T15:06:06.187Z expo:start:server:metro:router Using app as the root directory for Expo Router.
2025-10-18T15:06:08.293Z expo:start:server:middleware:manifest Resolved entry point: index.ts (project root: /expo-project)
2025-10-18T15:06:08.293Z expo:start:server:metro:router Using app as the root directory for Expo Router.
2025-10-18T15:06:10.384Z expo:start:server:middleware:manifest Resolved entry point: index.ts (project root: /expo-project)
2025-10-18T15:06:10.385Z expo:start:server:metro:router Using app as the root directory for Expo Router.
2025-10-18T15:06:12.488Z expo:start:server:middleware:manifest Resolved entry point: index.ts (project root: /expo-project)
2025-10-18T15:06:12.488Z expo:start:server:metro:router Using app as the root directory for Expo Router.
2025-10-18T15:06:14.587Z expo:start:server:middleware:manifest Resolved entry point: index.ts (project root: /expo-project)
2025-10-18T15:06:14.587Z expo:start:server:metro:router Using app as the root directory for Expo Router.
2025-10-18T15:06:16.689Z expo:start:server:middleware:manifest Resolved entry point: index.ts (project root: /expo-project)
2025-10-18T15:06:16.689Z expo:start:server:metro:router Using app as the root directory for Expo Router.
2025-10-18T15:06:18.788Z expo:start:server:middleware:manifest Resolved entry point: index.ts (project root: /expo-project)
2025-10-18T15:06:18.788Z expo:start:server:metro:router Using app as the root directory for Expo Router.
2025-10-18T15:06:20.884Z expo:start:server:middleware:manifest Resolved entry point: index.ts (project root: /expo-project)
2025-10-18T15:06:20.884Z expo:start:server:metro:router Using app as the root directory for Expo Router.
2025-10-18T15:06:22.983Z expo:start:server:middleware:manifest Resolved entry point: index.ts (project root: /expo-project)
2025-10-18T15:06:22.983Z expo:start:server:metro:router Using app as the root directory for Expo Router.
2025-10-18T15:06:25.079Z expo:start:server:middleware:manifest Resolved entry point: index.ts (project root: /expo-project)
2025-10-18T15:06:25.079Z expo:start:server:metro:router Using app as the root directory for Expo Router.
2025-10-18T15:06:27.187Z expo:start:server:middleware:manifest Resolved entry point: index.ts (project root: /expo-project)
2025-10-18T15:06:27.187Z expo:start:server:metro:router Using app as the root directory for Expo Router.
2025-10-18T15:06:29.290Z expo:start:server:middleware:manifest Resolved entry point: index.ts (project root: /expo-project)
2025-10-18T15:06:29.290Z expo:start:server:metro:router Using app as the root directory for Expo Router.
2025-10-18T15:06:31.391Z expo:start:server:middleware:manifest Resolved entry point: index.ts (project root: /expo-project)
2025-10-18T15:06:31.391Z expo:start:server:metro:router Using app as the root directory for Expo Router.
2025-10-18T15:06:33.494Z expo:start:server:middleware:manifest Resolved entry point: index.ts (project root: /expo-project)
2025-10-18T15:06:33.495Z expo:start:server:metro:router Using app as the root directory for Expo Router.
2025-10-18T15:06:35.612Z expo:start:server:middleware:manifest Resolved entry point: index.ts (project root: /expo-project)
2025-10-18T15:06:35.612Z expo:start:server:metro:router Using app as the root directory for Expo Router.
2025-10-18T15:06:37.727Z expo:start:server:middleware:manifest Resolved entry point: index.ts (project root: /expo-project)
2025-10-18T15:06:37.727Z expo:start:server:metro:router Using app as the root directory for Expo Router.
2025-10-18T15:06:39.828Z expo:start:server:middleware:manifest Resolved entry point: index.ts (project root: /expo-project)
2025-10-18T15:06:39.828Z expo:start:server:metro:router Using app as the root directory for Expo Router.
2025-10-18T15:06:41.928Z expo:start:server:middleware:manifest Resolved entry point: index.ts (project root: /expo-project)
2025-10-18T15:06:41.928Z expo:start:server:metro:router Using app as the root directory for Expo Router.
2025-10-18T15:06:44.015Z expo:start:server:middleware:manifest Resolved entry point: index.ts (project root: /expo-project)
2025-10-18T15:06:44.015Z expo:start:server:metro:router Using app as the root directory for Expo Router.
2025-10-18T15:06:46.123Z expo:start:server:middleware:manifest Resolved entry point: index.ts (project root: /expo-project)
2025-10-18T15:06:46.123Z expo:start:server:metro:router Using app as the root directory for Expo Router.
2025-10-18T15:06:48.207Z expo:start:server:middleware:manifest Resolved entry point: index.ts (project root: /expo-project)
2025-10-18T15:06:48.207Z expo:start:server:metro:router Using app as the root directory for Expo Router.
2025-10-18T15:06:50.302Z expo:start:server:middleware:manifest Resolved entry point: index.ts (project root: /expo-project)
2025-10-18T15:06:50.302Z expo:start:server:metro:router Using app as the root directory for Expo Router.
2025-10-18T15:06:52.412Z expo:start:server:middleware:manifest Resolved entry point: index.ts (project root: /expo-project)
2025-10-18T15:06:52.412Z expo:start:server:metro:router Using app as the root directory for Expo Router.
2025-10-18T15:06:54.516Z expo:start:server:middleware:manifest Resolved entry point: index.ts (project root: /expo-project)
2025-10-18T15:06:54.516Z expo:start:server:metro:router Using app as the root directory for Expo Router.
2025-10-18T15:06:56.618Z expo:start:server:middleware:manifest Resolved entry point: index.ts (project root: /expo-project)
2025-10-18T15:06:56.619Z expo:start:server:metro:router Using app as the root directory for Expo Router.
2025-10-18T15:06:58.718Z expo:start:server:middleware:manifest Resolved entry point: index.ts (project root: /expo-project)
2025-10-18T15:06:58.718Z expo:start:server:metro:router Using app as the root directory for Expo Router.
2025-10-18T15:07:00.826Z expo:start:server:middleware:manifest Resolved entry point: index.ts (project root: /expo-project)
2025-10-18T15:07:00.826Z expo:start:server:metro:router Using app as the root directory for Expo Router.
2025-10-18T15:07:02.929Z expo:start:server:middleware:manifest Resolved entry point: index.ts (project root: /expo-project)
2025-10-18T15:07:02.929Z expo:start:server:metro:router Using app as the root directory for Expo Router.
2025-10-18T15:07:05.031Z expo:start:server:middleware:manifest Resolved entry point: index.ts (project root: /expo-project)
2025-10-18T15:07:05.031Z expo:start:server:metro:router Using app as the root directory for Expo Router.
2025-10-18T15:07:07.129Z expo:start:server:middleware:manifest Resolved entry point: index.ts (project root: /expo-project)
2025-10-18T15:07:07.129Z expo:start:server:metro:router Using app as the root directory for Expo Router.
2025-10-18T15:07:09.233Z expo:start:server:middleware:manifest Resolved entry point: index.ts (project root: /expo-project)
2025-10-18T15:07:09.233Z expo:start:server:metro:router Using app as the root directory for Expo Router.
2025-10-18T15:07:11.331Z expo:start:server:middleware:manifest Resolved entry point: index.ts (project root: /expo-project)
2025-10-18T15:07:11.331Z expo:start:server:metro:router Using app as the root directory for Expo Router.
2025-10-18T15:07:13.435Z expo:start:server:middleware:manifest Resolved entry point: index.ts (project root: /expo-project)
2025-10-18T15:07:13.435Z expo:start:server:metro:router Using app as the root directory for Expo Router.
2025-10-18T15:07:15.538Z expo:start:server:middleware:manifest Resolved entry point: index.ts (project root: /expo-project)
2025-10-18T15:07:15.538Z expo:start:server:metro:router Using app as the root directory for Expo Router.
2025-10-18T15:07:17.630Z expo:start:server:middleware:manifest Resolved entry point: index.ts (project root: /expo-project)
2025-10-18T15:07:17.630Z expo:start:server:metro:router Using app as the root directory for Expo Router.
2025-10-18T15:07:19.716Z expo:start:server:middleware:manifest Resolved entry point: index.ts (project root: /expo-project)
2025-10-18T15:07:19.716Z expo:start:server:metro:router Using app as the root directory for Expo Router.
2025-10-18T15:07:21.818Z expo:start:server:middleware:manifest Resolved entry point: index.ts (project root: /expo-project)
2025-10-18T15:07:21.819Z expo:start:server:metro:router Using app as the root directory for Expo Router.
2025-10-18T15:07:23.923Z expo:start:server:middleware:manifest Resolved entry point: index.ts (project root: /expo-project)
2025-10-18T15:07:23.923Z expo:start:server:metro:router Using app as the root directory for Expo Router.
2025-10-18T15:07:26.005Z expo:start:server:middleware:manifest Resolved entry point: index.ts (project root: /expo-project)
2025-10-18T15:07:26.005Z expo:start:server:metro:router Using app as the root directory for Expo Router.
2025-10-18T15:07:28.122Z expo:start:server:middleware:manifest Resolved entry point: index.ts (project root: /expo-project)
2025-10-18T15:07:28.122Z expo:start:server:metro:router Using app as the root directory for Expo Router.
2025-10-18T15:07:30.224Z expo:start:server:middleware:manifest Resolved entry point: index.ts (project root: /expo-project)
2025-10-18T15:07:30.224Z expo:start:server:metro:router Using app as the root directory for Expo Router.
2025-10-18T15:07:30.444Z expo:start:server:metro:metroWatchTypeScriptFiles Detected TypeScript file changed in the project:  /expo-project/types/dictionary.ts
2025-10-18T15:07:32.311Z expo:start:server:middleware:manifest Resolved entry point: index.ts (project root: /expo-project)
2025-10-18T15:07:32.311Z expo:start:server:metro:router Using app as the root directory for Expo Router.
2025-10-18T15:07:34.400Z expo:start:server:middleware:manifest Resolved entry point: index.ts (project root: /expo-project)
2025-10-18T15:07:34.400Z expo:start:server:metro:router Using app as the root directory for Expo Router.
2025-10-18T15:07:36.486Z expo:start:server:middleware:manifest Resolved entry point: index.ts (project root: /expo-project)
2025-10-18T15:07:36.487Z expo:start:server:metro:router Using app as the root directory for Expo Router.
2025-10-18T15:07:38.585Z expo:start:server:middleware:manifest Resolved entry point: index.ts (project root: /expo-project)
2025-10-18T15:07:38.585Z expo:start:server:metro:router Using app as the root directory for Expo Router.
2025-10-18T15:07:40.305Z expo:start:server:metro:metroWatchTypeScriptFiles Detected TypeScript file changed in the project:  /expo-project/components/FuriganaText.tsx
2025-10-18T15:07:40.680Z expo:start:server:middleware:manifest Resolved entry point: index.ts (project root: /expo-project)
2025-10-18T15:07:40.681Z expo:start:server:metro:router Using app as the root directory for Expo Router.
2025-10-18T15:07:42.764Z expo:start:server:middleware:manifest Resolved entry point: index.ts (project root: /expo-project)
2025-10-18T15:07:42.764Z expo:start:server:metro:router Using app as the root directory for Expo Router.
2025-10-18T15:07:44.867Z expo:start:server:middleware:manifest Resolved entry point: index.ts (project root: /expo-project)
2025-10-18T15:07:44.867Z expo:start:server:metro:router Using app as the root directory for Expo Router.
2025-10-18T15:07:46.970Z expo:start:server:middleware:manifest Resolved entry point: index.ts (project root: /expo-project)
2025-10-18T15:07:46.970Z expo:start:server:metro:router Using app as the root directory for Expo Router.
2025-10-18T15:07:49.088Z expo:start:server:middleware:manifest Resolved entry point: index.ts (project root: /expo-project)
2025-10-18T15:07:49.091Z expo:start:server:metro:router Using app as the root directory for Expo Router.
2025-10-18T15:07:51.190Z expo:start:server:middleware:manifest Resolved entry point: index.ts (project root: /expo-project)
2025-10-18T15:07:51.190Z expo:start:server:metro:router Using app as the root directory for Expo Router.
2025-10-18T15:07:53.294Z expo:start:server:middleware:manifest Resolved entry point: index.ts (project root: /expo-project)
2025-10-18T15:07:53.294Z expo:start:server:metro:router Using app as the root directory for Expo Router.
2025-10-18T15:07:55.400Z expo:start:server:middleware:manifest Resolved entry point: index.ts (project root: /expo-project)
2025-10-18T15:07:55.400Z expo:start:server:metro:router Using app as the root directory for Expo Router.
2025-10-18T15:07:57.520Z expo:start:server:middleware:manifest Resolved entry point: index.ts (project root: /expo-project)
2025-10-18T15:07:57.520Z expo:start:server:metro:router Using app as the root directory for Expo Router.
2025-10-18T15:07:59.623Z expo:start:server:middleware:manifest Resolved entry point: index.ts (project root: /expo-project)
2025-10-18T15:07:59.623Z expo:start:server:metro:router Using app as the root directory for Expo Router.
2025-10-18T15:08:01.722Z expo:start:server:middleware:manifest Resolved entry point: index.ts (project root: /expo-project)
2025-10-18T15:08:01.723Z expo:start:server:metro:router Using app as the root directory for Expo Router.
2025-10-18T15:08:03.826Z expo:start:server:middleware:manifest Resolved entry point: index.ts (project root: /expo-project)
2025-10-18T15:08:03.826Z expo:start:server:metro:router Using app as the root directory for Expo Router.
2025-10-18T15:08:04.752Z expo:start:server:metro:metroWatchTypeScriptFiles Detected TypeScript file changed in the project:  /expo-project/components/PitchAccent.tsx
2025-10-18T15:08:05.925Z expo:start:server:middleware:manifest Resolved entry point: index.ts (project root: /expo-project)
2025-10-18T15:08:05.926Z expo:start:server:metro:router Using app as the root directory for Expo Router.
2025-10-18T15:08:08.034Z expo:start:server:middleware:manifest Resolved entry point: index.ts (project root: /expo-project)
2025-10-18T15:08:08.034Z expo:start:server:metro:router Using app as the root directory for Expo Router.
2025-10-18T15:08:10.134Z expo:start:server:middleware:manifest Resolved entry point: index.ts (project root: /expo-project)
2025-10-18T15:08:10.136Z expo:start:server:metro:router Using app as the root directory for Expo Router.
2025-10-18T15:08:12.238Z expo:start:server:middleware:manifest Resolved entry point: index.ts (project root: /expo-project)
2025-10-18T15:08:12.238Z expo:start:server:metro:router Using app as the root directory for Expo Router.
2025-10-18T15:08:14.326Z expo:start:server:middleware:manifest Resolved entry point: index.ts (project root: /expo-project)
2025-10-18T15:08:14.327Z expo:start:server:metro:router Using app as the root directory for Expo Router.
2025-10-18T15:08:16.433Z expo:start:server:middleware:manifest Resolved entry point: index.ts (project root: /expo-project)
2025-10-18T15:08:16.434Z expo:start:server:metro:router Using app as the root directory for Expo Router.
2025-10-18T15:08:18.539Z expo:start:server:middleware:manifest Resolved entry point: index.ts (project root: /expo-project)
2025-10-18T15:08:18.539Z expo:start:server:metro:router Using app as the root directory for Expo Router.
2025-10-18T15:08:20.644Z expo:start:server:middleware:manifest Resolved entry point: index.ts (project root: /expo-project)
2025-10-18T15:08:20.644Z expo:start:server:metro:router Using app as the root directory for Expo Router.
2025-10-18T15:08:22.747Z expo:start:server:middleware:manifest Resolved entry point: index.ts (project root: /expo-project)
2025-10-18T15:08:22.748Z expo:start:server:metro:router Using app as the root directory for Expo Router.
2025-10-18T15:08:24.851Z expo:start:server:middleware:manifest Resolved entry point: index.ts (project root: /expo-project)
2025-10-18T15:08:24.851Z expo:start:server:metro:router Using app as the root directory for Expo Router.
2025-10-18T15:08:26.954Z expo:start:server:middleware:manifest Resolved entry point: index.ts (project root: /expo-project)
2025-10-18T15:08:26.954Z expo:start:server:metro:router Using app as the root directory for Expo Router.
2025-10-18T15:08:29.059Z expo:start:server:middleware:manifest Resolved entry point: index.ts (project root: /expo-project)
2025-10-18T15:08:29.059Z expo:start:server:metro:router Using app as the root directory for Expo Router.
2025-10-18T15:08:31.166Z expo:start:server:middleware:manifest Resolved entry point: index.ts (project root: /expo-project)
2025-10-18T15:08:31.166Z expo:start:server:metro:router Using app as the root directory for Expo Router.
2025-10-18T15:08:33.260Z expo:start:server:middleware:manifest Resolved entry point: index.ts (project root: /expo-project)
2025-10-18T15:08:33.260Z expo:start:server:metro:router Using app as the root directory for Expo Router.
2025-10-18T15:08:35.369Z expo:start:server:middleware:manifest Resolved entry point: index.ts (project root: /expo-project)
2025-10-18T15:08:35.369Z expo:start:server:metro:router Using app as the root directory for Expo Router.
2025-10-18T15:08:37.462Z expo:start:server:middleware:manifest Resolved entry point: index.ts (project root: /expo-project)
2025-10-18T15:08:37.462Z expo:start:server:metro:router Using app as the root directory for Expo Router.
2025-10-18T15:08:39.568Z expo:start:server:middleware:manifest Resolved entry point: index.ts (project root: /expo-project)
2025-10-18T15:08:39.568Z expo:start:server:metro:router Using app as the root directory for Expo Router.
2025-10-18T15:08:40.483Z expo:start:server:metro:metroWatchTypeScriptFiles Detected TypeScript file changed in the project:  /expo-project/app/vocab/[id].tsx
2025-10-18T15:08:41.671Z expo:start:server:middleware:manifest Resolved entry point: index.ts (project root: /expo-project)
2025-10-18T15:08:41.672Z expo:start:server:metro:router Using app as the root directory for Expo Router.
2025-10-18T15:08:43.779Z expo:start:server:middleware:manifest Resolved entry point: index.ts (project root: /expo-project)
2025-10-18T15:08:43.780Z expo:start:server:metro:router Using app as the root directory for Expo Router.
2025-10-18T15:08:45.887Z expo:start:server:middleware:manifest Resolved entry point: index.ts (project root: /expo-project)
2025-10-18T15:08:45.887Z expo:start:server:metro:router Using app as the root directory for Expo Router.
2025-10-18T15:08:47.978Z expo:start:server:middleware:manifest Resolved entry point: index.ts (project root: /expo-project)
2025-10-18T15:08:47.978Z expo:start:server:metro:router Using app as the root directory for Expo Router.
2025-10-18T15:08:50.091Z expo:start:server:middleware:manifest Resolved entry point: index.ts (project root: /expo-project)
2025-10-18T15:08:50.091Z expo:start:server:metro:router Using app as the root directory for Expo Router.
2025-10-18T15:08:52.198Z expo:start:server:middleware:manifest Resolved entry point: index.ts (project root: /expo-project)
2025-10-18T15:08:52.199Z expo:start:server:metro:router Using app as the root directory for Expo Router.
2025-10-18T15:08:54.298Z expo:start:server:middleware:manifest Resolved entry point: index.ts (project root: /expo-project)
2025-10-18T15:08:54.298Z expo:start:server:metro:router Using app as the root directory for Expo Router.
2025-10-18T15:08:56.401Z expo:start:server:middleware:manifest Resolved entry point: index.ts (project root: /expo-project)
2025-10-18T15:08:56.401Z expo:start:server:metro:router Using app as the root directory for Expo Router.
2025-10-18T15:08:58.488Z expo:start:server:middleware:manifest Resolved entry point: index.ts (project root: /expo-project)
2025-10-18T15:08:58.488Z expo:start:server:metro:router Using app as the root directory for Expo Router.
2025-10-18T15:09:00.592Z expo:start:server:middleware:manifest Resolved entry point: index.ts (project root: /expo-project)
2025-10-18T15:09:00.592Z expo:start:server:metro:router Using app as the root directory for Expo Router.
2025-10-18T15:09:02.685Z expo:start:server:middleware:manifest Resolved entry point: index.ts (project root: /expo-project)
2025-10-18T15:09:02.685Z expo:start:server:metro:router Using app as the root directory for Expo Router.
2025-10-18T15:09:04.765Z expo:start:server:middleware:manifest Resolved entry point: index.ts (project root: /expo-project)
2025-10-18T15:09:04.766Z expo:start:server:metro:router Using app as the root directory for Expo Router.
2025-10-18T15:09:06.871Z expo:start:server:middleware:manifest Resolved entry point: index.ts (project root: /expo-project)
2025-10-18T15:09:06.871Z expo:start:server:metro:router Using app as the root directory for Expo Router.
2025-10-18T15:09:07.178Z expo:start:server:metro:metroWatchTypeScriptFiles Detected TypeScript file changed in the project:  /expo-project/utils/mockData.ts
2025-10-18T15:09:08.994Z expo:start:server:middleware:manifest Resolved entry point: index.ts (project root: /expo-project)
2025-10-18T15:09:08.994Z expo:start:server:metro:router Using app as the root directory for Expo Router.
2025-10-18T15:09:11.096Z expo:start:server:middleware:manifest Resolved entry point: index.ts (project root: /expo-project)
2025-10-18T15:09:11.096Z expo:start:server:metro:router Using app as the root directory for Expo Router.
2025-10-18T15:09:13.201Z expo:start:server:middleware:manifest Resolved entry point: index.ts (project root: /expo-project)
2025-10-18T15:09:13.202Z expo:start:server:metro:router Using app as the root directory for Expo Router.
2025-10-18T15:09:15.303Z expo:start:server:middleware:manifest Resolved entry point: index.ts (project root: /expo-project)
2025-10-18T15:09:15.303Z expo:start:server:metro:router Using app as the root directory for Expo Router.
2025-10-18T15:09:17.390Z expo:start:server:middleware:manifest Resolved entry point: index.ts (project root: /expo-project)
2025-10-18T15:09:17.390Z expo:start:server:metro:router Using app as the root directory for Expo Router.
2025-10-18T15:09:19.499Z expo:start:server:middleware:manifest Resolved entry point: index.ts (project root: /expo-project)
2025-10-18T15:09:19.500Z expo:start:server:metro:router Using app as the root directory for Expo Router.
2025-10-18T15:09:21.608Z expo:start:server:middleware:manifest Resolved entry point: index.ts (project root: /expo-project)
2025-10-18T15:09:21.608Z expo:start:server:metro:router Using app as the root directory for Expo Router.
2025-10-18T15:09:23.717Z expo:start:server:middleware:manifest Resolved entry point: index.ts (project root: /expo-project)
2025-10-18T15:09:23.717Z expo:start:server:metro:router Using app as the root directory for Expo Router.
2025-10-18T15:09:25.824Z expo:start:server:middleware:manifest Resolved entry point: index.ts (project root: /expo-project)
2025-10-18T15:09:25.824Z expo:start:server:metro:router Using app as the root directory for Expo Router.
2025-10-18T15:09:27.942Z expo:start:server:middleware:manifest Resolved entry point: index.ts (project root: /expo-project)
2025-10-18T15:09:27.943Z expo:start:server:metro:router Using app as the root directory for Expo Router.
2025-10-18T15:09:30.060Z expo:start:server:middleware:manifest Resolved entry point: index.ts (project root: /expo-project)
2025-10-18T15:09:30.060Z expo:start:server:metro:router Using app as the root directory for Expo Router.
2025-10-18T15:09:32.146Z expo:start:server:middleware:manifest Resolved entry point: index.ts (project root: /expo-project)
2025-10-18T15:09:32.147Z expo:start:server:metro:router Using app as the root directory for Expo Router.
2025-10-18T15:09:34.248Z expo:start:server:middleware:manifest Resolved entry point: index.ts (project root: /expo-project)
2025-10-18T15:09:34.248Z expo:start:server:metro:router Using app as the root directory for Expo Router.
2025-10-18T15:09:36.361Z expo:start:server:middleware:manifest Resolved entry point: index.ts (project root: /expo-project)
2025-10-18T15:09:36.361Z expo:start:server:metro:router Using app as the root directory for Expo Router.
2025-10-18T15:09:38.462Z expo:start:server:middleware:manifest Resolved entry point: index.ts (project root: /expo-project)
2025-10-18T15:09:38.462Z expo:start:server:metro:router Using app as the root directory for Expo Router.
2025-10-18T15:09:40.557Z expo:start:server:middleware:manifest Resolved entry point: index.ts (project root: /expo-project)
2025-10-18T15:09:40.557Z expo:start:server:metro:router Using app as the root directory for Expo Router.
2025-10-18T15:09:42.665Z expo:start:server:middleware:manifest Resolved entry point: index.ts (project root: /expo-project)
2025-10-18T15:09:42.665Z expo:start:server:metro:router Using app as the root directory for Expo Router.
2025-10-18T15:09:44.750Z expo:start:server:middleware:manifest Resolved entry point: index.ts (project root: /expo-project)
2025-10-18T15:09:44.750Z expo:start:server:metro:router Using app as the root directory for Expo Router.
2025-10-18T15:09:46.839Z expo:start:server:middleware:manifest Resolved entry point: index.ts (project root: /expo-project)
2025-10-18T15:09:46.839Z expo:start:server:metro:router Using app as the root directory for Expo Router.
2025-10-18T15:09:48.941Z expo:start:server:middleware:manifest Resolved entry point: index.ts (project root: /expo-project)
2025-10-18T15:09:48.941Z expo:start:server:metro:router Using app as the root directory for Expo Router.
2025-10-18T15:09:51.045Z expo:start:server:middleware:manifest Resolved entry point: index.ts (project root: /expo-project)
2025-10-18T15:09:51.045Z expo:start:server:metro:router Using app as the root directory for Expo Router.
2025-10-18T15:09:53.146Z expo:start:server:middleware:manifest Resolved entry point: index.ts (project root: /expo-project)
2025-10-18T15:09:53.146Z expo:start:server:metro:router Using app as the root directory for Expo Router.
2025-10-18T15:09:55.246Z expo:start:server:middleware:manifest Resolved entry point: index.ts (project root: /expo-project)
2025-10-18T15:09:55.246Z expo:start:server:metro:router Using app as the root directory for Expo Router.
2025-10-18T15:09:57.340Z expo:start:server:middleware:manifest Resolved entry point: index.ts (project root: /expo-project)
2025-10-18T15:09:57.340Z expo:start:server:metro:router Using app as the root directory for Expo Router.
2025-10-18T15:09:59.443Z expo:start:server:middleware:manifest Resolved entry point: index.ts (project root: /expo-project)
2025-10-18T15:09:59.443Z expo:start:server:metro:router Using app as the root directory for Expo Router.
2025-10-18T15:10:01.557Z expo:start:server:middleware:manifest Resolved entry point: index.ts (project root: /expo-project)
2025-10-18T15:10:01.557Z expo:start:server:metro:router Using app as the root directory for Expo Router.
2025-10-18T15:10:03.662Z expo:start:server:middleware:manifest Resolved entry point: index.ts (project root: /expo-project)
2025-10-18T15:10:03.662Z expo:start:server:metro:router Using app as the root directory for Expo Router.
2025-10-18T15:10:05.766Z expo:start:server:middleware:manifest Resolved entry point: index.ts (project root: /expo-project)
2025-10-18T15:10:05.766Z expo:start:server:metro:router Using app as the root directory for Expo Router.
2025-10-18T15:10:07.871Z expo:start:server:middleware:manifest Resolved entry point: index.ts (project root: /expo-project)
2025-10-18T15:10:07.871Z expo:start:server:metro:router Using app as the root directory for Expo Router.
2025-10-18T15:10:09.973Z expo:start:server:middleware:manifest Resolved entry point: index.ts (project root: /expo-project)
2025-10-18T15:10:09.973Z expo:start:server:metro:router Using app as the root directory for Expo Router.
2025-10-18T15:10:12.083Z expo:start:server:middleware:manifest Resolved entry point: index.ts (project root: /expo-project)
2025-10-18T15:10:12.084Z expo:start:server:metro:router Using app as the root directory for Expo Router.
2025-10-18T15:10:14.188Z expo:start:server:middleware:manifest Resolved entry point: index.ts (project root: /expo-project)
2025-10-18T15:10:14.188Z expo:start:server:metro:router Using app as the root directory for Expo Router.
2025-10-18T15:10:16.292Z expo:start:server:middleware:manifest Resolved entry point: index.ts (project root: /expo-project)
2025-10-18T15:10:16.292Z expo:start:server:metro:router Using app as the root directory for Expo Router.
2025-10-18T15:10:18.443Z expo:start:server:middleware:manifest Resolved entry point: index.ts (project root: /expo-project)
2025-10-18T15:10:18.443Z expo:start:server:metro:router Using app as the root directory for Expo Router.
2025-10-18T15:10:20.544Z expo:start:server:middleware:manifest Resolved entry point: index.ts (project root: /expo-project)
2025-10-18T15:10:20.544Z expo:start:server:metro:router Using app as the root directory for Expo Router.
2025-10-18T15:10:22.647Z expo:start:server:middleware:manifest Resolved entry point: index.ts (project root: /expo-project)
2025-10-18T15:10:22.647Z expo:start:server:metro:router Using app as the root directory for Expo Router.
2025-10-18T15:10:24.749Z expo:start:server:middleware:manifest Resolved entry point: index.ts (project root: /expo-project)
2025-10-18T15:10:24.749Z expo:start:server:metro:router Using app as the root directory for Expo Router.
2025-10-18T15:10:26.856Z expo:start:server:middleware:manifest Resolved entry point: index.ts (project root: /expo-project)
2025-10-18T15:10:26.856Z expo:start:server:metro:router Using app as the root directory for Expo Router.
2025-10-18T15:10:28.972Z expo:start:server:middleware:manifest Resolved entry point: index.ts (project root: /expo-project)
2025-10-18T15:10:28.972Z expo:start:server:metro:router Using app as the root directory for Expo Router.
2025-10-18T15:10:31.079Z expo:start:server:middleware:manifest Resolved entry point: index.ts (project root: /expo-project)
2025-10-18T15:10:31.079Z expo:start:server:metro:router Using app as the root directory for Expo Router.
2025-10-18T15:10:33.165Z expo:start:server:middleware:manifest Resolved entry point: index.ts (project root: /expo-project)
2025-10-18T15:10:33.165Z expo:start:server:metro:router Using app as the root directory for Expo Router.
2025-10-18T15:10:35.285Z expo:start:server:middleware:manifest Resolved entry point: index.ts (project root: /expo-project)
2025-10-18T15:10:35.286Z expo:start:server:metro:router Using app as the root directory for Expo Router.
2025-10-18T15:10:37.384Z expo:start:server:middleware:manifest Resolved entry point: index.ts (project root: /expo-project)
2025-10-18T15:10:37.384Z expo:start:server:metro:router Using app as the root directory for Expo Router.
2025-10-18T15:10:39.493Z expo:start:server:middleware:manifest Resolved entry point: index.ts (project root: /expo-project)
2025-10-18T15:10:39.493Z expo:start:server:metro:router Using app as the root directory for Expo Router.
2025-10-18T15:10:41.606Z expo:start:server:middleware:manifest Resolved entry point: index.ts (project root: /expo-project)
2025-10-18T15:10:41.606Z expo:start:server:metro:router Using app as the root directory for Expo Router.
2025-10-18T15:10:43.711Z expo:start:server:middleware:manifest Resolved entry point: index.ts (project root: /expo-project)
2025-10-18T15:10:43.711Z expo:start:server:metro:router Using app as the root directory for Expo Router.
2025-10-18T15:10:45.795Z expo:start:server:middleware:manifest Resolved entry point: index.ts (project root: /expo-project)
2025-10-18T15:10:45.795Z expo:start:server:metro:router Using app as the root directory for Expo Router.
2025-10-18T15:10:47.899Z expo:start:server:middleware:manifest Resolved entry point: index.ts (project root: /expo-project)
2025-10-18T15:10:47.899Z expo:start:server:metro:router Using app as the root directory for Expo Router.
2025-10-18T15:10:50.005Z expo:start:server:middleware:manifest Resolved entry point: index.ts (project root: /expo-project)
2025-10-18T15:10:50.006Z expo:start:server:metro:router Using app as the root directory for Expo Router.
2025-10-18T15:10:52.091Z expo:start:server:middleware:manifest Resolved entry point: index.ts (project root: /expo-project)
2025-10-18T15:10:52.091Z expo:start:server:metro:router Using app as the root directory for Expo Router.
2025-10-18T15:10:54.196Z expo:start:server:middleware:manifest Resolved entry point: index.ts (project root: /expo-project)
2025-10-18T15:10:54.196Z expo:start:server:metro:router Using app as the root directory for Expo Router.
2025-10-18T15:10:56.297Z expo:start:server:middleware:manifest Resolved entry point: index.ts (project root: /expo-project)
2025-10-18T15:10:56.298Z expo:start:server:metro:router Using app as the root directory for Expo Router.
2025-10-18T15:10:58.404Z expo:start:server:middleware:manifest Resolved entry point: index.ts (project root: /expo-project)
2025-10-18T15:10:58.404Z expo:start:server:metro:router Using app as the root directory for Expo Router.
2025-10-18T15:11:00.505Z expo:start:server:middleware:manifest Resolved entry point: index.ts (project root: /expo-project)
2025-10-18T15:11:00.505Z expo:start:server:metro:router Using app as the root directory for Expo Router.
2025-10-18T15:11:02.606Z expo:start:server:middleware:manifest Resolved entry point: index.ts (project root: /expo-project)
2025-10-18T15:11:02.606Z expo:start:server:metro:router Using app as the root directory for Expo Router.
2025-10-18T15:11:04.703Z expo:start:server:middleware:manifest Resolved entry point: index.ts (project root: /expo-project)
2025-10-18T15:11:04.703Z expo:start:server:metro:router Using app as the root directory for Expo Router.
2025-10-18T15:11:06.786Z expo:start:server:middleware:manifest Resolved entry point: index.ts (project root: /expo-project)
2025-10-18T15:11:06.786Z expo:start:server:metro:router Using app as the root directory for Expo Router.
2025-10-18T15:11:08.888Z expo:start:server:middleware:manifest Resolved entry point: index.ts (project root: /expo-project)
2025-10-18T15:11:08.888Z expo:start:server:metro:router Using app as the root directory for Expo Router.
2025-10-18T15:11:10.978Z expo:start:server:middleware:manifest Resolved entry point: index.ts (project root: /expo-project)
2025-10-18T15:11:10.979Z expo:start:server:metro:router Using app as the root directory for Expo Router.
2025-10-18T15:11:13.092Z expo:start:server:middleware:manifest Resolved entry point: index.ts (project root: /expo-project)
2025-10-18T15:11:13.092Z expo:start:server:metro:router Using app as the root directory for Expo Router.
2025-10-18T15:11:15.177Z expo:start:server:middleware:manifest Resolved entry point: index.ts (project root: /expo-project)
2025-10-18T15:11:15.177Z expo:start:server:metro:router Using app as the root directory for Expo Router.
2025-10-18T15:11:17.263Z expo:start:server:middleware:manifest Resolved entry point: index.ts (project root: /expo-project)
2025-10-18T15:11:17.264Z expo:start:server:metro:router Using app as the root directory for Expo Router.
2025-10-18T15:11:19.371Z expo:start:server:middleware:manifest Resolved entry point: index.ts (project root: /expo-project)
2025-10-18T15:11:19.371Z expo:start:server:metro:router Using app as the root directory for Expo Router.
2025-10-18T15:11:21.476Z expo:start:server:middleware:manifest Resolved entry point: index.ts (project root: /expo-project)
2025-10-18T15:11:21.477Z expo:start:server:metro:router Using app as the root directory for Expo Router.
2025-10-18T15:11:23.583Z expo:start:server:middleware:manifest Resolved entry point: index.ts (project root: /expo-project)
2025-10-18T15:11:23.583Z expo:start:server:metro:router Using app as the root directory for Expo Router.
2025-10-18T15:11:25.815Z expo:start:server:middleware:manifest Resolved entry point: index.ts (project root: /expo-project)
2025-10-18T15:11:25.816Z expo:start:server:metro:router Using app as the root directory for Expo Router.
2025-10-18T15:11:27.918Z expo:start:server:middleware:manifest Resolved entry point: index.ts (project root: /expo-project)
2025-10-18T15:11:27.919Z expo:start:server:metro:router Using app as the root directory for Expo Router.
2025-10-18T15:11:30.021Z expo:start:server:middleware:manifest Resolved entry point: index.ts (project root: /expo-project)
2025-10-18T15:11:30.021Z expo:start:server:metro:router Using app as the root directory for Expo Router.
2025-10-18T15:11:32.142Z expo:start:server:middleware:manifest Resolved entry point: index.ts (project root: /expo-project)
2025-10-18T15:11:32.142Z expo:start:server:metro:router Using app as the root directory for Expo Router.
2025-10-18T15:11:34.249Z expo:start:server:middleware:manifest Resolved entry point: index.ts (project root: /expo-project)
2025-10-18T15:11:34.250Z expo:start:server:metro:router Using app as the root directory for Expo Router.
2025-10-18T15:11:36.336Z expo:start:server:middleware:manifest Resolved entry point: index.ts (project root: /expo-project)
2025-10-18T15:11:36.336Z expo:start:server:metro:router Using app as the root directory for Expo Router.
2025-10-18T15:11:38.437Z expo:start:server:middleware:manifest Resolved entry point: index.ts (project root: /expo-project)
2025-10-18T15:11:38.437Z expo:start:server:metro:router Using app as the root directory for Expo Router.
2025-10-18T15:11:40.518Z expo:start:server:middleware:manifest Resolved entry point: index.ts (project root: /expo-project)
2025-10-18T15:11:40.518Z expo:start:server:metro:router Using app as the root directory for Expo Router.
2025-10-18T15:11:42.624Z expo:start:server:middleware:manifest Resolved entry point: index.ts (project root: /expo-project)
2025-10-18T15:11:42.624Z expo:start:server:metro:router Using app as the root directory for Expo Router.
2025-10-18T15:11:44.725Z expo:start:server:middleware:manifest Resolved entry point: index.ts (project root: /expo-project)
2025-10-18T15:11:44.725Z expo:start:server:metro:router Using app as the root directory for Expo Router.
2025-10-18T15:11:46.825Z expo:start:server:middleware:manifest Resolved entry point: index.ts (project root: /expo-project)
2025-10-18T15:11:46.825Z expo:start:server:metro:router Using app as the root directory for Expo Router.
2025-10-18T15:11:48.925Z expo:start:server:middleware:manifest Resolved entry point: index.ts (project root: /expo-project)
2025-10-18T15:11:48.925Z expo:start:server:metro:router Using app as the root directory for Expo Router.
2025-10-18T15:11:51.029Z expo:start:server:middleware:manifest Resolved entry point: index.ts (project root: /expo-project)
2025-10-18T15:11:51.029Z expo:start:server:metro:router Using app as the root directory for Expo Router.
2025-10-18T15:11:53.134Z expo:start:server:middleware:manifest Resolved entry point: index.ts (project root: /expo-project)
2025-10-18T15:11:53.134Z expo:start:server:metro:router Using app as the root directory for Expo Router.
2025-10-18T15:11:55.235Z expo:start:server:middleware:manifest Resolved entry point: index.ts (project root: /expo-project)
2025-10-18T15:11:55.238Z expo:start:server:metro:router Using app as the root directory for Expo Router.
2025-10-18T15:11:57.325Z expo:start:server:middleware:manifest Resolved entry point: index.ts (project root: /expo-project)
2025-10-18T15:11:57.326Z expo:start:server:metro:router Using app as the root directory for Expo Router.
2025-10-18T15:11:59.426Z expo:start:server:middleware:manifest Resolved entry point: index.ts (project root: /expo-project)
2025-10-18T15:11:59.426Z expo:start:server:metro:router Using app as the root directory for Expo Router.
2025-10-18T15:12:01.537Z expo:start:server:middleware:manifest Resolved entry point: index.ts (project root: /expo-project)
2025-10-18T15:12:01.537Z expo:start:server:metro:router Using app as the root directory for Expo Router.
2025-10-18T15:12:03.636Z expo:start:server:middleware:manifest Resolved entry point: index.ts (project root: /expo-project)
2025-10-18T15:12:03.636Z expo:start:server:metro:router Using app as the root directory for Expo Router.
2025-10-18T15:12:05.740Z expo:start:server:middleware:manifest Resolved entry point: index.ts (project root: /expo-project)
2025-10-18T15:12:05.740Z expo:start:server:metro:router Using app as the root directory for Expo Router.
2025-10-18T15:12:07.847Z expo:start:server:middleware:manifest Resolved entry point: index.ts (project root: /expo-project)
2025-10-18T15:12:07.848Z expo:start:server:metro:router Using app as the root directory for Expo Router.
2025-10-18T15:12:09.962Z expo:start:server:middleware:manifest Resolved entry point: index.ts (project root: /expo-project)
2025-10-18T15:12:09.962Z expo:start:server:metro:router Using app as the root directory for Expo Router.
2025-10-18T15:12:12.059Z expo:start:server:middleware:manifest Resolved entry point: index.ts (project root: /expo-project)
2025-10-18T15:12:12.059Z expo:start:server:metro:router Using app as the root directory for Expo Router.
2025-10-18T15:12:12.075Z expo:start:server:metro:metroWatchTypeScriptFiles Detected TypeScript file changed in the project:  /expo-project/app/(tabs)/(home)/index.tsx
2025-10-18T15:12:14.148Z expo:start:server:middleware:manifest Resolved entry point: index.ts (project root: /expo-project)
2025-10-18T15:12:14.149Z expo:start:server:metro:router Using app as the root directory for Expo Router.
2025-10-18T15:12:16.257Z expo:start:server:middleware:manifest Resolved entry point: index.ts (project root: /expo-project)
2025-10-18T15:12:16.257Z expo:start:server:metro:router Using app as the root directory for Expo Router.
2025-10-18T15:12:18.362Z expo:start:server:middleware:manifest Resolved entry point: index.ts (project root: /expo-project)
2025-10-18T15:12:18.363Z expo:start:server:metro:router Using app as the root directory for Expo Router.
2025-10-18T15:12:20.451Z expo:start:server:middleware:manifest Resolved entry point: index.ts (project root: /expo-project)
2025-10-18T15:12:20.451Z expo:start:server:metro:router Using app as the root directory for Expo Router.
2025-10-18T15:12:22.554Z expo:start:server:middleware:manifest Resolved entry point: index.ts (project root: /expo-project)
2025-10-18T15:12:22.554Z expo:start:server:metro:router Using app as the root directory for Expo Router.
2025-10-18T15:12:24.656Z expo:start:server:middleware:manifest Resolved entry point: index.ts (project root: /expo-project)
2025-10-18T15:12:24.656Z expo:start:server:metro:router Using app as the root directory for Expo Router.
2025-10-18T15:12:26.762Z expo:start:server:middleware:manifest Resolved entry point: index.ts (project root: /expo-project)
2025-10-18T15:12:26.762Z expo:start:server:metro:router Using app as the root directory for Expo Router.
2025-10-18T15:12:28.855Z expo:start:server:middleware:manifest Resolved entry point: index.ts (project root: /expo-project)
2025-10-18T15:12:28.855Z expo:start:server:metro:router Using app as the root directory for Expo Router.
2025-10-18T15:12:30.956Z expo:start:server:middleware:manifest Resolved entry point: index.ts (project root: /expo-project)
2025-10-18T15:12:30.957Z expo:start:server:metro:router Using app as the root directory for Expo Router.
2025-10-18T15:12:33.066Z expo:start:server:middleware:manifest Resolved entry point: index.ts (project root: /expo-project)
2025-10-18T15:12:33.074Z expo:start:server:metro:router Using app as the root directory for Expo Router.
2025-10-18T15:12:35.170Z expo:start:server:middleware:manifest Resolved entry point: index.ts (project root: /expo-project)
2025-10-18T15:12:35.170Z expo:start:server:metro:router Using app as the root directory for Expo Router.
2025-10-18T15:12:37.279Z expo:start:server:middleware:manifest Resolved entry point: index.ts (project root: /expo-project)
2025-10-18T15:12:37.279Z expo:start:server:metro:router Using app as the root directory for Expo Router.
2025-10-18T15:12:39.369Z expo:start:server:middleware:manifest Resolved entry point: index.ts (project root: /expo-project)
2025-10-18T15:12:39.369Z expo:start:server:metro:router Using app as the root directory for Expo Router.
2025-10-18T15:12:41.475Z expo:start:server:middleware:manifest Resolved entry point: index.ts (project root: /expo-project)
2025-10-18T15:12:41.475Z expo:start:server:metro:router Using app as the root directory for Expo Router.
2025-10-18T15:12:43.578Z expo:start:server:middleware:manifest Resolved entry point: index.ts (project root: /expo-project)
2025-10-18T15:12:43.579Z expo:start:server:metro:router Using app as the root directory for Expo Router.
2025-10-18T15:12:45.680Z expo:start:server:middleware:manifest Resolved entry point: index.ts (project root: /expo-project)
2025-10-18T15:12:45.680Z expo:start:server:metro:router Using app as the root directory for Expo Router.
2025-10-18T15:12:47.782Z expo:start:server:middleware:manifest Resolved entry point: index.ts (project root: /expo-project)
2025-10-18T15:12:47.782Z expo:start:server:metro:router Using app as the root directory for Expo Router.
2025-10-18T15:12:48.991Z expo:start:server:metro:metroWatchTypeScriptFiles Detected TypeScript file changed in the project:  /expo-project/app/(tabs)/study.tsx
2025-10-18T15:12:49.891Z expo:start:server:middleware:manifest Resolved entry point: index.ts (project root: /expo-project)
2025-10-18T15:12:49.891Z expo:start:server:metro:router Using app as the root directory for Expo Router.
2025-10-18T15:12:51.996Z expo:start:server:middleware:manifest Resolved entry point: index.ts (project root: /expo-project)
2025-10-18T15:12:51.996Z expo:start:server:metro:router Using app as the root directory for Expo Router.
2025-10-18T15:12:54.096Z expo:start:server:middleware:manifest Resolved entry point: index.ts (project root: /expo-project)
2025-10-18T15:12:54.096Z expo:start:server:metro:router Using app as the root directory for Expo Router.
2025-10-18T15:12:56.206Z expo:start:server:middleware:manifest Resolved entry point: index.ts (project root: /expo-project)
2025-10-18T15:12:56.206Z expo:start:server:metro:router Using app as the root directory for Expo Router.
2025-10-18T15:12:58.318Z expo:start:server:middleware:manifest Resolved entry point: index.ts (project root: /expo-project)
2025-10-18T15:12:58.318Z expo:start:server:metro:router Using app as the root directory for Expo Router.
2025-10-18T15:13:00.426Z expo:start:server:middleware:manifest Resolved entry point: index.ts (project root: /expo-project)
2025-10-18T15:13:00.426Z expo:start:server:metro:router Using app as the root directory for Expo Router.
2025-10-18T15:13:02.540Z expo:start:server:middleware:manifest Resolved entry point: index.ts (project root: /expo-project)
2025-10-18T15:13:02.540Z expo:start:server:metro:router Using app as the root directory for Expo Router.
2025-10-18T15:13:04.642Z expo:start:server:middleware:manifest Resolved entry point: index.ts (project root: /expo-project)
2025-10-18T15:13:04.642Z expo:start:server:metro:router Using app as the root directory for Expo Router.
2025-10-18T15:13:06.754Z expo:start:server:middleware:manifest Resolved entry point: index.ts (project root: /expo-project)
2025-10-18T15:13:06.754Z expo:start:server:metro:router Using app as the root directory for Expo Router.
2025-10-18T15:13:08.858Z expo:start:server:middleware:manifest Resolved entry point: index.ts (project root: /expo-project)
2025-10-18T15:13:08.858Z expo:start:server:metro:router Using app as the root directory for Expo Router.
2025-10-18T15:13:09.830Z expo:start:server:metro:metroWatchTypeScriptFiles Detected TypeScript file changed in the project:  /expo-project/app/grammar/[id].tsx
2025-10-18T15:13:10.947Z expo:start:server:middleware:manifest Resolved entry point: index.ts (project root: /expo-project)
2025-10-18T15:13:10.947Z expo:start:server:metro:router Using app as the root directory for Expo Router.
2025-10-18T15:13:13.031Z expo:start:server:middleware:manifest Resolved entry point: index.ts (project root: /expo-project)
2025-10-18T15:13:13.031Z expo:start:server:metro:router Using app as the root directory for Expo Router.
2025-10-18T15:13:15.137Z expo:start:server:middleware:manifest Resolved entry point: index.ts (project root: /expo-project)
2025-10-18T15:13:15.137Z expo:start:server:metro:router Using app as the root directory for Expo Router.
2025-10-18T15:13:17.243Z expo:start:server:middleware:manifest Resolved entry point: index.ts (project root: /expo-project)
2025-10-18T15:13:17.243Z expo:start:server:metro:router Using app as the root directory for Expo Router.
2025-10-18T15:13:19.353Z expo:start:server:middleware:manifest Resolved entry point: index.ts (project root: /expo-project)
2025-10-18T15:13:19.353Z expo:start:server:metro:router Using app as the root directory for Expo Router.
2025-10-18T15:13:21.486Z expo:start:server:middleware:manifest Resolved entry point: index.ts (project root: /expo-project)
2025-10-18T15:13:21.486Z expo:start:server:metro:router Using app as the root directory for Expo Router.
2025-10-18T15:13:23.623Z expo:start:server:middleware:manifest Resolved entry point: index.ts (project root: /expo-project)
2025-10-18T15:13:23.623Z expo:start:server:metro:router Using app as the root directory for Expo Router.
2025-10-18T15:13:25.733Z expo:start:server:middleware:manifest Resolved entry point: index.ts (project root: /expo-project)
2025-10-18T15:13:25.734Z expo:start:server:metro:router Using app as the root directory for Expo Router.
2025-10-18T15:13:27.831Z expo:start:server:middleware:manifest Resolved entry point: index.ts (project root: /expo-project)
2025-10-18T15:13:27.831Z expo:start:server:metro:router Using app as the root directory for Expo Router.
2025-10-18T15:13:29.934Z expo:start:server:middleware:manifest Resolved entry point: index.ts (project root: /expo-project)
2025-10-18T15:13:29.935Z expo:start:server:metro:router Using app as the root directory for Expo Router.
2025-10-18T15:13:30.906Z expo:start:server:metro:metroWatchTypeScriptFiles Detected TypeScript file changed in the project:  /expo-project/app/kanji/[id].tsx
2025-10-18T15:13:32.018Z expo:start:server:middleware:manifest Resolved entry point: index.ts (project root: /expo-project)
2025-10-18T15:13:32.018Z expo:start:server:metro:router Using app as the root directory for Expo Router.
2025-10-18T15:13:34.107Z expo:start:server:middleware:manifest Resolved entry point: index.ts (project root: /expo-project)
2025-10-18T15:13:34.107Z expo:start:server:metro:router Using app as the root directory for Expo Router.
2025-10-18T15:13:36.207Z expo:start:server:middleware:manifest Resolved entry point: index.ts (project root: /expo-project)
2025-10-18T15:13:36.207Z expo:start:server:metro:router Using app as the root directory for Expo Router.
2025-10-18T15:13:38.313Z expo:start:server:middleware:manifest Resolved entry point: index.ts (project root: /expo-project)
2025-10-18T15:13:38.313Z expo:start:server:metro:router Using app as the root directory for Expo Router.
2025-10-18T15:13:40.412Z expo:start:server:middleware:manifest Resolved entry point: index.ts (project root: /expo-project)
2025-10-18T15:13:40.412Z expo:start:server:metro:router Using app as the root directory for Expo Router.
2025-10-18T15:13:42.517Z expo:start:server:middleware:manifest Resolved entry point: index.ts (project root: /expo-project)
2025-10-18T15:13:42.517Z expo:start:server:metro:router Using app as the root directory for Expo Router.
2025-10-18T15:13:44.620Z expo:start:server:middleware:manifest Resolved entry point: index.ts (project root: /expo-project)
2025-10-18T15:13:44.620Z expo:start:server:metro:router Using app as the root directory for Expo Router.
2025-10-18T15:13:46.724Z expo:start:server:middleware:manifest Resolved entry point: index.ts (project root: /expo-project)
2025-10-18T15:13:46.724Z expo:start:server:metro:router Using app as the root directory for Expo Router.
2025-10-18T15:13:48.831Z expo:start:server:middleware:manifest Resolved entry point: index.ts (project root: /expo-project)
2025-10-18T15:13:48.831Z expo:start:server:metro:router Using app as the root directory for Expo Router.
2025-10-18T15:13:50.934Z expo:start:server:middleware:manifest Resolved entry point: index.ts (project root: /expo-project)
2025-10-18T15:13:50.934Z expo:start:server:metro:router Using app as the root directory for Expo Router.
2025-10-18T15:13:53.040Z expo:start:server:middleware:manifest Resolved entry point: index.ts (project root: /expo-project)
2025-10-18T15:13:53.041Z expo:start:server:metro:router Using app as the root directory for Expo Router.
2025-10-18T15:13:55.164Z expo:start:server:middleware:manifest Resolved entry point: index.ts (project root: /expo-project)
2025-10-18T15:13:55.164Z expo:start:server:metro:router Using app as the root directory for Expo Router.
2025-10-18T15:13:57.256Z expo:start:server:middleware:manifest Resolved entry point: index.ts (project root: /expo-project)
2025-10-18T15:13:57.256Z expo:start:server:metro:router Using app as the root directory for Expo Router.
2025-10-18T15:13:59.345Z expo:start:server:middleware:manifest Resolved entry point: index.ts (project root: /expo-project)
2025-10-18T15:13:59.345Z expo:start:server:metro:router Using app as the root directory for Expo Router.
2025-10-18T15:14:00.329Z expo:start:server:metro:metroWatchTypeScriptFiles Detected TypeScript file changed in the project:  /expo-project/app/vocab/[id].tsx
2025-10-18T15:14:01.444Z expo:start:server:middleware:manifest Resolved entry point: index.ts (project root: /expo-project)
2025-10-18T15:14:01.444Z expo:start:server:metro:router Using app as the root directory for Expo Router.
2025-10-18T15:14:03.545Z expo:start:server:middleware:manifest Resolved entry point: index.ts (project root: /expo-project)
2025-10-18T15:14:03.545Z expo:start:server:metro:router Using app as the root directory for Expo Router.
2025-10-18T15:14:05.642Z expo:start:server:middleware:manifest Resolved entry point: index.ts (project root: /expo-project)
2025-10-18T15:14:05.642Z expo:start:server:metro:router Using app as the root directory for Expo Router.
2025-10-18T15:14:07.745Z expo:start:server:middleware:manifest Resolved entry point: index.ts (project root: /expo-project)
2025-10-18T15:14:07.746Z expo:start:server:metro:router Using app as the root directory for Expo Router.
2025-10-18T15:14:09.830Z expo:start:server:middleware:manifest Resolved entry point: index.ts (project root: /expo-project)
2025-10-18T15:14:09.830Z expo:start:server:metro:router Using app as the root directory for Expo Router.
2025-10-18T15:14:11.930Z expo:start:server:middleware:manifest Resolved entry point: index.ts (project root: /expo-project)
2025-10-18T15:14:11.931Z expo:start:server:metro:router Using app as the root directory for Expo Router.
2025-10-18T15:14:12.262Z expo:start:server:metro:metroWatchTypeScriptFiles Detected TypeScript file changed in the project:  /expo-project/components/FloatingTabBar.tsx
2025-10-18T15:14:14.017Z expo:start:server:middleware:manifest Resolved entry point: index.ts (project root: /expo-project)
2025-10-18T15:14:14.017Z expo:start:server:metro:router Using app as the root directory for Expo Router.
2025-10-18T15:14:16.121Z expo:start:server:middleware:manifest Resolved entry point: index.ts (project root: /expo-project)
2025-10-18T15:14:16.121Z expo:start:server:metro:router Using app as the root directory for Expo Router.
2025-10-18T15:14:18.207Z expo:start:server:middleware:manifest Resolved entry point: index.ts (project root: /expo-project)
2025-10-18T15:14:18.207Z expo:start:server:metro:router Using app as the root directory for Expo Router.
2025-10-18T15:14:20.312Z expo:start:server:middleware:manifest Resolved entry point: index.ts (project root: /expo-project)
2025-10-18T15:14:20.313Z expo:start:server:metro:router Using app as the root directory for Expo Router.
2025-10-18T15:14:21.699Z expo:start:server:metro:metroWatchTypeScriptFiles Detected TypeScript file changed in the project:  /expo-project/components/FuriganaText.tsx
2025-10-18T15:14:22.417Z expo:start:server:middleware:manifest Resolved entry point: index.ts (project root: /expo-project)
2025-10-18T15:14:22.417Z expo:start:server:metro:router Using app as the root directory for Expo Router.
2025-10-18T15:14:24.522Z expo:start:server:middleware:manifest Resolved entry point: index.ts (project root: /expo-project)
2025-10-18T15:14:24.522Z expo:start:server:metro:router Using app as the root directory for Expo Router.
2025-10-18T15:14:26.625Z expo:start:server:middleware:manifest Resolved entry point: index.ts (project root: /expo-project)
2025-10-18T15:14:26.625Z expo:start:server:metro:router Using app as the root directory for Expo Router.
2025-10-18T15:14:28.729Z expo:start:server:middleware:manifest Resolved entry point: index.ts (project root: /expo-project)
2025-10-18T15:14:28.729Z expo:start:server:metro:router Using app as the root directory for Expo Router.
2025-10-18T15:14:30.828Z expo:start:server:middleware:manifest Resolved entry point: index.ts (project root: /expo-project)
2025-10-18T15:14:30.828Z expo:start:server:metro:router Using app as the root directory for Expo Router.
2025-10-18T15:14:32.931Z expo:start:server:middleware:manifest Resolved entry point: index.ts (project root: /expo-project)
2025-10-18T15:14:32.931Z expo:start:server:metro:router Using app as the root directory for Expo Router.
2025-10-18T15:14:35.037Z expo:start:server:middleware:manifest Resolved entry point: index.ts (project root: /expo-project)
2025-10-18T15:14:35.037Z expo:start:server:metro:router Using app as the root directory for Expo Router.
2025-10-18T15:14:37.141Z expo:start:server:middleware:manifest Resolved entry point: index.ts (project root: /expo-project)
2025-10-18T15:14:37.141Z expo:start:server:metro:router Using app as the root directory for Expo Router.
2025-10-18T15:14:39.231Z expo:start:server:middleware:manifest Resolved entry point: index.ts (project root: /expo-project)
2025-10-18T15:14:39.231Z expo:start:server:metro:router Using app as the root directory for Expo Router.
2025-10-18T15:14:41.339Z expo:start:server:middleware:manifest Resolved entry point: index.ts (project root: /expo-project)
2025-10-18T15:14:41.339Z expo:start:server:metro:router Using app as the root directory for Expo Router.
2025-10-18T15:14:43.447Z expo:start:server:middleware:manifest Resolved entry point: index.ts (project root: /expo-project)
2025-10-18T15:14:43.447Z expo:start:server:metro:router Using app as the root directory for Expo Router.
2025-10-18T15:14:45.562Z expo:start:server:middleware:manifest Resolved entry point: index.ts (project root: /expo-project)
2025-10-18T15:14:45.562Z expo:start:server:metro:router Using app as the root directory for Expo Router.
2025-10-18T15:14:47.668Z expo:start:server:middleware:manifest Resolved entry point: index.ts (project root: /expo-project)
2025-10-18T15:14:47.668Z expo:start:server:metro:router Using app as the root directory for Expo Router.
2025-10-18T15:14:49.768Z expo:start:server:middleware:manifest Resolved entry point: index.ts (project root: /expo-project)
2025-10-18T15:14:49.768Z expo:start:server:metro:router Using app as the root directory for Expo Router.
2025-10-18T15:14:51.864Z expo:start:server:middleware:manifest Resolved entry point: index.ts (project root: /expo-project)
2025-10-18T15:14:51.864Z expo:start:server:metro:router Using app as the root directory for Expo Router.
2025-10-18T15:14:53.975Z expo:start:server:middleware:manifest Resolved entry point: index.ts (project root: /expo-project)
2025-10-18T15:14:53.975Z expo:start:server:metro:router Using app as the root directory for Expo Router.
2025-10-18T15:14:56.083Z expo:start:server:middleware:manifest Resolved entry point: index.ts (project root: /expo-project)
2025-10-18T15:14:56.084Z expo:start:server:metro:router Using app as the root directory for Expo Router.
2025-10-18T15:14:56.092Z expo:start:server:metro:metroWatchTypeScriptFiles Detected TypeScript file changed in the project:  /expo-project/utils/database.ts
2025-10-18T15:14:58.185Z expo:start:server:middleware:manifest Resolved entry point: index.ts (project root: /expo-project)
2025-10-18T15:14:58.185Z expo:start:server:metro:router Using app as the root directory for Expo Router.
2025-10-18T15:15:00.272Z expo:start:server:middleware:manifest Resolved entry point: index.ts (project root: /expo-project)
2025-10-18T15:15:00.273Z expo:start:server:metro:router Using app as the root directory for Expo Router.
2025-10-18T15:15:02.364Z expo:start:server:middleware:manifest Resolved entry point: index.ts (project root: /expo-project)
2025-10-18T15:15:02.364Z expo:start:server:metro:router Using app as the root directory for Expo Router.
2025-10-18T15:15:04.453Z expo:start:server:middleware:manifest Resolved entry point: index.ts (project root: /expo-project)
2025-10-18T15:15:04.453Z expo:start:server:metro:router Using app as the root directory for Expo Router.
2025-10-18T15:15:06.542Z expo:start:server:middleware:manifest Resolved entry point: index.ts (project root: /expo-project)
2025-10-18T15:15:06.542Z expo:start:server:metro:router Using app as the root directory for Expo Router.
2025-10-18T15:15:08.646Z expo:start:server:middleware:manifest Resolved entry point: index.ts (project root: /expo-project)
2025-10-18T15:15:08.649Z expo:start:server:metro:router Using app as the root directory for Expo Router.
2025-10-18T15:15:10.751Z expo:start:server:middleware:manifest Resolved entry point: index.ts (project root: /expo-project)
2025-10-18T15:15:10.752Z expo:start:server:metro:router Using app as the root directory for Expo Router.
2025-10-18T15:15:12.853Z expo:start:server:middleware:manifest Resolved entry point: index.ts (project root: /expo-project)
2025-10-18T15:15:12.853Z expo:start:server:metro:router Using app as the root directory for Expo Router.
2025-10-18T15:15:14.952Z expo:start:server:middleware:manifest Resolved entry point: index.ts (project root: /expo-project)
2025-10-18T15:15:14.952Z expo:start:server:metro:router Using app as the root directory for Expo Router.
2025-10-18T15:15:17.062Z expo:start:server:middleware:manifest Resolved entry point: index.ts (project root: /expo-project)
2025-10-18T15:15:17.062Z expo:start:server:metro:router Using app as the root directory for Expo Router.
2025-10-18T15:15:19.169Z expo:start:server:middleware:manifest Resolved entry point: index.ts (project root: /expo-project)
2025-10-18T15:15:19.169Z expo:start:server:metro:router Using app as the root directory for Expo Router.
2025-10-18T15:15:21.269Z expo:start:server:middleware:manifest Resolved entry point: index.ts (project root: /expo-project)
2025-10-18T15:15:21.269Z expo:start:server:metro:router Using app as the root directory for Expo Router.
2025-10-18T15:15:23.370Z expo:start:server:middleware:manifest Resolved entry point: index.ts (project root: /expo-project)
2025-10-18T15:15:23.370Z expo:start:server:metro:router Using app as the root directory for Expo Router.
2025-10-18T15:15:25.034Z expo:start:server:middleware:manifest Resolved entry point: index.ts (project root: /expo-project)
2025-10-18T15:15:25.034Z expo:start:server:metro:router Using app as the root directory for Expo Router.
Web ./index.ts ░░░░░░░░░░░░░░░░  0.0% (0/1)
2025-10-18T15:15:25.295Z expo:metro-config:serializer:env-var Injecting environment variables in virtual module.
Web Bundled 48ms index.ts (1 module)
2025-10-18T15:15:25.474Z expo:start:server:middleware:manifest Resolved entry point: index.ts (project root: /expo-project)
2025-10-18T15:15:25.474Z expo:start:server:metro:router Using app as the root directory for Expo Router.
 LOG  [web] Logs will appear in the browser console
2025-10-18T15:15:27.710Z expo:start:server:middleware:manifest Resolved entry point: index.ts (project root: /expo-project)
2025-10-18T15:15:27.710Z expo:start:server:metro:router Using app as the root directory for Expo Router.
2025-10-18T15:15:29.813Z expo:start:server:middleware:manifest Resolved entry point: index.ts (project root: /expo-project)
2025-10-18T15:15:29.813Z expo:start:server:metro:router Using app as the root directory for Expo Router.
2025-10-18T15:15:31.915Z expo:start:server:middleware:manifest Resolved entry point: index.ts (project root: /expo-project)
2025-10-18T15:15:31.916Z expo:start:server:metro:router Using app as the root directory for Expo Router.
2025-10-18T15:15:34.021Z expo:start:server:middleware:manifest Resolved entry point: index.ts (project root: /expo-project)
2025-10-18T15:15:34.021Z expo:start:server:metro:router Using app as the root directory for Expo Router.
2025-10-18T15:15:36.107Z expo:start:server:middleware:manifest Resolved entry point: index.ts (project root: /expo-project)
2025-10-18T15:15:36.107Z expo:start:server:metro:router Using app as the root directory for Expo Router.
2025-10-18T15:15:38.208Z expo:start:server:middleware:manifest Resolved entry point: index.ts (project root: /expo-project)
2025-10-18T15:15:38.208Z expo:start:server:metro:router Using app as the root directory for Expo Router.
2025-10-18T15:15:40.321Z expo:start:server:middleware:manifest Resolved entry point: index.ts (project root: /expo-project)
2025-10-18T15:15:40.321Z expo:start:server:metro:router Using app as the root directory for Expo Router.
2025-10-18T15:15:42.422Z expo:start:server:middleware:manifest Resolved entry point: index.ts (project root: /expo-project)
2025-10-18T15:15:42.422Z expo:start:server:metro:router Using app as the root directory for Expo Router.
2025-10-18T15:15:44.523Z expo:start:server:middleware:manifest Resolved entry point: index.ts (project root: /expo-project)
2025-10-18T15:15:44.523Z expo:start:server:metro:router Using app as the root directory for Expo Router.
2025-10-18T15:15:46.629Z expo:start:server:middleware:manifest Resolved entry point: index.ts (project root: /expo-project)
2025-10-18T15:15:46.629Z expo:start:server:metro:router Using app as the root directory for Expo Router.
2025-10-18T15:15:48.719Z expo:start:server:middleware:manifest Resolved entry point: index.ts (project root: /expo-project)
2025-10-18T15:15:48.719Z expo:start:server:metro:router Using app as the root directory for Expo Router.
2025-10-18T15:15:50.834Z expo:start:server:middleware:manifest Resolved entry point: index.ts (project root: /expo-project)
2025-10-18T15:15:50.834Z expo:start:server:metro:router Using app as the root directory for Expo Router.
2025-10-18T15:15:52.950Z expo:start:server:middleware:manifest Resolved entry point: index.ts (project root: /expo-project)
2025-10-18T15:15:52.950Z expo:start:server:metro:router Using app as the root directory for Expo Router.
2025-10-18T15:15:55.055Z expo:start:server:middleware:manifest Resolved entry point: index.ts (project root: /expo-project)
2025-10-18T15:15:55.055Z expo:start:server:metro:router Using app as the root directory for Expo Router.
2025-10-18T15:15:57.146Z expo:start:server:middleware:manifest Resolved entry point: index.ts (project root: /expo-project)
2025-10-18T15:15:57.150Z expo:start:server:metro:router Using app as the root directory for Expo Router.
2025-10-18T15:15:59.255Z expo:start:server:middleware:manifest Resolved entry point: index.ts (project root: /expo-project)
2025-10-18T15:15:59.256Z expo:start:server:metro:router Using app as the root directory for Expo Router.
2025-10-18T15:16:01.365Z expo:start:server:middleware:manifest Resolved entry point: index.ts (project root: /expo-project)
2025-10-18T15:16:01.365Z expo:start:server:metro:router Using app as the root directory for Expo Router.
2025-10-18T15:16:03.474Z expo:start:server:middleware:manifest Resolved entry point: index.ts (project root: /expo-project)
2025-10-18T15:16:03.475Z expo:start:server:metro:router Using app as the root directory for Expo Router.
2025-10-18T15:16:05.579Z expo:start:server:middleware:manifest Resolved entry point: index.ts (project root: /expo-project)
2025-10-18T15:16:05.579Z expo:start:server:metro:router Using app as the root directory for Expo Router.
2025-10-18T15:16:07.671Z expo:start:server:middleware:manifest Resolved entry point: index.ts (project root: /expo-project)
2025-10-18T15:16:07.671Z expo:start:server:metro:router Using app as the root directory for Expo Router.
2025-10-18T15:16:09.760Z expo:start:server:middleware:manifest Resolved entry point: index.ts (project root: /expo-project)
2025-10-18T15:16:09.760Z expo:start:server:metro:router Using app as the root directory for Expo Router.
2025-10-18T15:16:11.866Z expo:start:server:middleware:manifest Resolved entry point: index.ts (project root: /expo-project)
2025-10-18T15:16:11.866Z expo:start:server:metro:router Using app as the root directory for Expo Router.
2025-10-18T15:16:13.964Z expo:start:server:middleware:manifest Resolved entry point: index.ts (project root: /expo-project)
2025-10-18T15:16:13.964Z expo:start:server:metro:router Using app as the root directory for Expo Router.
2025-10-18T15:16:16.067Z expo:start:server:middleware:manifest Resolved entry point: index.ts (project root: /expo-project)
2025-10-18T15:16:16.067Z expo:start:server:metro:router Using app as the root directory for Expo Router.
2025-10-18T15:16:18.155Z expo:start:server:middleware:manifest Resolved entry point: index.ts (project root: /expo-project)
2025-10-18T15:16:18.155Z expo:start:server:metro:router Using app as the root directory for Expo Router.
2025-10-18T15:16:20.254Z expo:start:server:middleware:manifest Resolved entry point: index.ts (project root: /expo-project)
2025-10-18T15:16:20.254Z expo:start:server:metro:router Using app as the root directory for Expo Router.
2025-10-18T15:16:22.353Z expo:start:server:middleware:manifest Resolved entry point: index.ts (project root: /expo-project)
2025-10-18T15:16:22.353Z expo:start:server:metro:router Using app as the root directory for Expo Router.
2025-10-18T15:16:24.463Z expo:start:server:middleware:manifest Resolved entry point: index.ts (project root: /expo-project)
2025-10-18T15:16:24.463Z expo:start:server:metro:router Using app as the root directory for Expo Router.
2025-10-18T15:16:26.559Z expo:start:server:middleware:manifest Resolved entry point: index.ts (project root: /expo-project)
2025-10-18T15:16:26.559Z expo:start:server:metro:router Using app as the root directory for Expo Router.
2025-10-18T15:16:28.643Z expo:start:server:middleware:manifest Resolved entry point: index.ts (project root: /expo-project)
2025-10-18T15:16:28.643Z expo:start:server:metro:router Using app as the root directory for Expo Router.
2025-10-18T15:16:30.728Z expo:start:server:middleware:manifest Resolved entry point: index.ts (project root: /expo-project)
2025-10-18T15:16:30.728Z expo:start:server:metro:router Using app as the root directory for Expo Router.
2025-10-18T15:16:32.845Z expo:start:server:middleware:manifest Resolved entry point: index.ts (project root: /expo-project)
2025-10-18T15:16:32.845Z expo:start:server:metro:router Using app as the root directory for Expo Router.
2025-10-18T15:16:34.925Z expo:start:server:middleware:manifest Resolved entry point: index.ts (project root: /expo-project)
2025-10-18T15:16:34.925Z expo:start:server:metro:router Using app as the root directory for Expo Router.
2025-10-18T15:16:37.014Z expo:start:server:middleware:manifest Resolved entry point: index.ts (project root: /expo-project)
2025-10-18T15:16:37.014Z expo:start:server:metro:router Using app as the root directory for Expo Router.
2025-10-18T15:16:39.120Z expo:start:server:middleware:manifest Resolved entry point: index.ts (project root: /expo-project)
2025-10-18T15:16:39.121Z expo:start:server:metro:router Using app as the root directory for Expo Router.
2025-10-18T15:16:41.223Z expo:start:server:middleware:manifest Resolved entry point: index.ts (project root: /expo-project)
2025-10-18T15:16:41.224Z expo:start:server:metro:router Using app as the root directory for Expo Router.
2025-10-18T15:16:43.337Z expo:start:server:middleware:manifest Resolved entry point: index.ts (project root: /expo-project)
2025-10-18T15:16:43.337Z expo:start:server:metro:router Using app as the root directory for Expo Router.
2025-10-18T15:16:45.429Z expo:start:server:middleware:manifest Resolved entry point: index.ts (project root: /expo-project)
2025-10-18T15:16:45.429Z expo:start:server:metro:router Using app as the root directory for Expo Router.
2025-10-18T15:16:47.539Z expo:start:server:middleware:manifest Resolved entry point: index.ts (project root: /expo-project)
2025-10-18T15:16:47.539Z expo:start:server:metro:router Using app as the root directory for Expo Router.
2025-10-18T15:16:49.628Z expo:start:server:middleware:manifest Resolved entry point: index.ts (project root: /expo-project)
2025-10-18T15:16:49.628Z expo:start:server:metro:router Using app as the root directory for Expo Router.
2025-10-18T15:16:50.325Z expo:start:server:metro:multi-platform Skipping production module: ./cjs/react.production.js
2025-10-18T15:16:50.334Z expo:start:server:metro:multi-platform Skipping production module: ./cjs/react-dom-client.production.js
2025-10-18T15:16:50.336Z expo:start:server:metro:multi-platform Skipping production module: ./cjs/scheduler.production.js
2025-10-18T15:16:50.344Z expo:start:server:metro:multi-platform Skipping production module: ./cjs/react-jsx-dev-runtime.production.js
2025-10-18T15:16:50.345Z expo:start:server:metro:multi-platform Skipping production module: ./cjs/react-dom.production.js
2025-10-18T15:16:50.483Z expo:start:server:metro:multi-platform Skipping production module: ./cjs/react-jsx-runtime.production.js
2025-10-18T15:16:50.490Z expo:start:server:metro:multi-platform Skipping production module: ./cjs/react-is.production.js
2025-10-18T15:16:50.551Z expo:start:server:metro:multi-platform Redirecting module "/expo-project/node_modules/react-native-web/dist/exports/BackHandler/index.js" to shim
2025-10-18T15:16:50.554Z expo:start:server:metro:multi-platform Redirecting module "/expo-project/node_modules/react-native-web/dist/exports/AppRegistry/AppContainer.js" to shim
2025-10-18T15:16:50.559Z expo:start:server:metro:multi-platform Redirecting module "/expo-project/node_modules/react-native-web/dist/exports/BackHandler/index.js" to shim
2025-10-18T15:16:50.597Z expo:start:server:metro:multi-platform Skipping production module: ./cjs/react-refresh-runtime.production.min.js
2025-10-18T15:16:50.604Z expo:start:server:metro:multi-platform Skipping production module: ./cjs/react-is.production.min.js
2025-10-18T15:16:50.862Z expo:start:server:metro:multi-platform Skipping production module: ./cjs/react-is.production.min.js
2025-10-18T15:16:51.209Z expo:start:server:metro:multi-platform Skipping production module: ./cjs/react.production.js
2025-10-18T15:16:51.216Z expo:start:server:metro:multi-platform Skipping production module: ./cjs/scheduler.production.js
2025-10-18T15:16:51.216Z expo:start:server:metro:multi-platform Skipping production module: ./cjs/react-dom-client.production.js
2025-10-18T15:16:51.221Z expo:start:server:metro:multi-platform Skipping production module: ./cjs/react-jsx-dev-runtime.production.js
2025-10-18T15:16:51.229Z expo:start:server:metro:multi-platform Skipping production module: ./cjs/react-dom.production.js
2025-10-18T15:16:51.321Z expo:start:server:metro:multi-platform Skipping production module: ./cjs/react-jsx-runtime.production.js
2025-10-18T15:16:51.328Z expo:start:server:metro:multi-platform Skipping production module: ./cjs/react-is.production.js
2025-10-18T15:16:51.380Z expo:start:server:metro:multi-platform Redirecting module "/expo-project/node_modules/react-native-web/dist/exports/BackHandler/index.js" to shim
2025-10-18T15:16:51.383Z expo:start:server:metro:multi-platform Redirecting module "/expo-project/node_modules/react-native-web/dist/exports/BackHandler/index.js" to shim
2025-10-18T15:16:51.390Z expo:start:server:metro:multi-platform Redirecting module "/expo-project/node_modules/react-native-web/dist/exports/AppRegistry/AppContainer.js" to shim
2025-10-18T15:16:51.416Z expo:start:server:metro:multi-platform Skipping production module: ./cjs/react-refresh-runtime.production.min.js
2025-10-18T15:16:51.421Z expo:start:server:metro:multi-platform Skipping production module: ./cjs/react-is.production.min.js
2025-10-18T15:16:51.663Z expo:start:server:metro:multi-platform Skipping production module: ./cjs/react-is.production.min.js
2025-10-18T15:16:51.751Z expo:start:server:middleware:manifest Resolved entry point: index.ts (project root: /expo-project)
2025-10-18T15:16:51.754Z expo:start:server:metro:router Using app as the root directory for Expo Router.
2025-10-18T15:16:53.839Z expo:start:server:middleware:manifest Resolved entry point: index.ts (project root: /expo-project)
2025-10-18T15:16:53.840Z expo:start:server:metro:router Using app as the root directory for Expo Router.
2025-10-18T15:16:55.936Z expo:start:server:middleware:manifest Resolved entry point: index.ts (project root: /expo-project)
2025-10-18T15:16:55.936Z expo:start:server:metro:router Using app as the root directory for Expo Router.
2025-10-18T15:16:58.033Z expo:start:server:middleware:manifest Resolved entry point: index.ts (project root: /expo-project)
2025-10-18T15:16:58.034Z expo:start:server:metro:router Using app as the root directory for Expo Router.
2025-10-18T15:16:59.995Z expo:start:server:metro:metroWatchTypeScriptFiles Detected TypeScript file changed in the project:  /expo-project/types/dictionary.ts
2025-10-18T15:17:00.132Z expo:start:server:middleware:manifest Resolved entry point: index.ts (project root: /expo-project)
2025-10-18T15:17:00.135Z expo:start:server:metro:router Using app as the root directory for Expo Router.
2025-10-18T15:17:02.229Z expo:start:server:middleware:manifest Resolved entry point: index.ts (project root: /expo-project)
2025-10-18T15:17:02.229Z expo:start:server:metro:router Using app as the root directory for Expo Router.
2025-10-18T15:17:04.329Z expo:start:server:middleware:manifest Resolved entry point: index.ts (project root: /expo-project)
2025-10-18T15:17:04.329Z expo:start:server:metro:router Using app as the root directory for Expo Router.
2025-10-18T15:17:06.440Z expo:start:server:middleware:manifest Resolved entry point: index.ts (project root: /expo-project)
2025-10-18T15:17:06.440Z expo:start:server:metro:router Using app as the root directory for Expo Router.
2025-10-18T15:17:08.537Z expo:start:server:middleware:manifest Resolved entry point: index.ts (project root: /expo-project)
2025-10-18T15:17:08.537Z expo:start:server:metro:router Using app as the root directory for Expo Router.
2025-10-18T15:17:10.641Z expo:start:server:middleware:manifest Resolved entry point: index.ts (project root: /expo-project)
2025-10-18T15:17:10.642Z expo:start:server:metro:router Using app as the root directory for Expo Router.
2025-10-18T15:17:12.747Z expo:start:server:middleware:manifest Resolved entry point: index.ts (project root: /expo-project)
2025-10-18T15:17:12.748Z expo:start:server:metro:router Using app as the root directory for Expo Router.
2025-10-18T15:17:14.847Z expo:start:server:middleware:manifest Resolved entry point: index.ts (project root: /expo-project)
2025-10-18T15:17:14.847Z expo:start:server:metro:router Using app as the root directory for Expo Router.
2025-10-18T15:17:16.933Z expo:start:server:middleware:manifest Resolved entry point: index.ts (project root: /expo-project)
2025-10-18T15:17:16.934Z expo:start:server:metro:router Using app as the root directory for Expo Router.
2025-10-18T15:17:19.035Z expo:start:server:middleware:manifest Resolved entry point: index.ts (project root: /expo-project)
2025-10-18T15:17:19.035Z expo:start:server:metro:router Using app as the root directory for Expo Router.
2025-10-18T15:17:21.139Z expo:start:server:middleware:manifest Resolved entry point: index.ts (project root: /expo-project)
2025-10-18T15:17:21.140Z expo:start:server:metro:router Using app as the root directory for Expo Router.
2025-10-18T15:17:23.227Z expo:start:server:middleware:manifest Resolved entry point: index.ts (project root: /expo-project)
2025-10-18T15:17:23.230Z expo:start:server:metro:router Using app as the root directory for Expo Router.
2025-10-18T15:17:25.339Z expo:start:server:middleware:manifest Resolved entry point: index.ts (project root: /expo-project)
2025-10-18T15:17:25.339Z expo:start:server:metro:router Using app as the root directory for Expo Router.
2025-10-18T15:17:27.439Z expo:start:server:middleware:manifest Resolved entry point: index.ts (project root: /expo-project)
2025-10-18T15:17:27.440Z expo:start:server:metro:router Using app as the root directory for Expo Router.
2025-10-18T15:17:29.543Z expo:start:server:middleware:manifest Resolved entry point: index.ts (project root: /expo-project)
2025-10-18T15:17:29.544Z expo:start:server:metro:router Using app as the root directory for Expo Router.
2025-10-18T15:17:31.649Z expo:start:server:middleware:manifest Resolved entry point: index.ts (project root: /expo-project)
2025-10-18T15:17:31.650Z expo:start:server:metro:router Using app as the root directory for Expo Router.
2025-10-18T15:17:33.770Z expo:start:server:middleware:manifest Resolved entry point: index.ts (project root: /expo-project)
2025-10-18T15:17:33.770Z expo:start:server:metro:router Using app as the root directory for Expo Router.
2025-10-18T15:17:35.872Z expo:start:server:middleware:manifest Resolved entry point: index.ts (project root: /expo-project)
2025-10-18T15:17:35.873Z expo:start:server:metro:router Using app as the root directory for Expo Router.
2025-10-18T15:17:37.980Z expo:start:server:middleware:manifest Resolved entry point: index.ts (project root: /expo-project)
2025-10-18T15:17:37.980Z expo:start:server:metro:router Using app as the root directory for Expo Router.
2025-10-18T15:17:40.082Z expo:start:server:middleware:manifest Resolved entry point: index.ts (project root: /expo-project)
2025-10-18T15:17:40.082Z expo:start:server:metro:router Using app as the root directory for Expo Router.
2025-10-18T15:17:42.197Z expo:start:server:middleware:manifest Resolved entry point: index.ts (project root: /expo-project)
2025-10-18T15:17:42.197Z expo:start:server:metro:router Using app as the root directory for Expo Router.
2025-10-18T15:17:44.293Z expo:start:server:middleware:manifest Resolved entry point: index.ts (project root: /expo-project)
2025-10-18T15:17:44.297Z expo:start:server:metro:router Using app as the root directory for Expo Router.
2025-10-18T15:17:46.398Z expo:start:server:middleware:manifest Resolved entry point: index.ts (project root: /expo-project)
2025-10-18T15:17:46.398Z expo:start:server:metro:router Using app as the root directory for Expo Router.
2025-10-18T15:17:48.483Z expo:start:server:middleware:manifest Resolved entry point: index.ts (project root: /expo-project)
2025-10-18T15:17:48.483Z expo:start:server:metro:router Using app as the root directory for Expo Router.
2025-10-18T15:17:49.918Z expo:start:server:metro:metroWatchTypeScriptFiles Detected TypeScript file changed in the project:  /expo-project/utils/database.ts
2025-10-18T15:17:50.592Z expo:start:server:middleware:manifest Resolved entry point: index.ts (project root: /expo-project)
2025-10-18T15:17:50.592Z expo:start:server:metro:router Using app as the root directory for Expo Router.
2025-10-18T15:17:52.699Z expo:start:server:middleware:manifest Resolved entry point: index.ts (project root: /expo-project)
2025-10-18T15:17:52.699Z expo:start:server:metro:router Using app as the root directory for Expo Router.
2025-10-18T15:17:54.802Z expo:start:server:middleware:manifest Resolved entry point: index.ts (project root: /expo-project)
2025-10-18T15:17:54.802Z expo:start:server:metro:router Using app as the root directory for Expo Router.
2025-10-18T15:17:56.893Z expo:start:server:middleware:manifest Resolved entry point: index.ts (project root: /expo-project)
2025-10-18T15:17:56.893Z expo:start:server:metro:router Using app as the root directory for Expo Router.
2025-10-18T15:17:58.997Z expo:start:server:middleware:manifest Resolved entry point: index.ts (project root: /expo-project)
2025-10-18T15:17:58.997Z expo:start:server:metro:router Using app as the root directory for Expo Router.
2025-10-18T15:18:01.102Z expo:start:server:middleware:manifest Resolved entry point: index.ts (project root: /expo-project)
2025-10-18T15:18:01.102Z expo:start:server:metro:router Using app as the root directory for Expo Router.
2025-10-18T15:18:03.202Z expo:start:server:middleware:manifest Resolved entry point: index.ts (project root: /expo-project)
2025-10-18T15:18:03.202Z expo:start:server:metro:router Using app as the root directory for Expo Router.
2025-10-18T15:18:05.307Z expo:start:server:middleware:manifest Resolved entry point: index.ts (project root: /expo-project)
2025-10-18T15:18:05.307Z expo:start:server:metro:router Using app as the root directory for Expo Router.
2025-10-18T15:18:07.416Z expo:start:server:middleware:manifest Resolved entry point: index.ts (project root: /expo-project)
2025-10-18T15:18:07.416Z expo:start:server:metro:router Using app as the root directory for Expo Router.
2025-10-18T15:18:09.527Z expo:start:server:middleware:manifest Resolved entry point: index.ts (project root: /expo-project)
2025-10-18T15:18:09.527Z expo:start:server:metro:router Using app as the root directory for Expo Router.
2025-10-18T15:18:11.635Z expo:start:server:middleware:manifest Resolved entry point: index.ts (project root: /expo-project)
2025-10-18T15:18:11.635Z expo:start:server:metro:router Using app as the root directory for Expo Router.
2025-10-18T15:18:13.736Z expo:start:server:middleware:manifest Resolved entry point: index.ts (project root: /expo-project)
2025-10-18T15:18:13.736Z expo:start:server:metro:router Using app as the root directory for Expo Router.
2025-10-18T15:18:15.834Z expo:start:server:middleware:manifest Resolved entry point: index.ts (project root: /expo-project)
2025-10-18T15:18:15.834Z expo:start:server:metro:router Using app as the root directory for Expo Router.
2025-10-18T15:18:17.939Z expo:start:server:middleware:manifest Resolved entry point: index.ts (project root: /expo-project)
2025-10-18T15:18:17.939Z expo:start:server:metro:router Using app as the root directory for Expo Router.
2025-10-18T15:18:20.038Z expo:start:server:middleware:manifest Resolved entry point: index.ts (project root: /expo-project)
2025-10-18T15:18:20.038Z expo:start:server:metro:router Using app as the root directory for Expo Router.
2025-10-18T15:18:22.139Z expo:start:server:middleware:manifest Resolved entry point: index.ts (project root: /expo-project)
2025-10-18T15:18:22.139Z expo:start:server:metro:router Using app as the root directory for Expo Router.
2025-10-18T15:18:24.239Z expo:start:server:middleware:manifest Resolved entry point: index.ts (project root: /expo-project)
2025-10-18T15:18:24.239Z expo:start:server:metro:router Using app as the root directory for Expo Router.
2025-10-18T15:18:26.344Z expo:start:server:middleware:manifest Resolved entry point: index.ts (project root: /expo-project)
2025-10-18T15:18:26.344Z expo:start:server:metro:router Using app as the root directory for Expo Router.
2025-10-18T15:18:28.451Z expo:start:server:middleware:manifest Resolved entry point: index.ts (project root: /expo-project)
2025-10-18T15:18:28.452Z expo:start:server:metro:router Using app as the root directory for Expo Router.
2025-10-18T15:18:30.557Z expo:start:server:middleware:manifest Resolved entry point: index.ts (project root: /expo-project)
2025-10-18T15:18:30.557Z expo:start:server:metro:router Using app as the root directory for Expo Router.
2025-10-18T15:18:32.659Z expo:start:server:middleware:manifest Resolved entry point: index.ts (project root: /expo-project)
2025-10-18T15:18:32.660Z expo:start:server:metro:router Using app as the root directory for Expo Router.
2025-10-18T15:18:34.761Z expo:start:server:middleware:manifest Resolved entry point: index.ts (project root: /expo-project)
2025-10-18T15:18:34.761Z expo:start:server:metro:router Using app as the root directory for Expo Router.
2025-10-18T15:18:34.801Z expo:start:server:metro:metroWatchTypeScriptFiles Detected TypeScript file changed in the project:  /expo-project/utils/mockData.ts
2025-10-18T15:18:36.867Z expo:start:server:middleware:manifest Resolved entry point: index.ts (project root: /expo-project)
2025-10-18T15:18:36.867Z expo:start:server:metro:router Using app as the root directory for Expo Router.
2025-10-18T15:18:38.967Z expo:start:server:middleware:manifest Resolved entry point: index.ts (project root: /expo-project)
2025-10-18T15:18:38.967Z expo:start:server:metro:router Using app as the root directory for Expo Router.
2025-10-18T15:18:41.066Z expo:start:server:middleware:manifest Resolved entry point: index.ts (project root: /expo-project)
2025-10-18T15:18:41.066Z expo:start:server:metro:router Using app as the root directory for Expo Router.
2025-10-18T15:18:43.168Z expo:start:server:middleware:manifest Resolved entry point: index.ts (project root: /expo-project)
2025-10-18T15:18:43.168Z expo:start:server:metro:router Using app as the root directory for Expo Router.
2025-10-18T15:18:45.254Z expo:start:server:middleware:manifest Resolved entry point: index.ts (project root: /expo-project)
2025-10-18T15:18:45.254Z expo:start:server:metro:router Using app as the root directory for Expo Router.
2025-10-18T15:18:47.386Z expo:start:server:middleware:manifest Resolved entry point: index.ts (project root: /expo-project)
2025-10-18T15:18:47.386Z expo:start:server:metro:router Using app as the root directory for Expo Router.
2025-10-18T15:18:49.484Z expo:start:server:middleware:manifest Resolved entry point: index.ts (project root: /expo-project)
2025-10-18T15:18:49.485Z expo:start:server:metro:router Using app as the root directory for Expo Router.
2025-10-18T15:18:51.569Z expo:start:server:middleware:manifest Resolved entry point: index.ts (project root: /expo-project)
2025-10-18T15:18:51.570Z expo:start:server:metro:router Using app as the root directory for Expo Router.
2025-10-18T15:18:53.673Z expo:start:server:middleware:manifest Resolved entry point: index.ts (project root: /expo-project)
2025-10-18T15:18:53.673Z expo:start:server:metro:router Using app as the root directory for Expo Router.
2025-10-18T15:18:55.778Z expo:start:server:middleware:manifest Resolved entry point: index.ts (project root: /expo-project)
2025-10-18T15:18:55.778Z expo:start:server:metro:router Using app as the root directory for Expo Router.
2025-10-18T15:18:57.886Z expo:start:server:middleware:manifest Resolved entry point: index.ts (project root: /expo-project)
2025-10-18T15:18:57.886Z expo:start:server:metro:router Using app as the root directory for Expo Router.
2025-10-18T15:18:59.951Z expo:start:server:metro:metroWatchTypeScriptFiles Detected TypeScript file changed in the project:  /expo-project/components/KanjiFilterSheet.tsx
2025-10-18T15:18:59.977Z expo:start:server:middleware:manifest Resolved entry point: index.ts (project root: /expo-project)
2025-10-18T15:18:59.977Z expo:start:server:metro:router Using app as the root directory for Expo Router.
2025-10-18T15:19:02.099Z expo:start:server:middleware:manifest Resolved entry point: index.ts (project root: /expo-project)
2025-10-18T15:19:02.100Z expo:start:server:metro:router Using app as the root directory for Expo Router.
2025-10-18T15:19:04.201Z expo:start:server:middleware:manifest Resolved entry point: index.ts (project root: /expo-project)
2025-10-18T15:19:04.207Z expo:start:server:metro:router Using app as the root directory for Expo Router.
2025-10-18T15:19:06.309Z expo:start:server:middleware:manifest Resolved entry point: index.ts (project root: /expo-project)
2025-10-18T15:19:06.310Z expo:start:server:metro:router Using app as the root directory for Expo Router.
2025-10-18T15:19:08.412Z expo:start:server:middleware:manifest Resolved entry point: index.ts (project root: /expo-project)
2025-10-18T15:19:08.412Z expo:start:server:metro:router Using app as the root directory for Expo Router.
2025-10-18T15:19:10.524Z expo:start:server:middleware:manifest Resolved entry point: index.ts (project root: /expo-project)
2025-10-18T15:19:10.524Z expo:start:server:metro:router Using app as the root directory for Expo Router.
2025-10-18T15:19:12.670Z expo:start:server:middleware:manifest Resolved entry point: index.ts (project root: /expo-project)
2025-10-18T15:19:12.670Z expo:start:server:metro:router Using app as the root directory for Expo Router.
2025-10-18T15:19:14.772Z expo:start:server:middleware:manifest Resolved entry point: index.ts (project root: /expo-project)
2025-10-18T15:19:14.772Z expo:start:server:metro:router Using app as the root directory for Expo Router.
2025-10-18T15:19:16.880Z expo:start:server:middleware:manifest Resolved entry point: index.ts (project root: /expo-project)
2025-10-18T15:19:16.880Z expo:start:server:metro:router Using app as the root directory for Expo Router.
2025-10-18T15:19:18.985Z expo:start:server:middleware:manifest Resolved entry point: index.ts (project root: /expo-project)
2025-10-18T15:19:18.986Z expo:start:server:metro:router Using app as the root directory for Expo Router.
2025-10-18T15:19:21.074Z expo:start:server:middleware:manifest Resolved entry point: index.ts (project root: /expo-project)
2025-10-18T15:19:21.074Z expo:start:server:metro:router Using app as the root directory for Expo Router.
2025-10-18T15:19:23.165Z expo:start:server:middleware:manifest Resolved entry point: index.ts (project root: /expo-project)
2025-10-18T15:19:23.165Z expo:start:server:metro:router Using app as the root directory for Expo Router.
2025-10-18T15:19:25.261Z expo:start:server:middleware:manifest Resolved entry point: index.ts (project root: /expo-project)
2025-10-18T15:19:25.262Z expo:start:server:metro:router Using app as the root directory for Expo Router.
2025-10-18T15:19:27.366Z expo:start:server:middleware:manifest Resolved entry point: index.ts (project root: /expo-project)
2025-10-18T15:19:27.366Z expo:start:server:metro:router Using app as the root directory for Expo Router.
2025-10-18T15:19:29.466Z expo:start:server:middleware:manifest Resolved entry point: index.ts (project root: /expo-project)
2025-10-18T15:19:29.466Z expo:start:server:metro:router Using app as the root directory for Expo Router.
2025-10-18T15:19:31.564Z expo:start:server:middleware:manifest Resolved entry point: index.ts (project root: /expo-project)
2025-10-18T15:19:31.564Z expo:start:server:metro:router Using app as the root directory for Expo Router.
2025-10-18T15:19:33.666Z expo:start:server:middleware:manifest Resolved entry point: index.ts (project root: /expo-project)
2025-10-18T15:19:33.666Z expo:start:server:metro:router Using app as the root directory for Expo Router.
2025-10-18T15:19:35.771Z expo:start:server:middleware:manifest Resolved entry point: index.ts (project root: /expo-project)
2025-10-18T15:19:35.771Z expo:start:server:metro:router Using app as the root directory for Expo Router.
2025-10-18T15:19:37.862Z expo:start:server:middleware:manifest Resolved entry point: index.ts (project root: /expo-project)
2025-10-18T15:19:37.862Z expo:start:server:metro:router Using app as the root directory for Expo Router.
2025-10-18T15:19:39.962Z expo:start:server:middleware:manifest Resolved entry point: index.ts (project root: /expo-project)
2025-10-18T15:19:39.962Z expo:start:server:metro:router Using app as the root directory for Expo Router.
2025-10-18T15:19:42.057Z expo:start:server:middleware:manifest Resolved entry point: index.ts (project root: /expo-project)
2025-10-18T15:19:42.057Z expo:start:server:metro:router Using app as the root directory for Expo Router.
2025-10-18T15:19:44.142Z expo:start:server:middleware:manifest Resolved entry point: index.ts (project root: /expo-project)
2025-10-18T15:19:44.142Z expo:start:server:metro:router Using app as the root directory for Expo Router.
2025-10-18T15:19:46.246Z expo:start:server:middleware:manifest Resolved entry point: index.ts (project root: /expo-project)
2025-10-18T15:19:46.246Z expo:start:server:metro:router Using app as the root directory for Expo Router.
2025-10-18T15:19:48.351Z expo:start:server:middleware:manifest Resolved entry point: index.ts (project root: /expo-project)
2025-10-18T15:19:48.351Z expo:start:server:metro:router Using app as the root directory for Expo Router.
2025-10-18T15:19:50.445Z expo:start:server:middleware:manifest Resolved entry point: index.ts (project root: /expo-project)
2025-10-18T15:19:50.446Z expo:start:server:metro:router Using app as the root directory for Expo Router.
2025-10-18T15:19:52.548Z expo:start:server:middleware:manifest Resolved entry point: index.ts (project root: /expo-project)
2025-10-18T15:19:52.548Z expo:start:server:metro:router Using app as the root directory for Expo Router.
2025-10-18T15:19:54.648Z expo:start:server:middleware:manifest Resolved entry point: index.ts (project root: /expo-project)
2025-10-18T15:19:54.648Z expo:start:server:metro:router Using app as the root directory for Expo Router.
2025-10-18T15:19:56.750Z expo:start:server:middleware:manifest Resolved entry point: index.ts (project root: /expo-project)
2025-10-18T15:19:56.750Z expo:start:server:metro:router Using app as the root directory for Expo Router.
2025-10-18T15:19:58.839Z expo:start:server:middleware:manifest Resolved entry point: index.ts (project root: /expo-project)
2025-10-18T15:19:58.839Z expo:start:server:metro:router Using app as the root directory for Expo Router.
2025-10-18T15:20:00.962Z expo:start:server:middleware:manifest Resolved entry point: index.ts (project root: /expo-project)
2025-10-18T15:20:00.962Z expo:start:server:metro:router Using app as the root directory for Expo Router.
2025-10-18T15:20:03.067Z expo:start:server:middleware:manifest Resolved entry point: index.ts (project root: /expo-project)
2025-10-18T15:20:03.067Z expo:start:server:metro:router Using app as the root directory for Expo Router.
2025-10-18T15:20:04.359Z expo:start:server:metro:metroWatchTypeScriptFiles Detected TypeScript file changed in the project:  /expo-project/app/(tabs)/(home)/index.tsx
| 2025-10-18T15:20:04.622Z expo:babel:exports Found assignment to module.exports or exports at 1
| 2025-10-18T15:20:04.642Z expo:babel:exports Found assignment to module.exports or exports at 6
| 2025-10-18T15:20:04.646Z expo:babel:exports Found assignment to module.exports or exports at 8
| 2025-10-18T15:20:04.648Z expo:babel:exports Found assignment to module.exports or exports at 13
| 2025-10-18T15:20:04.651Z expo:babel:exports Found assignment to module.exports or exports at 1
| 2025-10-18T15:20:04.654Z expo:babel:exports Found assignment to module.exports or exports at 1
| 2025-10-18T15:20:04.655Z expo:babel:exports Found assignment to module.exports or exports at 1
| 2025-10-18T15:20:04.655Z expo:babel:exports Found assignment to module.exports or exports at 1
| 2025-10-18T15:20:04.657Z expo:babel:exports Found assignment to module.exports or exports at 10
| 2025-10-18T15:20:04.661Z expo:babel:exports Found assignment to module.exports or exports at 4
| 2025-10-18T15:20:04.661Z expo:babel:exports Found assignment to module.exports or exports at 28
| 2025-10-18T15:20:04.670Z expo:babel:exports Found assignment to module.exports or exports at 1
| 2025-10-18T15:20:04.670Z expo:babel:exports Found assignment to module.exports or exports at 4
| 2025-10-18T15:20:04.673Z expo:babel:exports Found assignment to module.exports or exports at 1
| 2025-10-18T15:20:04.677Z expo:babel:exports Found assignment to module.exports or exports at 9
| 2025-10-18T15:20:04.690Z expo:babel:exports Found assignment to module.exports or exports at 6
| 2025-10-18T15:20:04.712Z expo:babel:exports Found assignment to module.exports or exports at 1
| 2025-10-18T15:20:04.753Z expo:babel:exports Found assignment to module.exports or exports at 8
| 2025-10-18T15:20:04.761Z expo:babel:exports Found assignment to module.exports or exports at 5
| 2025-10-18T15:20:04.762Z expo:babel:exports Found assignment to module.exports or exports at 4
| 2025-10-18T15:20:04.763Z expo:babel:exports Found assignment to module.exports or exports at 4
2025-10-18T15:20:05.170Z expo:start:server:middleware:manifest Resolved entry point: index.ts (project root: /expo-project)
2025-10-18T15:20:05.170Z expo:start:server:metro:router Using app as the root directory for Expo Router.
2025-10-18T15:20:07.302Z expo:start:server:middleware:manifest Resolved entry point: index.ts (project root: /expo-project)
2025-10-18T15:20:07.303Z expo:start:server:metro:router Using app as the root directory for Expo Router.
2025-10-18T15:20:09.406Z expo:start:server:middleware:manifest Resolved entry point: index.ts (project root: /expo-project)
2025-10-18T15:20:09.406Z expo:start:server:metro:router Using app as the root directory for Expo Router.
2025-10-18T15:20:11.508Z expo:start:server:middleware:manifest Resolved entry point: index.ts (project root: /expo-project)
2025-10-18T15:20:11.508Z expo:start:server:metro:router Using app as the root directory for Expo Router.
2025-10-18T15:20:13.600Z expo:start:server:middleware:manifest Resolved entry point: index.ts (project root: /expo-project)
2025-10-18T15:20:13.600Z expo:start:server:metro:router Using app as the root directory for Expo Router.
2025-10-18T15:20:15.712Z expo:start:server:middleware:manifest Resolved entry point: index.ts (project root: /expo-project)
2025-10-18T15:20:15.712Z expo:start:server:metro:router Using app as the root directory for Expo Router.
2025-10-18T15:20:17.803Z expo:start:server:middleware:manifest Resolved entry point: index.ts (project root: /expo-project)
2025-10-18T15:20:17.803Z expo:start:server:metro:router Using app as the root directory for Expo Router.
2025-10-18T15:20:19.914Z expo:start:server:middleware:manifest Resolved entry point: index.ts (project root: /expo-project)
2025-10-18T15:20:19.915Z expo:start:server:metro:router Using app as the root directory for Expo Router.
2025-10-18T15:20:22.010Z expo:start:server:middleware:manifest Resolved entry point: index.ts (project root: /expo-project)
2025-10-18T15:20:22.010Z expo:start:server:metro:router Using app as the root directory for Expo Router.
2025-10-18T15:20:24.113Z expo:start:server:middleware:manifest Resolved entry point: index.ts (project root: /expo-project)
2025-10-18T15:20:24.113Z expo:start:server:metro:router Using app as the root directory for Expo Router.
2025-10-18T15:20:26.219Z expo:start:server:middleware:manifest Resolved entry point: index.ts (project root: /expo-project)
2025-10-18T15:20:26.219Z expo:start:server:metro:router Using app as the root directory for Expo Router.
2025-10-18T15:20:28.339Z expo:start:server:middleware:manifest Resolved entry point: index.ts (project root: /expo-project)
2025-10-18T15:20:28.339Z expo:start:server:metro:router Using app as the root directory for Expo Router.
2025-10-18T15:20:30.426Z expo:start:server:middleware:manifest Resolved entry point: index.ts (project root: /expo-project)
2025-10-18T15:20:30.426Z expo:start:server:metro:router Using app as the root directory for Expo Router.
2025-10-18T15:20:32.508Z expo:start:server:middleware:manifest Resolved entry point: index.ts (project root: /expo-project)
2025-10-18T15:20:32.508Z expo:start:server:metro:router Using app as the root directory for Expo Router.
2025-10-18T15:20:34.610Z expo:start:server:middleware:manifest Resolved entry point: index.ts (project root: /expo-project)
2025-10-18T15:20:34.610Z expo:start:server:metro:router Using app as the root directory for Expo Router.
2025-10-18T15:20:36.717Z expo:start:server:middleware:manifest Resolved entry point: index.ts (project root: /expo-project)
2025-10-18T15:20:36.717Z expo:start:server:metro:router Using app as the root directory for Expo Router.
2025-10-18T15:20:38.805Z expo:start:server:middleware:manifest Resolved entry point: index.ts (project root: /expo-project)
2025-10-18T15:20:38.805Z expo:start:server:metro:router Using app as the root directory for Expo Router.
2025-10-18T15:20:39.039Z expo:start:server:middleware:manifest Resolved entry point: index.ts (project root: /expo-project)
2025-10-18T15:20:39.039Z expo:start:server:metro:router Using app as the root directory for Expo Router.
Web ./index.ts ░░░░░░░░░░░░░░░░  0.0% (0/1)
2025-10-18T15:20:39.449Z expo:metro-config:serializer:env-var Injecting environment variables in virtual module.
Web Bundled 54ms index.ts (1 module)
2025-10-18T15:20:40.905Z expo:start:server:middleware:manifest Resolved entry point: index.ts (project root: /expo-project)
2025-10-18T15:20:40.905Z expo:start:server:metro:router Using app as the root directory for Expo Router.
 LOG  [web] Logs will appear in the browser console
2025-10-18T15:20:42.993Z expo:start:server:middleware:manifest Resolved entry point: index.ts (project root: /expo-project)
2025-10-18T15:20:42.993Z expo:start:server:metro:router Using app as the root directory for Expo Router.
2025-10-18T15:20:45.103Z expo:start:server:middleware:manifest Resolved entry point: index.ts (project root: /expo-project)
2025-10-18T15:20:45.103Z expo:start:server:metro:router Using app as the root directory for Expo Router.
2025-10-18T15:20:47.211Z expo:start:server:middleware:manifest Resolved entry point: index.ts (project root: /expo-project)
2025-10-18T15:20:47.211Z expo:start:server:metro:router Using app as the root directory for Expo Router.
2025-10-18T15:20:49.315Z expo:start:server:middleware:manifest Resolved entry point: index.ts (project root: /expo-project)
2025-10-18T15:20:49.315Z expo:start:server:metro:router Using app as the root directory for Expo Router.
2025-10-18T15:20:51.422Z expo:start:server:middleware:manifest Resolved entry point: index.ts (project root: /expo-project)
2025-10-18T15:20:51.422Z expo:start:server:metro:router Using app as the root directory for Expo Router.
2025-10-18T15:20:53.529Z expo:start:server:middleware:manifest Resolved entry point: index.ts (project root: /expo-project)
2025-10-18T15:20:53.529Z expo:start:server:metro:router Using app as the root directory for Expo Router.
2025-10-18T15:20:55.636Z expo:start:server:middleware:manifest Resolved entry point: index.ts (project root: /expo-project)
2025-10-18T15:20:55.636Z expo:start:server:metro:router Using app as the root directory for Expo Router.
2025-10-18T15:20:57.747Z expo:start:server:middleware:manifest Resolved entry point: index.ts (project root: /expo-project)
2025-10-18T15:20:57.747Z expo:start:server:metro:router Using app as the root directory for Expo Router.
2025-10-18T15:20:59.850Z expo:start:server:middleware:manifest Resolved entry point: index.ts (project root: /expo-project)
2025-10-18T15:20:59.850Z expo:start:server:metro:router Using app as the root directory for Expo Router.
2025-10-18T15:21:01.977Z expo:start:server:middleware:manifest Resolved entry point: index.ts (project root: /expo-project)
2025-10-18T15:21:01.977Z expo:start:server:metro:router Using app as the root directory for Expo Router.
2025-10-18T15:21:04.095Z expo:start:server:middleware:manifest Resolved entry point: index.ts (project root: /expo-project)
2025-10-18T15:21:04.095Z expo:start:server:metro:router Using app as the root directory for Expo Router.
2025-10-18T15:21:06.200Z expo:start:server:middleware:manifest Resolved entry point: index.ts (project root: /expo-project)
2025-10-18T15:21:06.202Z expo:start:server:metro:router Using app as the root directory for Expo Router.
2025-10-18T15:21:08.305Z expo:start:server:middleware:manifest Resolved entry point: index.ts (project root: /expo-project)
2025-10-18T15:21:08.305Z expo:start:server:metro:router Using app as the root directory for Expo Router.
2025-10-18T15:21:10.410Z expo:start:server:middleware:manifest Resolved entry point: index.ts (project root: /expo-project)
2025-10-18T15:21:10.410Z expo:start:server:metro:router Using app as the root directory for Expo Router.
2025-10-18T15:21:12.497Z expo:start:server:middleware:manifest Resolved entry point: index.ts (project root: /expo-project)
2025-10-18T15:21:12.497Z expo:start:server:metro:router Using app as the root directory for Expo Router.
2025-10-18T15:21:14.600Z expo:start:server:middleware:manifest Resolved entry point: index.ts (project root: /expo-project)
2025-10-18T15:21:14.601Z expo:start:server:metro:router Using app as the root directory for Expo Router.
2025-10-18T15:21:16.701Z expo:start:server:middleware:manifest Resolved entry point: index.ts (project root: /expo-project)
2025-10-18T15:21:16.701Z expo:start:server:metro:router Using app as the root directory for Expo Router.
2025-10-18T15:21:18.785Z expo:start:server:middleware:manifest Resolved entry point: index.ts (project root: /expo-project)
2025-10-18T15:21:18.785Z expo:start:server:metro:router Using app as the root directory for Expo Router.
2025-10-18T15:21:20.889Z expo:start:server:middleware:manifest Resolved entry point: index.ts (project root: /expo-project)
2025-10-18T15:21:20.889Z expo:start:server:metro:router Using app as the root directory for Expo Router.
2025-10-18T15:21:22.996Z expo:start:server:middleware:manifest Resolved entry point: index.ts (project root: /expo-project)
2025-10-18T15:21:22.996Z expo:start:server:metro:router Using app as the root directory for Expo Router.
2025-10-18T15:21:25.095Z expo:start:server:middleware:manifest Resolved entry point: index.ts (project root: /expo-project)
2025-10-18T15:21:25.095Z expo:start:server:metro:router Using app as the root directory for Expo Router.
2025-10-18T15:21:27.214Z expo:start:server:middleware:manifest Resolved entry point: index.ts (project root: /expo-project)
2025-10-18T15:21:27.215Z expo:start:server:metro:router Using app as the root directory for Expo Router.
2025-10-18T15:21:29.325Z expo:start:server:middleware:manifest Resolved entry point: index.ts (project root: /expo-project)
2025-10-18T15:21:29.326Z expo:start:server:metro:router Using app as the root directory for Expo Router.
2025-10-18T15:21:31.440Z expo:start:server:middleware:manifest Resolved entry point: index.ts (project root: /expo-project)
2025-10-18T15:21:31.440Z expo:start:server:metro:router Using app as the root directory for Expo Router.
2025-10-18T15:21:33.557Z expo:start:server:middleware:manifest Resolved entry point: index.ts (project root: /expo-project)
2025-10-18T15:21:33.557Z expo:start:server:metro:router Using app as the root directory for Expo Router.
2025-10-18T15:21:35.673Z expo:start:server:middleware:manifest Resolved entry point: index.ts (project root: /expo-project)
2025-10-18T15:21:35.673Z expo:start:server:metro:router Using app as the root directory for Expo Router.
2025-10-18T15:21:37.776Z expo:start:server:middleware:manifest Resolved entry point: index.ts (project root: /expo-project)
2025-10-18T15:21:37.776Z expo:start:server:metro:router Using app as the root directory for Expo Router.
2025-10-18T15:21:39.884Z expo:start:server:middleware:manifest Resolved entry point: index.ts (project root: /expo-project)
2025-10-18T15:21:39.884Z expo:start:server:metro:router Using app as the root directory for Expo Router.
2025-10-18T15:21:41.989Z expo:start:server:middleware:manifest Resolved entry point: index.ts (project root: /expo-project)
2025-10-18T15:21:41.989Z expo:start:server:metro:router Using app as the root directory for Expo Router.
2025-10-18T15:21:44.099Z expo:start:server:middleware:manifest Resolved entry point: index.ts (project root: /expo-project)
2025-10-18T15:21:44.099Z expo:start:server:metro:router Using app as the root directory for Expo Router.
2025-10-18T15:21:46.208Z expo:start:server:middleware:manifest Resolved entry point: index.ts (project root: /expo-project)
2025-10-18T15:21:46.209Z expo:start:server:metro:router Using app as the root directory for Expo Router.
2025-10-18T15:21:48.321Z expo:start:server:middleware:manifest Resolved entry point: index.ts (project root: /expo-project)
2025-10-18T15:21:48.321Z expo:start:server:metro:router Using app as the root directory for Expo Router.
2025-10-18T15:21:50.421Z expo:start:server:middleware:manifest Resolved entry point: index.ts (project root: /expo-project)
2025-10-18T15:21:50.421Z expo:start:server:metro:router Using app as the root directory for Expo Router.
2025-10-18T15:21:52.532Z expo:start:server:middleware:manifest Resolved entry point: index.ts (project root: /expo-project)
2025-10-18T15:21:52.532Z expo:start:server:metro:router Using app as the root directory for Expo Router.
2025-10-18T15:21:54.636Z expo:start:server:middleware:manifest Resolved entry point: index.ts (project root: /expo-project)
2025-10-18T15:21:54.636Z expo:start:server:metro:router Using app as the root directory for Expo Router.
2025-10-18T15:21:56.735Z expo:start:server:middleware:manifest Resolved entry point: index.ts (project root: /expo-project)
2025-10-18T15:21:56.735Z expo:start:server:metro:router Using app as the root directory for Expo Router.
2025-10-18T15:21:58.821Z expo:start:server:middleware:manifest Resolved entry point: index.ts (project root: /expo-project)
2025-10-18T15:21:58.821Z expo:start:server:metro:router Using app as the root directory for Expo Router.
2025-10-18T15:22:00.910Z expo:start:server:middleware:manifest Resolved entry point: index.ts (project root: /expo-project)
2025-10-18T15:22:00.910Z expo:start:server:metro:router Using app as the root directory for Expo Router.
2025-10-18T15:22:03.012Z expo:start:server:middleware:manifest Resolved entry point: index.ts (project root: /expo-project)
2025-10-18T15:22:03.012Z expo:start:server:metro:router Using app as the root directory for Expo Router.
2025-10-18T15:22:05.119Z expo:start:server:middleware:manifest Resolved entry point: index.ts (project root: /expo-project)
2025-10-18T15:22:05.119Z expo:start:server:metro:router Using app as the root directory for Expo Router.
2025-10-18T15:22:07.223Z expo:start:server:middleware:manifest Resolved entry point: index.ts (project root: /expo-project)
2025-10-18T15:22:07.223Z expo:start:server:metro:router Using app as the root directory for Expo Router.
/expo-project/node_modules/@expo/cli/build/src/utils/errors.js:130
    throw error;
    ^

Error: ENOENT: no such file or directory, watch '/expo-project/node_modules/expo-speech_tmp_2599/android/src/main/java'
    at FSWatcher.<computed> (node:internal/fs/watchers:254:19)
    at Object.watch (node:fs:2549:36)
    at FallbackWatcher._watchdir (/expo-project/node_modules/metro-file-map/src/watchers/FallbackWatcher.js:88:24)
    at /expo-project/node_modules/metro-file-map/src/watchers/FallbackWatcher.js:185:22
    at Walker.<anonymous> (/expo-project/node_modules/metro-file-map/src/watchers/FallbackWatcher.js:322:31)
    at Walker.emit (node:events:519:28)
    at /expo-project/node_modules/walker/lib/walker.js:69:16
    at FSReqCallback.oncomplete (node:fs:187:23) {
  errno: -2,
  syscall: 'watch',
  code: 'ENOENT',
  path: '/expo-project/node_modules/expo-speech_tmp_2599/android/src/main/java',
  filename: '/expo-project/node_modules/expo-speech_tmp_2599/android/src/main/java'
}

Node.js v22.19.0
2025-10-18T15:22:11.768Z expo:env /expo-project/.env does not exist, skipping this env file
2025-10-18T15:22:11.768Z expo:env /expo-project/.env.development does not exist, skipping this env file
2025-10-18T15:22:11.769Z expo:env /expo-project/.env.local does not exist, skipping this env file
2025-10-18T15:22:11.769Z expo:env /expo-project/.env.development.local does not exist, skipping this env file
Starting project at /expo-project
2025-10-18T15:22:11.919Z expo:utils:fileNotifier Observing /expo-project/babel.config.js
2025-10-18T15:22:12.042Z expo:start:server:devServer Stopping dev server (bundler: metro)
2025-10-18T15:22:12.042Z expo:start:server:devServer Stopped dev server (bundler: metro)
2025-10-18T15:22:12.057Z expo:start:server:metro:router Using app as the root directory for Expo Router.
2025-10-18T15:22:12.433Z expo:metro:config react-native-reanimated package.json: /expo-project/node_modules/react-native-reanimated/package.json
2025-10-18T15:22:12.434Z expo:metro:config react-native-worklets package.json: /expo-project/node_modules/react-native-worklets/package.json

Expo Metro config:
- Version: 54.0.6
- Extensions: ts, tsx, mjs, js, jsx, json, cjs, scss, sass, css
- React Native: /expo-project/node_modules/react-native
- Watch Folders: 
- Node Module Paths: 
- Sass: null
- Reanimated: 4.1.2
- Worklets: 0.5.1
- Babel Runtime: null

2025-10-18T15:22:12.683Z expo:metro:withMetroResolvers Appending 8 custom resolvers to Metro config. (has custom resolver: false)
2025-10-18T15:22:12.756Z expo:start:server:urlCreator URL: http://127.0.0.1:8081
Starting Metro Bundler
2025-10-18T15:22:12.871Z expo:start:server:middleware:serveStatic Serving static files from: /expo-project/public
2025-10-18T15:22:12.872Z expo:start:server:devServer [tunnel] connect to port: 8081
2025-10-18T15:22:12.976Z expo:start:platforms:android:adbServer /usr/lib/android-sdk/platform-tools/adb devices -l
2025-10-18T15:22:13.005Z expo:start:server:ngrok Stopping Tunnel
2025-10-18T15:22:13.007Z expo:start:server:ngrok Global config path: /root/.expo/ngrok.yml
2025-10-18T15:22:13.082Z expo:start:server:ngrok Hostname: bqGuL14-anonymous-8081.exp.direct
Tunnel connected.
2025-10-18T15:22:13.601Z expo:start:server:ngrok Tunnel URL: https://bqgul14-anonymous-8081.exp.direct
Tunnel ready.
2025-10-18T15:22:13.602Z expo:start:server:urlCreator URL: exp://bqgul14-anonymous-8081.exp.direct
2025-10-18T15:22:13.605Z expo:start:server:developmentSession Development session will not ping because the user is not authenticated and there are no devices.
2025-10-18T15:22:13.606Z expo:utils:fileNotifier Observing /expo-project/metro.config.js
2025-10-18T15:22:13.606Z expo:start:server:metro:waitForTypescript Watching file changes: [
  '/expo-project/.env.development.local',
  '/expo-project/.env.local',
  '/expo-project/.env.development',
  '/expo-project/.env'
]
2025-10-18T15:22:13.607Z expo:doctor:typescriptSupport Ensuring TypeScript support is setup
2025-10-18T15:22:13.611Z expo:doctor:dependencies:getMissingPackages Required package "typescript" found (no version constraint specified).
2025-10-18T15:22:13.611Z expo:doctor:dependencies:getMissingPackages Required package "@types/react" found (no version constraint specified).
2025-10-18T15:22:13.614Z expo:typed-routes Ensuring typed routes side-effects are setup (experiments.typedRoutes: true, typesDirectory: /expo-project/.expo/types)
2025-10-18T15:22:13.616Z expo:start:server:metro:router Using app as the root directory for Expo Router.
2025-10-18T15:22:13.624Z expo:start:server:metro:metroWatchTypeScriptFiles Waiting for TypeScript files to be added to the project...
2025-10-18T15:22:13.625Z expo:doctor:dependencies:bundledNativeModules Fetching bundled native modules from the server...
2025-10-18T15:22:13.914Z expo:doctor:dependencies:validate Checking dependencies for 54.0.0: {
  '@babel/plugin-proposal-export-namespace-from': '^7.18.9',
  '@babel/runtime': '^7.26.9',
  '@bacons/apple-targets': '^3.0.2',
  '@expo/metro-runtime': '~6.1.1',
  '@expo/ngrok': '^4.1.3',
  '@expo/vector-icons': '^15.0.2',
  '@react-native-async-storage/async-storage': '^2.2.0',
  '@react-native-community/datetimepicker': '^8.3.0',
  '@react-native-community/slider': '^5.0.1',
  '@react-navigation/drawer': '^7.1.1',
  '@react-navigation/native': '^7.0.14',
  '@react-navigation/native-stack': '^7.2.0',
  '@supabase/supabase-js': '^2.75.1',
  '@types/difflib': '^0.2.7',
  difflib: '^0.2.4',
  eas: '^0.1.0',
  expo: '~54.0.1',
  'expo-blur': '^15.0.6',
  'expo-constants': '~18.0.8',
  'expo-file-system': '^19.0.17',
  'expo-font': '^14.0.7',
  'expo-glass-effect': '^0.1.1',
  'expo-haptics': '^15.0.6',
  'expo-image-picker': '^17.0.7',
  'expo-linear-gradient': '^15.0.6',
  'expo-linking': '^8.0.7',
  'expo-network': '^8.0.7',
  'expo-router': '^6.0.0',
  'expo-secure-store': '^15.0.7',
  'expo-speech': '^14.0.7',
  'expo-splash-screen': '^31.0.8',
  'expo-sqlite': '^16.0.8',
  'expo-status-bar': '~3.0.7',
  'expo-symbols': '^1.0.6',
  'expo-system-ui': '^6.0.7',
  'expo-web-browser': '^15.0.6',
  react: '19.1.0',
  'react-dom': '19.1.0',
  'react-native': '0.81.4',
  'react-native-css-interop': '^0.1.22',
  'react-native-edge-to-edge': '^1.7.0',
  'react-native-gesture-handler': '^2.24.0',
  'react-native-maps': '^1.20.1',
  'react-native-reanimated': '~4.1.0',
  'react-native-safe-area-context': '^5.4.0',
  'react-native-screens': '~4.16.0',
  'react-native-url-polyfill': '^2.0.0',
  'react-native-web': '~0.21.1',
  'react-native-webview': '^13.15.0',
  'react-native-worklets': '0.5.1',
  'react-router-dom': '^7.1.3',
  'workbox-cli': '^7.3.0',
  'workbox-precaching': '^7.3.0',
  'workbox-webpack-plugin': '^7.3.0',
  '@babel/core': '^7.20.0',
  '@eslint/js': '^9.19.0',
  '@types/react': '~19.1.12',
  '@typescript-eslint/eslint-plugin': '^6.21.0',
  '@typescript-eslint/parser': '^6.21.0',
  'babel-plugin-module-resolver': '^5.0.2',
  eslint: '^8.57.0',
  'eslint-config-expo': '~10.0.0',
  'eslint-plugin-import': '^2.31.0',
  'eslint-plugin-react': '^7.37.4',
  globals: '^15.14.0',
  typescript: '^5.8.3',
  'webpack-cli': '^6.0.1'
}
2025-10-18T15:22:13.915Z expo:doctor:dependencies:validate Comparing known versions: [
  '@expo/metro-runtime',
  '@expo/vector-icons',
  '@react-native-async-storage/async-storage',
  '@react-native-community/datetimepicker',
  '@react-native-community/slider',
  'expo',
  'expo-blur',
  'expo-constants',
  'expo-file-system',
  'expo-font',
  'expo-glass-effect',
  'expo-haptics',
  'expo-image-picker',
  'expo-linear-gradient',
  'expo-linking',
  'expo-network',
  'expo-router',
  'expo-secure-store',
  'expo-speech',
  'expo-splash-screen',
  'expo-sqlite',
  'expo-status-bar',
  'expo-symbols',
  'expo-system-ui',
  'expo-web-browser',
  'react',
  'react-dom',
  'react-native',
  'react-native-gesture-handler',
  'react-native-maps',
  'react-native-reanimated',
  'react-native-safe-area-context',
  'react-native-screens',
  'react-native-web',
  'react-native-webview',
  'react-native-worklets',
  '@babel/core',
  '@types/react',
  'eslint-config-expo',
  'typescript'
]
2025-10-18T15:22:13.915Z expo:doctor:dependencies:validate Skipping packages that cannot be versioned automatically: [
  '@babel/plugin-proposal-export-namespace-from',
  '@babel/runtime',
  '@bacons/apple-targets',
  '@expo/ngrok',
  '@react-navigation/drawer',
  '@react-navigation/native',
  '@react-navigation/native-stack',
  '@supabase/supabase-js',
  '@types/difflib',
  'difflib',
  'eas',
  'react-native-css-interop',
  'react-native-edge-to-edge',
  'react-native-url-polyfill',
  'react-router-dom',
  'workbox-cli',
  'workbox-precaching',
  'workbox-webpack-plugin',
  '@eslint/js',
  '@typescript-eslint/eslint-plugin',
  '@typescript-eslint/parser',
  'babel-plugin-module-resolver',
  'eslint',
  'eslint-plugin-import',
  'eslint-plugin-react',
  'globals',
  'webpack-cli'
]
2025-10-18T15:22:13.929Z expo:doctor:dependencies:validate Package versions: {
  '@expo/metro-runtime': '6.1.2',
  '@expo/vector-icons': '15.0.2',
  '@react-native-async-storage/async-storage': '2.2.0',
  '@react-native-community/datetimepicker': '8.4.5',
  '@react-native-community/slider': '5.0.1',
  expo: '54.0.12',
  'expo-blur': '15.0.7',
  'expo-constants': '18.0.9',
  'expo-file-system': '19.0.17',
  'expo-font': '14.0.8',
  'expo-glass-effect': '0.1.4',
  'expo-haptics': '15.0.7',
  'expo-image-picker': '17.0.8',
  'expo-linear-gradient': '15.0.7',
  'expo-linking': '8.0.8',
  'expo-network': '8.0.7',
  'expo-router': '6.0.10',
  'expo-secure-store': '15.0.7',
  'expo-speech': '14.0.7',
  'expo-splash-screen': '31.0.10',
  'expo-sqlite': '16.0.8',
  'expo-status-bar': '3.0.8',
  'expo-symbols': '1.0.7',
  'expo-system-ui': '6.0.7',
  'expo-web-browser': '15.0.8',
  react: '19.1.0',
  'react-dom': '19.1.0',
  'react-native': '0.81.4',
  'react-native-gesture-handler': '2.28.0',
  'react-native-maps': '1.26.14',
  'react-native-reanimated': '4.1.2',
  'react-native-safe-area-context': '5.6.1',
  'react-native-screens': '4.16.0',
  'react-native-web': '0.21.1',
  'react-native-webview': '13.16.0',
  'react-native-worklets': '0.5.1',
  '@babel/core': '7.28.4',
  '@types/react': '19.1.17',
  'eslint-config-expo': '10.0.0',
  typescript: '5.9.3'
}
2025-10-18T15:22:13.932Z expo:doctor:dependencies:validate Incorrect dependencies: [
  {
    packageName: '@react-native-community/datetimepicker',
    packageType: 'dependencies',
    expectedVersionOrRange: '8.4.4',
    actualVersion: '8.4.5'
  },
  {
    packageName: 'expo',
    packageType: 'dependencies',
    expectedVersionOrRange: '54.0.13',
    actualVersion: '54.0.12'
  },
  {
    packageName: 'expo-font',
    packageType: 'dependencies',
    expectedVersionOrRange: '~14.0.9',
    actualVersion: '14.0.8'
  },
  {
    packageName: 'expo-router',
    packageType: 'dependencies',
    expectedVersionOrRange: '~6.0.12',
    actualVersion: '6.0.10'
  },
  {
    packageName: 'react-native-maps',
    packageType: 'dependencies',
    expectedVersionOrRange: '1.20.1',
    actualVersion: '1.26.14'
  },
  {
    packageName: 'react-native-webview',
    packageType: 'dependencies',
    expectedVersionOrRange: '13.15.0',
    actualVersion: '13.16.0'
  }
]
The following packages should be updated for best compatibility with the installed expo version:
  @react-native-community/datetimepicker@8.4.5 - expected version: 8.4.4
  expo@54.0.12 - expected version: 54.0.13
  expo-font@14.0.8 - expected version: ~14.0.9
  expo-router@6.0.10 - expected version: ~6.0.12
  react-native-maps@1.26.14 - expected version: 1.20.1
  react-native-webview@13.16.0 - expected version: 13.15.0
Your project may not work correctly until you install the expected versions of the packages.
Waiting on http://localhost:8081
Logs for your project will appear below.
2025-10-18T15:22:14.417Z expo:start:server:middleware:manifest Resolved entry point: index.ts (project root: /expo-project)
2025-10-18T15:22:14.417Z expo:start:server:metro:router Using app as the root directory for Expo Router.
2025-10-18T15:22:14.507Z expo:start:server:middleware:manifest Resolved entry point: index.ts (project root: /expo-project)
2025-10-18T15:22:14.507Z expo:start:server:metro:router Using app as the root directory for Expo Router.
2025-10-18T15:22:15.222Z expo:start:server:middleware:manifest Resolved entry point: index.ts (project root: /expo-project)
2025-10-18T15:22:15.222Z expo:start:server:metro:router Using app as the root directory for Expo Router.
2025-10-18T15:22:17.105Z expo:start:server:middleware:manifest Resolved entry point: index.ts (project root: /expo-project)
2025-10-18T15:22:17.105Z expo:start:server:metro:router Using app as the root directory for Expo Router.
2025-10-18T15:22:24.577Z expo:start:server:metro:multi-platform Enabling alias: react-native-vector-icons -> @expo/vector-icons
2025-10-18T15:22:24.589Z expo:start:server:middleware:manifest Resolved entry point: index.ts (project root: /expo-project)
2025-10-18T15:22:24.589Z expo:start:server:metro:router Using app as the root directory for Expo Router.
Web ./index.ts ░░░░░░░░░░░░░░░░  0.0% (0/1)
2025-10-18T15:22:24.615Z expo:start:server:metro:multi-platform Skipping production module: ./cjs/react-jsx-dev-runtime.production.js
2025-10-18T15:22:24.619Z expo:start:server:metro:multi-platform Skipping production module: ./cjs/react.production.js
2025-10-18T15:22:24.637Z expo:start:server:metro:multi-platform Redirecting module "/expo-project/node_modules/react-native-web/dist/exports/BackHandler/index.js" to shim
2025-10-18T15:22:24.927Z expo:start:server:metro:multi-platform Skipping production module: ./cjs/react-dom-client.production.js
2025-10-18T15:22:24.944Z expo:start:server:metro:multi-platform Redirecting module "/expo-project/node_modules/react-native-web/dist/exports/AppRegistry/AppContainer.js" to shim
2025-10-18T15:22:25.059Z expo:start:server:metro:multi-platform Skipping production module: ./cjs/react-jsx-runtime.production.js
2025-10-18T15:22:25.136Z expo:start:server:metro:multi-platform Skipping production module: ./cjs/react-dom.production.js
2025-10-18T15:22:25.291Z expo:start:server:metro:multi-platform Skipping production module: ./cjs/react-is.production.js
2025-10-18T15:22:25.542Z expo:start:server:metro:multi-platform Skipping production module: ./cjs/scheduler.production.js
2025-10-18T15:22:25.603Z expo:start:server:metro:multi-platform Skipping production module: ./cjs/react-is.production.min.js
2025-10-18T15:22:25.637Z expo:start:server:metro:multi-platform Skipping production module: ./cjs/react-refresh-runtime.production.min.js
2025-10-18T15:22:25.787Z expo:start:server:metro:multi-platform Redirecting module "/expo-project/node_modules/react-native-web/dist/exports/BackHandler/index.js" to shim
2025-10-18T15:22:25.792Z expo:start:server:metro:multi-platform Skipping production module: ./cjs/react-is.production.min.js
2025-10-18T15:22:25.913Z expo:metro-config:serializer:env-var Injecting environment variables in virtual module.
Web Bundled 1390ms index.ts (1439 modules)
2025-10-18T15:22:25.973Z expo:start:server:metro:metroWatchTypeScriptFiles Detected TypeScript file changed in the project:  /expo-project/utils/tts.ts
2025-10-18T15:22:26.679Z expo:start:server:middleware:manifest Resolved entry point: index.ts (project root: /expo-project)
2025-10-18T15:22:26.679Z expo:start:server:metro:router Using app as the root directory for Expo Router.
 LOG  [web] Logs will appear in the browser console
2025-10-18T15:22:28.785Z expo:start:server:middleware:manifest Resolved entry point: index.ts (project root: /expo-project)
2025-10-18T15:22:28.785Z expo:start:server:metro:router Using app as the root directory for Expo Router.
2025-10-18T15:22:30.884Z expo:start:server:middleware:manifest Resolved entry point: index.ts (project root: /expo-project)
2025-10-18T15:22:30.884Z expo:start:server:metro:router Using app as the root directory for Expo Router.
2025-10-18T15:22:32.803Z expo:start:server:metro:metroWatchTypeScriptFiles Detected TypeScript file changed in the project:  /expo-project/hooks/useTTS.ts
2025-10-18T15:22:32.973Z expo:start:server:middleware:manifest Resolved entry point: index.ts (project root: /expo-project)
2025-10-18T15:22:32.974Z expo:start:server:metro:router Using app as the root directory for Expo Router.
2025-10-18T15:22:35.078Z expo:start:server:middleware:manifest Resolved entry point: index.ts (project root: /expo-project)
2025-10-18T15:22:35.078Z expo:start:server:metro:router Using app as the root directory for Expo Router.
2025-10-18T15:22:37.174Z expo:start:server:middleware:manifest Resolved entry point: index.ts (project root: /expo-project)
2025-10-18T15:22:37.175Z expo:start:server:metro:router Using app as the root directory for Expo Router.
2025-10-18T15:22:37.841Z expo:start:server:metro:metroWatchTypeScriptFiles Detected TypeScript file changed in the project:  /expo-project/components/TTSButton.tsx
2025-10-18T15:22:39.276Z expo:start:server:middleware:manifest Resolved entry point: index.ts (project root: /expo-project)
2025-10-18T15:22:39.277Z expo:start:server:metro:router Using app as the root directory for Expo Router.
2025-10-18T15:22:41.387Z expo:start:server:middleware:manifest Resolved entry point: index.ts (project root: /expo-project)
2025-10-18T15:22:41.387Z expo:start:server:metro:router Using app as the root directory for Expo Router.
2025-10-18T15:22:43.490Z expo:start:server:middleware:manifest Resolved entry point: index.ts (project root: /expo-project)
2025-10-18T15:22:43.490Z expo:start:server:metro:router Using app as the root directory for Expo Router.
2025-10-18T15:22:45.581Z expo:start:server:middleware:manifest Resolved entry point: index.ts (project root: /expo-project)
2025-10-18T15:22:45.581Z expo:start:server:metro:router Using app as the root directory for Expo Router.
2025-10-18T15:22:47.683Z expo:start:server:middleware:manifest Resolved entry point: index.ts (project root: /expo-project)
2025-10-18T15:22:47.683Z expo:start:server:metro:router Using app as the root directory for Expo Router.
2025-10-18T15:22:49.783Z expo:start:server:middleware:manifest Resolved entry point: index.ts (project root: /expo-project)
2025-10-18T15:22:49.783Z expo:start:server:metro:router Using app as the root directory for Expo Router.
2025-10-18T15:22:51.892Z expo:start:server:middleware:manifest Resolved entry point: index.ts (project root: /expo-project)
2025-10-18T15:22:51.892Z expo:start:server:metro:router Using app as the root directory for Expo Router.
2025-10-18T15:22:53.995Z expo:start:server:middleware:manifest Resolved entry point: index.ts (project root: /expo-project)
2025-10-18T15:22:53.995Z expo:start:server:metro:router Using app as the root directory for Expo Router.
2025-10-18T15:22:56.086Z expo:start:server:middleware:manifest Resolved entry point: index.ts (project root: /expo-project)
2025-10-18T15:22:56.086Z expo:start:server:metro:router Using app as the root directory for Expo Router.
2025-10-18T15:22:58.208Z expo:start:server:middleware:manifest Resolved entry point: index.ts (project root: /expo-project)
2025-10-18T15:22:58.208Z expo:start:server:metro:router Using app as the root directory for Expo Router.
2025-10-18T15:23:00.310Z expo:start:server:middleware:manifest Resolved entry point: index.ts (project root: /expo-project)
2025-10-18T15:23:00.310Z expo:start:server:metro:router Using app as the root directory for Expo Router.
2025-10-18T15:23:02.421Z expo:start:server:middleware:manifest Resolved entry point: index.ts (project root: /expo-project)
2025-10-18T15:23:02.421Z expo:start:server:metro:router Using app as the root directory for Expo Router.
2025-10-18T15:23:04.500Z expo:start:server:middleware:manifest Resolved entry point: index.ts (project root: /expo-project)
2025-10-18T15:23:04.500Z expo:start:server:metro:router Using app as the root directory for Expo Router.
2025-10-18T15:23:06.596Z expo:start:server:middleware:manifest Resolved entry point: index.ts (project root: /expo-project)
2025-10-18T15:23:06.596Z expo:start:server:metro:router Using app as the root directory for Expo Router.
2025-10-18T15:23:08.696Z expo:start:server:middleware:manifest Resolved entry point: index.ts (project root: /expo-project)
2025-10-18T15:23:08.696Z expo:start:server:metro:router Using app as the root directory for Expo Router.
2025-10-18T15:23:10.802Z expo:start:server:middleware:manifest Resolved entry point: index.ts (project root: /expo-project)
2025-10-18T15:23:10.802Z expo:start:server:metro:router Using app as the root directory for Expo Router.
2025-10-18T15:23:12.900Z expo:start:server:middleware:manifest Resolved entry point: index.ts (project root: /expo-project)
2025-10-18T15:23:12.900Z expo:start:server:metro:router Using app as the root directory for Expo Router.
2025-10-18T15:23:15.007Z expo:start:server:middleware:manifest Resolved entry point: index.ts (project root: /expo-project)
2025-10-18T15:23:15.007Z expo:start:server:metro:router Using app as the root directory for Expo Router.
2025-10-18T15:23:17.109Z expo:start:server:middleware:manifest Resolved entry point: index.ts (project root: /expo-project)
2025-10-18T15:23:17.109Z expo:start:server:metro:router Using app as the root directory for Expo Router.
2025-10-18T15:23:17.451Z expo:start:server:metro:metroWatchTypeScriptFiles Detected TypeScript file changed in the project:  /expo-project/app/vocab/[id].tsx
2025-10-18T15:23:19.211Z expo:start:server:middleware:manifest Resolved entry point: index.ts (project root: /expo-project)
2025-10-18T15:23:19.211Z expo:start:server:metro:router Using app as the root directory for Expo Router.
2025-10-18T15:23:21.314Z expo:start:server:middleware:manifest Resolved entry point: index.ts (project root: /expo-project)
2025-10-18T15:23:21.314Z expo:start:server:metro:router Using app as the root directory for Expo Router.
2025-10-18T15:23:23.406Z expo:start:server:middleware:manifest Resolved entry point: index.ts (project root: /expo-project)
2025-10-18T15:23:23.409Z expo:start:server:metro:router Using app as the root directory for Expo Router.
2025-10-18T15:23:25.511Z expo:start:server:middleware:manifest Resolved entry point: index.ts (project root: /expo-project)
2025-10-18T15:23:25.511Z expo:start:server:metro:router Using app as the root directory for Expo Router.
2025-10-18T15:23:27.607Z expo:start:server:middleware:manifest Resolved entry point: index.ts (project root: /expo-project)
2025-10-18T15:23:27.607Z expo:start:server:metro:router Using app as the root directory for Expo Router.
2025-10-18T15:23:29.709Z expo:start:server:middleware:manifest Resolved entry point: index.ts (project root: /expo-project)
2025-10-18T15:23:29.709Z expo:start:server:metro:router Using app as the root directory for Expo Router.
2025-10-18T15:23:31.794Z expo:start:server:middleware:manifest Resolved entry point: index.ts (project root: /expo-project)
2025-10-18T15:23:31.794Z expo:start:server:metro:router Using app as the root directory for Expo Router.
2025-10-18T15:23:33.890Z expo:start:server:middleware:manifest Resolved entry point: index.ts (project root: /expo-project)
2025-10-18T15:23:33.891Z expo:start:server:metro:router Using app as the root directory for Expo Router.
2025-10-18T15:23:35.995Z expo:start:server:middleware:manifest Resolved entry point: index.ts (project root: /expo-project)
2025-10-18T15:23:36.001Z expo:start:server:metro:router Using app as the root directory for Expo Router.
2025-10-18T15:23:36.673Z expo:start:server:metro:metroWatchTypeScriptFiles Detected TypeScript file changed in the project:  /expo-project/app/grammar/[id].tsx
2025-10-18T15:23:38.097Z expo:start:server:middleware:manifest Resolved entry point: index.ts (project root: /expo-project)
2025-10-18T15:23:38.098Z expo:start:server:metro:router Using app as the root directory for Expo Router.
2025-10-18T15:23:40.200Z expo:start:server:middleware:manifest Resolved entry point: index.ts (project root: /expo-project)
2025-10-18T15:23:40.200Z expo:start:server:metro:router Using app as the root directory for Expo Router.
2025-10-18T15:23:42.281Z expo:start:server:middleware:manifest Resolved entry point: index.ts (project root: /expo-project)
2025-10-18T15:23:42.281Z expo:start:server:metro:router Using app as the root directory for Expo Router.
2025-10-18T15:23:44.364Z expo:start:server:middleware:manifest Resolved entry point: index.ts (project root: /expo-project)
2025-10-18T15:23:44.364Z expo:start:server:metro:router Using app as the root directory for Expo Router.
2025-10-18T15:23:46.465Z expo:start:server:middleware:manifest Resolved entry point: index.ts (project root: /expo-project)
2025-10-18T15:23:46.465Z expo:start:server:metro:router Using app as the root directory for Expo Router.
2025-10-18T15:23:48.548Z expo:start:server:middleware:manifest Resolved entry point: index.ts (project root: /expo-project)
2025-10-18T15:23:48.548Z expo:start:server:metro:router Using app as the root directory for Expo Router.
2025-10-18T15:23:50.646Z expo:start:server:middleware:manifest Resolved entry point: index.ts (project root: /expo-project)
2025-10-18T15:23:50.646Z expo:start:server:metro:router Using app as the root directory for Expo Router.
2025-10-18T15:23:52.736Z expo:start:server:middleware:manifest Resolved entry point: index.ts (project root: /expo-project)
2025-10-18T15:23:52.736Z expo:start:server:metro:router Using app as the root directory for Expo Router.
2025-10-18T15:23:54.817Z expo:start:server:middleware:manifest Resolved entry point: index.ts (project root: /expo-project)
2025-10-18T15:23:54.817Z expo:start:server:metro:router Using app as the root directory for Expo Router.
2025-10-18T15:23:56.906Z expo:start:server:middleware:manifest Resolved entry point: index.ts (project root: /expo-project)
2025-10-18T15:23:56.906Z expo:start:server:metro:router Using app as the root directory for Expo Router.
2025-10-18T15:23:59.009Z expo:start:server:middleware:manifest Resolved entry point: index.ts (project root: /expo-project)
2025-10-18T15:23:59.009Z expo:start:server:metro:router Using app as the root directory for Expo Router.
2025-10-18T15:24:01.109Z expo:start:server:middleware:manifest Resolved entry point: index.ts (project root: /expo-project)
2025-10-18T15:24:01.109Z expo:start:server:metro:router Using app as the root directory for Expo Router.
2025-10-18T15:24:03.217Z expo:start:server:middleware:manifest Resolved entry point: index.ts (project root: /expo-project)
2025-10-18T15:24:03.217Z expo:start:server:metro:router Using app as the root directory for Expo Router.
2025-10-18T15:24:05.134Z expo:start:server:metro:metroWatchTypeScriptFiles Detected TypeScript file changed in the project:  /expo-project/app/tts-settings.tsx
| 2025-10-18T15:24:05.210Z expo:babel:exports Found assignment to module.exports or exports at 34
2025-10-18T15:24:05.331Z expo:start:server:middleware:manifest Resolved entry point: index.ts (project root: /expo-project)
2025-10-18T15:24:05.331Z expo:start:server:metro:router Using app as the root directory for Expo Router.
2025-10-18T15:24:07.433Z expo:start:server:middleware:manifest Resolved entry point: index.ts (project root: /expo-project)
2025-10-18T15:24:07.433Z expo:start:server:metro:router Using app as the root directory for Expo Router.
2025-10-18T15:24:09.516Z expo:start:server:middleware:manifest Resolved entry point: index.ts (project root: /expo-project)
2025-10-18T15:24:09.516Z expo:start:server:metro:router Using app as the root directory for Expo Router.
2025-10-18T15:24:11.597Z expo:start:server:middleware:manifest Resolved entry point: index.ts (project root: /expo-project)
2025-10-18T15:24:11.597Z expo:start:server:metro:router Using app as the root directory for Expo Router.
2025-10-18T15:24:13.702Z expo:start:server:middleware:manifest Resolved entry point: index.ts (project root: /expo-project)
2025-10-18T15:24:13.702Z expo:start:server:metro:router Using app as the root directory for Expo Router.
2025-10-18T15:24:15.799Z expo:start:server:middleware:manifest Resolved entry point: index.ts (project root: /expo-project)
2025-10-18T15:24:15.799Z expo:start:server:metro:router Using app as the root directory for Expo Router.
2025-10-18T15:24:17.902Z expo:start:server:middleware:manifest Resolved entry point: index.ts (project root: /expo-project)
2025-10-18T15:24:17.902Z expo:start:server:metro:router Using app as the root directory for Expo Router.
2025-10-18T15:24:19.999Z expo:start:server:middleware:manifest Resolved entry point: index.ts (project root: /expo-project)
2025-10-18T15:24:19.999Z expo:start:server:metro:router Using app as the root directory for Expo Router.
2025-10-18T15:24:22.093Z expo:start:server:middleware:manifest Resolved entry point: index.ts (project root: /expo-project)
2025-10-18T15:24:22.094Z expo:start:server:metro:router Using app as the root directory for Expo Router.
2025-10-18T15:24:24.178Z expo:start:server:middleware:manifest Resolved entry point: index.ts (project root: /expo-project)
2025-10-18T15:24:24.178Z expo:start:server:metro:router Using app as the root directory for Expo Router.
2025-10-18T15:24:26.284Z expo:start:server:middleware:manifest Resolved entry point: index.ts (project root: /expo-project)
2025-10-18T15:24:26.285Z expo:start:server:metro:router Using app as the root directory for Expo Router.
2025-10-18T15:24:27.328Z expo:start:server:metro:metroWatchTypeScriptFiles Detected TypeScript file changed in the project:  /expo-project/app/(tabs)/profile.tsx
2025-10-18T15:24:28.366Z expo:start:server:middleware:manifest Resolved entry point: index.ts (project root: /expo-project)
2025-10-18T15:24:28.366Z expo:start:server:metro:router Using app as the root directory for Expo Router.
2025-10-18T15:24:30.465Z expo:start:server:middleware:manifest Resolved entry point: index.ts (project root: /expo-project)
2025-10-18T15:24:30.465Z expo:start:server:metro:router Using app as the root directory for Expo Router.
2025-10-18T15:24:32.554Z expo:start:server:middleware:manifest Resolved entry point: index.ts (project root: /expo-project)
2025-10-18T15:24:32.554Z expo:start:server:metro:router Using app as the root directory for Expo Router.
2025-10-18T15:24:34.652Z expo:start:server:middleware:manifest Resolved entry point: index.ts (project root: /expo-project)
2025-10-18T15:24:34.652Z expo:start:server:metro:router Using app as the root directory for Expo Router.
2025-10-18T15:24:36.735Z expo:start:server:middleware:manifest Resolved entry point: index.ts (project root: /expo-project)
2025-10-18T15:24:36.736Z expo:start:server:metro:router Using app as the root directory for Expo Router.
2025-10-18T15:24:38.820Z expo:start:server:middleware:manifest Resolved entry point: index.ts (project root: /expo-project)
2025-10-18T15:24:38.820Z expo:start:server:metro:router Using app as the root directory for Expo Router.
2025-10-18T15:24:40.923Z expo:start:server:middleware:manifest Resolved entry point: index.ts (project root: /expo-project)
2025-10-18T15:24:40.923Z expo:start:server:metro:router Using app as the root directory for Expo Router.
2025-10-18T15:24:43.009Z expo:start:server:middleware:manifest Resolved entry point: index.ts (project root: /expo-project)
2025-10-18T15:24:43.009Z expo:start:server:metro:router Using app as the root directory for Expo Router.
2025-10-18T15:24:45.116Z expo:start:server:middleware:manifest Resolved entry point: index.ts (project root: /expo-project)
2025-10-18T15:24:45.116Z expo:start:server:metro:router Using app as the root directory for Expo Router.
2025-10-18T15:24:47.222Z expo:start:server:middleware:manifest Resolved entry point: index.ts (project root: /expo-project)
2025-10-18T15:24:47.222Z expo:start:server:metro:router Using app as the root directory for Expo Router.
2025-10-18T15:24:49.327Z expo:start:server:middleware:manifest Resolved entry point: index.ts (project root: /expo-project)
2025-10-18T15:24:49.327Z expo:start:server:metro:router Using app as the root directory for Expo Router.
2025-10-18T15:24:51.431Z expo:start:server:middleware:manifest Resolved entry point: index.ts (project root: /expo-project)
2025-10-18T15:24:51.431Z expo:start:server:metro:router Using app as the root directory for Expo Router.
2025-10-18T15:24:53.518Z expo:start:server:middleware:manifest Resolved entry point: index.ts (project root: /expo-project)
2025-10-18T15:24:53.518Z expo:start:server:metro:router Using app as the root directory for Expo Router.
2025-10-18T15:24:55.605Z expo:start:server:middleware:manifest Resolved entry point: index.ts (project root: /expo-project)
2025-10-18T15:24:55.605Z expo:start:server:metro:router Using app as the root directory for Expo Router.
2025-10-18T15:24:57.694Z expo:start:server:middleware:manifest Resolved entry point: index.ts (project root: /expo-project)
2025-10-18T15:24:57.694Z expo:start:server:metro:router Using app as the root directory for Expo Router.
2025-10-18T15:24:59.781Z expo:start:server:middleware:manifest Resolved entry point: index.ts (project root: /expo-project)
2025-10-18T15:24:59.781Z expo:start:server:metro:router Using app as the root directory for Expo Router.
2025-10-18T15:25:01.884Z expo:start:server:middleware:manifest Resolved entry point: index.ts (project root: /expo-project)
2025-10-18T15:25:01.885Z expo:start:server:metro:router Using app as the root directory for Expo Router.
2025-10-18T15:25:03.987Z expo:start:server:middleware:manifest Resolved entry point: index.ts (project root: /expo-project)
2025-10-18T15:25:03.987Z expo:start:server:metro:router Using app as the root directory for Expo Router.
2025-10-18T15:25:04.980Z expo:start:server:middleware:manifest Resolved entry point: index.ts (project root: /expo-project)
2025-10-18T15:25:04.981Z expo:start:server:metro:router Using app as the root directory for Expo Router.
Web ./index.ts ░░░░░░░░░░░░░░░░  0.0% (0/1)
2025-10-18T15:25:05.153Z expo:metro-config:serializer:env-var Injecting environment variables in virtual module.
Web Bundled 60ms index.ts (1 module)
2025-10-18T15:25:06.091Z expo:start:server:middleware:manifest Resolved entry point: index.ts (project root: /expo-project)
2025-10-18T15:25:06.092Z expo:start:server:metro:router Using app as the root directory for Expo Router.
 LOG  [web] Logs will appear in the browser console
2025-10-18T15:25:08.189Z expo:start:server:middleware:manifest Resolved entry point: index.ts (project root: /expo-project)
2025-10-18T15:25:08.189Z expo:start:server:metro:router Using app as the root directory for Expo Router.
2025-10-18T15:25:10.287Z expo:start:server:middleware:manifest Resolved entry point: index.ts (project root: /expo-project)
2025-10-18T15:25:10.287Z expo:start:server:metro:router Using app as the root directory for Expo Router.
2025-10-18T15:25:12.381Z expo:start:server:middleware:manifest Resolved entry point: index.ts (project root: /expo-project)
2025-10-18T15:25:12.381Z expo:start:server:metro:router Using app as the root directory for Expo Router.
2025-10-18T15:25:14.483Z expo:start:server:middleware:manifest Resolved entry point: index.ts (project root: /expo-project)
2025-10-18T15:25:14.483Z expo:start:server:metro:router Using app as the root directory for Expo Router.
2025-10-18T15:25:16.574Z expo:start:server:middleware:manifest Resolved entry point: index.ts (project root: /expo-project)
2025-10-18T15:25:16.574Z expo:start:server:metro:router Using app as the root directory for Expo Router.
2025-10-18T15:25:18.681Z expo:start:server:middleware:manifest Resolved entry point: index.ts (project root: /expo-project)
2025-10-18T15:25:18.682Z expo:start:server:metro:router Using app as the root directory for Expo Router.
2025-10-18T15:25:20.781Z expo:start:server:middleware:manifest Resolved entry point: index.ts (project root: /expo-project)
2025-10-18T15:25:20.782Z expo:start:server:metro:router Using app as the root directory for Expo Router.
2025-10-18T15:25:22.883Z expo:start:server:middleware:manifest Resolved entry point: index.ts (project root: /expo-project)
2025-10-18T15:25:22.884Z expo:start:server:metro:router Using app as the root directory for Expo Router.
2025-10-18T15:25:24.985Z expo:start:server:middleware:manifest Resolved entry point: index.ts (project root: /expo-project)
2025-10-18T15:25:24.985Z expo:start:server:metro:router Using app as the root directory for Expo Router.
2025-10-18T15:25:27.109Z expo:start:server:middleware:manifest Resolved entry point: index.ts (project root: /expo-project)
2025-10-18T15:25:27.109Z expo:start:server:metro:router Using app as the root directory for Expo Router.
2025-10-18T15:25:29.210Z expo:start:server:middleware:manifest Resolved entry point: index.ts (project root: /expo-project)
2025-10-18T15:25:29.210Z expo:start:server:metro:router Using app as the root directory for Expo Router.
2025-10-18T15:25:31.309Z expo:start:server:middleware:manifest Resolved entry point: index.ts (project root: /expo-project)
2025-10-18T15:25:31.309Z expo:start:server:metro:router Using app as the root directory for Expo Router.
2025-10-18T15:25:33.409Z expo:start:server:middleware:manifest Resolved entry point: index.ts (project root: /expo-project)
2025-10-18T15:25:33.409Z expo:start:server:metro:router Using app as the root directory for Expo Router.
2025-10-18T15:25:35.509Z expo:start:server:middleware:manifest Resolved entry point: index.ts (project root: /expo-project)
2025-10-18T15:25:35.509Z expo:start:server:metro:router Using app as the root directory for Expo Router.
2025-10-18T15:25:37.614Z expo:start:server:middleware:manifest Resolved entry point: index.ts (project root: /expo-project)
2025-10-18T15:25:37.614Z expo:start:server:metro:router Using app as the root directory for Expo Router.
2025-10-18T15:25:39.717Z expo:start:server:middleware:manifest Resolved entry point: index.ts (project root: /expo-project)
2025-10-18T15:25:39.717Z expo:start:server:metro:router Using app as the root directory for Expo Router.
2025-10-18T15:25:41.819Z expo:start:server:middleware:manifest Resolved entry point: index.ts (project root: /expo-project)
2025-10-18T15:25:41.819Z expo:start:server:metro:router Using app as the root directory for Expo Router.
2025-10-18T15:25:43.931Z expo:start:server:middleware:manifest Resolved entry point: index.ts (project root: /expo-project)
2025-10-18T15:25:43.931Z expo:start:server:metro:router Using app as the root directory for Expo Router.
2025-10-18T15:25:46.013Z expo:start:server:middleware:manifest Resolved entry point: index.ts (project root: /expo-project)
2025-10-18T15:25:46.013Z expo:start:server:metro:router Using app as the root directory for Expo Router.
2025-10-18T15:25:48.098Z expo:start:server:middleware:manifest Resolved entry point: index.ts (project root: /expo-project)
2025-10-18T15:25:48.099Z expo:start:server:metro:router Using app as the root directory for Expo Router.
2025-10-18T15:25:50.194Z expo:start:server:middleware:manifest Resolved entry point: index.ts (project root: /expo-project)
2025-10-18T15:25:50.195Z expo:start:server:metro:router Using app as the root directory for Expo Router.
2025-10-18T15:25:52.292Z expo:start:server:middleware:manifest Resolved entry point: index.ts (project root: /expo-project)
2025-10-18T15:25:52.292Z expo:start:server:metro:router Using app as the root directory for Expo Router.
2025-10-18T15:25:54.392Z expo:start:server:middleware:manifest Resolved entry point: index.ts (project root: /expo-project)
2025-10-18T15:25:54.392Z expo:start:server:metro:router Using app as the root directory for Expo Router.
2025-10-18T15:25:56.488Z expo:start:server:middleware:manifest Resolved entry point: index.ts (project root: /expo-project)
2025-10-18T15:25:56.488Z expo:start:server:metro:router Using app as the root directory for Expo Router.
2025-10-18T15:25:58.591Z expo:start:server:middleware:manifest Resolved entry point: index.ts (project root: /expo-project)
2025-10-18T15:25:58.594Z expo:start:server:metro:router Using app as the root directory for Expo Router.
2025-10-18T15:26:00.708Z expo:start:server:middleware:manifest Resolved entry point: index.ts (project root: /expo-project)
2025-10-18T15:26:00.708Z expo:start:server:metro:router Using app as the root directory for Expo Router.
2025-10-18T15:26:02.813Z expo:start:server:middleware:manifest Resolved entry point: index.ts (project root: /expo-project)
2025-10-18T15:26:02.813Z expo:start:server:metro:router Using app as the root directory for Expo Router.
2025-10-18T15:26:04.914Z expo:start:server:middleware:manifest Resolved entry point: index.ts (project root: /expo-project)
2025-10-18T15:26:04.914Z expo:start:server:metro:router Using app as the root directory for Expo Router.
2025-10-18T15:26:07.018Z expo:start:server:middleware:manifest Resolved entry point: index.ts (project root: /expo-project)
2025-10-18T15:26:07.018Z expo:start:server:metro:router Using app as the root directory for Expo Router.
2025-10-18T15:26:09.127Z expo:start:server:middleware:manifest Resolved entry point: index.ts (project root: /expo-project)
2025-10-18T15:26:09.131Z expo:start:server:metro:router Using app as the root directory for Expo Router.
2025-10-18T15:26:11.225Z expo:start:server:middleware:manifest Resolved entry point: index.ts (project root: /expo-project)
2025-10-18T15:26:11.226Z expo:start:server:metro:router Using app as the root directory for Expo Router.
2025-10-18T15:26:13.325Z expo:start:server:middleware:manifest Resolved entry point: index.ts (project root: /expo-project)
2025-10-18T15:26:13.325Z expo:start:server:metro:router Using app as the root directory for Expo Router.
2025-10-18T15:26:15.409Z expo:start:server:middleware:manifest Resolved entry point: index.ts (project root: /expo-project)
2025-10-18T15:26:15.409Z expo:start:server:metro:router Using app as the root directory for Expo Router.
2025-10-18T15:26:17.511Z expo:start:server:middleware:manifest Resolved entry point: index.ts (project root: /expo-project)
2025-10-18T15:26:17.511Z expo:start:server:metro:router Using app as the root directory for Expo Router.
2025-10-18T15:26:19.612Z expo:start:server:middleware:manifest Resolved entry point: index.ts (project root: /expo-project)
2025-10-18T15:26:19.613Z expo:start:server:metro:router Using app as the root directory for Expo Router.
2025-10-18T15:26:21.717Z expo:start:server:middleware:manifest Resolved entry point: index.ts (project root: /expo-project)
2025-10-18T15:26:21.717Z expo:start:server:metro:router Using app as the root directory for Expo Router.
2025-10-18T15:26:23.805Z expo:start:server:middleware:manifest Resolved entry point: index.ts (project root: /expo-project)
2025-10-18T15:26:23.805Z expo:start:server:metro:router Using app as the root directory for Expo Router.
2025-10-18T15:26:25.906Z expo:start:server:middleware:manifest Resolved entry point: index.ts (project root: /expo-project)
2025-10-18T15:26:25.907Z expo:start:server:metro:router Using app as the root directory for Expo Router.
2025-10-18T15:26:28.008Z expo:start:server:middleware:manifest Resolved entry point: index.ts (project root: /expo-project)
2025-10-18T15:26:28.008Z expo:start:server:metro:router Using app as the root directory for Expo Router.
2025-10-18T15:26:30.110Z expo:start:server:middleware:manifest Resolved entry point: index.ts (project root: /expo-project)
2025-10-18T15:26:30.110Z expo:start:server:metro:router Using app as the root directory for Expo Router.
2025-10-18T15:26:32.207Z expo:start:server:middleware:manifest Resolved entry point: index.ts (project root: /expo-project)
2025-10-18T15:26:32.207Z expo:start:server:metro:router Using app as the root directory for Expo Router.
2025-10-18T15:26:34.312Z expo:start:server:middleware:manifest Resolved entry point: index.ts (project root: /expo-project)
2025-10-18T15:26:34.313Z expo:start:server:metro:router Using app as the root directory for Expo Router.
2025-10-18T15:26:36.410Z expo:start:server:middleware:manifest Resolved entry point: index.ts (project root: /expo-project)
2025-10-18T15:26:36.411Z expo:start:server:metro:router Using app as the root directory for Expo Router.
2025-10-18T15:26:38.511Z expo:start:server:middleware:manifest Resolved entry point: index.ts (project root: /expo-project)
2025-10-18T15:26:38.511Z expo:start:server:metro:router Using app as the root directory for Expo Router.
2025-10-18T15:26:40.613Z expo:start:server:middleware:manifest Resolved entry point: index.ts (project root: /expo-project)
2025-10-18T15:26:40.613Z expo:start:server:metro:router Using app as the root directory for Expo Router.
2025-10-18T15:26:42.714Z expo:start:server:middleware:manifest Resolved entry point: index.ts (project root: /expo-project)
2025-10-18T15:26:42.714Z expo:start:server:metro:router Using app as the root directory for Expo Router.
2025-10-18T15:26:44.828Z expo:start:server:middleware:manifest Resolved entry point: index.ts (project root: /expo-project)
2025-10-18T15:26:44.828Z expo:start:server:metro:router Using app as the root directory for Expo Router.
2025-10-18T15:26:46.934Z expo:start:server:middleware:manifest Resolved entry point: index.ts (project root: /expo-project)
2025-10-18T15:26:46.934Z expo:start:server:metro:router Using app as the root directory for Expo Router.
2025-10-18T15:26:49.030Z expo:start:server:middleware:manifest Resolved entry point: index.ts (project root: /expo-project)
2025-10-18T15:26:49.030Z expo:start:server:metro:router Using app as the root directory for Expo Router.
2025-10-18T15:26:51.118Z expo:start:server:middleware:manifest Resolved entry point: index.ts (project root: /expo-project)
2025-10-18T15:26:51.118Z expo:start:server:metro:router Using app as the root directory for Expo Router.
2025-10-18T15:26:53.201Z expo:start:server:middleware:manifest Resolved entry point: index.ts (project root: /expo-project)
2025-10-18T15:26:53.202Z expo:start:server:metro:router Using app as the root directory for Expo Router.
2025-10-18T15:26:55.296Z expo:start:server:middleware:manifest Resolved entry point: index.ts (project root: /expo-project)
2025-10-18T15:26:55.296Z expo:start:server:metro:router Using app as the root directory for Expo Router.
2025-10-18T15:26:57.391Z expo:start:server:middleware:manifest Resolved entry point: index.ts (project root: /expo-project)
2025-10-18T15:26:57.391Z expo:start:server:metro:router Using app as the root directory for Expo Router.
2025-10-18T15:26:59.477Z expo:start:server:middleware:manifest Resolved entry point: index.ts (project root: /expo-project)
2025-10-18T15:26:59.477Z expo:start:server:metro:router Using app as the root directory for Expo Router.
2025-10-18T15:27:01.585Z expo:start:server:middleware:manifest Resolved entry point: index.ts (project root: /expo-project)
2025-10-18T15:27:01.585Z expo:start:server:metro:router Using app as the root directory for Expo Router.
2025-10-18T15:27:03.672Z expo:start:server:middleware:manifest Resolved entry point: index.ts (project root: /expo-project)
2025-10-18T15:27:03.672Z expo:start:server:metro:router Using app as the root directory for Expo Router.
2025-10-18T15:27:05.772Z expo:start:server:middleware:manifest Resolved entry point: index.ts (project root: /expo-project)
2025-10-18T15:27:05.772Z expo:start:server:metro:router Using app as the root directory for Expo Router.
2025-10-18T15:27:07.867Z expo:start:server:middleware:manifest Resolved entry point: index.ts (project root: /expo-project)
2025-10-18T15:27:07.867Z expo:start:server:metro:router Using app as the root directory for Expo Router.
2025-10-18T15:27:09.967Z expo:start:server:middleware:manifest Resolved entry point: index.ts (project root: /expo-project)
2025-10-18T15:27:09.967Z expo:start:server:metro:router Using app as the root directory for Expo Router.
2025-10-18T15:27:12.074Z expo:start:server:middleware:manifest Resolved entry point: index.ts (project root: /expo-project)
2025-10-18T15:27:12.074Z expo:start:server:metro:router Using app as the root directory for Expo Router.
2025-10-18T15:27:14.180Z expo:start:server:middleware:manifest Resolved entry point: index.ts (project root: /expo-project)
2025-10-18T15:27:14.180Z expo:start:server:metro:router Using app as the root directory for Expo Router.
2025-10-18T15:27:16.282Z expo:start:server:middleware:manifest Resolved entry point: index.ts (project root: /expo-project)
2025-10-18T15:27:16.282Z expo:start:server:metro:router Using app as the root directory for Expo Router.
2025-10-18T15:27:18.381Z expo:start:server:middleware:manifest Resolved entry point: index.ts (project root: /expo-project)
2025-10-18T15:27:18.381Z expo:start:server:metro:router Using app as the root directory for Expo Router.
2025-10-18T15:27:20.489Z expo:start:server:middleware:manifest Resolved entry point: index.ts (project root: /expo-project)
2025-10-18T15:27:20.490Z expo:start:server:metro:router Using app as the root directory for Expo Router.
2025-10-18T15:27:22.603Z expo:start:server:middleware:manifest Resolved entry point: index.ts (project root: /expo-project)
2025-10-18T15:27:22.603Z expo:start:server:metro:router Using app as the root directory for Expo Router.
2025-10-18T15:27:24.697Z expo:start:server:middleware:manifest Resolved entry point: index.ts (project root: /expo-project)
2025-10-18T15:27:24.697Z expo:start:server:metro:router Using app as the root directory for Expo Router.
2025-10-18T15:27:26.794Z expo:start:server:middleware:manifest Resolved entry point: index.ts (project root: /expo-project)
2025-10-18T15:27:26.795Z expo:start:server:metro:router Using app as the root directory for Expo Router.
2025-10-18T15:27:28.886Z expo:start:server:middleware:manifest Resolved entry point: index.ts (project root: /expo-project)
2025-10-18T15:27:28.887Z expo:start:server:metro:router Using app as the root directory for Expo Router.
2025-10-18T15:27:30.978Z expo:start:server:middleware:manifest Resolved entry point: index.ts (project root: /expo-project)
2025-10-18T15:27:30.978Z expo:start:server:metro:router Using app as the root directory for Expo Router.
2025-10-18T15:27:33.097Z expo:start:server:middleware:manifest Resolved entry point: index.ts (project root: /expo-project)
2025-10-18T15:27:33.098Z expo:start:server:metro:router Using app as the root directory for Expo Router.
2025-10-18T15:27:35.200Z expo:start:server:middleware:manifest Resolved entry point: index.ts (project root: /expo-project)
2025-10-18T15:27:35.200Z expo:start:server:metro:router Using app as the root directory for Expo Router.
2025-10-18T15:27:37.304Z expo:start:server:middleware:manifest Resolved entry point: index.ts (project root: /expo-project)
2025-10-18T15:27:37.304Z expo:start:server:metro:router Using app as the root directory for Expo Router.
2025-10-18T15:27:39.403Z expo:start:server:middleware:manifest Resolved entry point: index.ts (project root: /expo-project)
2025-10-18T15:27:39.403Z expo:start:server:metro:router Using app as the root directory for Expo Router.
2025-10-18T15:27:41.488Z expo:start:server:middleware:manifest Resolved entry point: index.ts (project root: /expo-project)
2025-10-18T15:27:41.488Z expo:start:server:metro:router Using app as the root directory for Expo Router.
2025-10-18T15:27:43.589Z expo:start:server:middleware:manifest Resolved entry point: index.ts (project root: /expo-project)
2025-10-18T15:27:43.589Z expo:start:server:metro:router Using app as the root directory for Expo Router.
2025-10-18T15:27:45.690Z expo:start:server:middleware:manifest Resolved entry point: index.ts (project root: /expo-project)
2025-10-18T15:27:45.690Z expo:start:server:metro:router Using app as the root directory for Expo Router.
2025-10-18T15:27:47.799Z expo:start:server:middleware:manifest Resolved entry point: index.ts (project root: /expo-project)
2025-10-18T15:27:47.799Z expo:start:server:metro:router Using app as the root directory for Expo Router.
2025-10-18T15:27:49.892Z expo:start:server:middleware:manifest Resolved entry point: index.ts (project root: /expo-project)
2025-10-18T15:27:49.892Z expo:start:server:metro:router Using app as the root directory for Expo Router.
2025-10-18T15:27:51.975Z expo:start:server:middleware:manifest Resolved entry point: index.ts (project root: /expo-project)
2025-10-18T15:27:51.975Z expo:start:server:metro:router Using app as the root directory for Expo Router.
2025-10-18T15:27:54.078Z expo:start:server:middleware:manifest Resolved entry point: index.ts (project root: /expo-project)
2025-10-18T15:27:54.078Z expo:start:server:metro:router Using app as the root directory for Expo Router.
2025-10-18T15:27:56.178Z expo:start:server:middleware:manifest Resolved entry point: index.ts (project root: /expo-project)
2025-10-18T15:27:56.178Z expo:start:server:metro:router Using app as the root directory for Expo Router.
2025-10-18T15:27:58.279Z expo:start:server:middleware:manifest Resolved entry point: index.ts (project root: /expo-project)
2025-10-18T15:27:58.281Z expo:start:server:metro:router Using app as the root directory for Expo Router.
2025-10-18T15:28:00.384Z expo:start:server:middleware:manifest Resolved entry point: index.ts (project root: /expo-project)
2025-10-18T15:28:00.384Z expo:start:server:metro:router Using app as the root directory for Expo Router.
2025-10-18T15:28:02.483Z expo:start:server:middleware:manifest Resolved entry point: index.ts (project root: /expo-project)
2025-10-18T15:28:02.483Z expo:start:server:metro:router Using app as the root directory for Expo Router.
2025-10-18T15:28:04.584Z expo:start:server:middleware:manifest Resolved entry point: index.ts (project root: /expo-project)
2025-10-18T15:28:04.585Z expo:start:server:metro:router Using app as the root directory for Expo Router.
2025-10-18T15:28:06.689Z expo:start:server:middleware:manifest Resolved entry point: index.ts (project root: /expo-project)
2025-10-18T15:28:06.689Z expo:start:server:metro:router Using app as the root directory for Expo Router.
2025-10-18T15:28:08.778Z expo:start:server:middleware:manifest Resolved entry point: index.ts (project root: /expo-project)
2025-10-18T15:28:08.779Z expo:start:server:metro:router Using app as the root directory for Expo Router.
2025-10-18T15:28:10.876Z expo:start:server:middleware:manifest Resolved entry point: index.ts (project root: /expo-project)
2025-10-18T15:28:10.877Z expo:start:server:metro:router Using app as the root directory for Expo Router.
2025-10-18T15:28:12.974Z expo:start:server:middleware:manifest Resolved entry point: index.ts (project root: /expo-project)
2025-10-18T15:28:12.979Z expo:start:server:metro:router Using app as the root directory for Expo Router.
2025-10-18T15:28:15.072Z expo:start:server:middleware:manifest Resolved entry point: index.ts (project root: /expo-project)
2025-10-18T15:28:15.072Z expo:start:server:metro:router Using app as the root directory for Expo Router.
2025-10-18T15:28:17.177Z expo:start:server:middleware:manifest Resolved entry point: index.ts (project root: /expo-project)
2025-10-18T15:28:17.177Z expo:start:server:metro:router Using app as the root directory for Expo Router.
2025-10-18T15:28:19.275Z expo:start:server:middleware:manifest Resolved entry point: index.ts (project root: /expo-project)
2025-10-18T15:28:19.275Z expo:start:server:metro:router Using app as the root directory for Expo Router.
2025-10-18T15:28:21.372Z expo:start:server:middleware:manifest Resolved entry point: index.ts (project root: /expo-project)
2025-10-18T15:28:21.372Z expo:start:server:metro:router Using app as the root directory for Expo Router.
2025-10-18T15:28:23.479Z expo:start:server:middleware:manifest Resolved entry point: index.ts (project root: /expo-project)
2025-10-18T15:28:23.479Z expo:start:server:metro:router Using app as the root directory for Expo Router.
2025-10-18T15:28:25.581Z expo:start:server:middleware:manifest Resolved entry point: index.ts (project root: /expo-project)
2025-10-18T15:28:25.581Z expo:start:server:metro:router Using app as the root directory for Expo Router.
2025-10-18T15:28:27.686Z expo:start:server:middleware:manifest Resolved entry point: index.ts (project root: /expo-project)
2025-10-18T15:28:27.686Z expo:start:server:metro:router Using app as the root directory for Expo Router.
2025-10-18T15:28:29.789Z expo:start:server:middleware:manifest Resolved entry point: index.ts (project root: /expo-project)
2025-10-18T15:28:29.789Z expo:start:server:metro:router Using app as the root directory for Expo Router.
2025-10-18T15:28:31.884Z expo:start:server:middleware:manifest Resolved entry point: index.ts (project root: /expo-project)
2025-10-18T15:28:31.885Z expo:start:server:metro:router Using app as the root directory for Expo Router.
/expo-project/node_modules/@expo/cli/build/src/utils/errors.js:130
    throw error;
    ^

Error: ENOENT: no such file or directory, watch '/expo-project/node_modules/expo-media-library_tmp_3162/build/next'
    at FSWatcher.<computed> (node:internal/fs/watchers:254:19)
    at Object.watch (node:fs:2549:36)
    at FallbackWatcher._watchdir (/expo-project/node_modules/metro-file-map/src/watchers/FallbackWatcher.js:88:24)
    at /expo-project/node_modules/metro-file-map/src/watchers/FallbackWatcher.js:185:22
    at Walker.<anonymous> (/expo-project/node_modules/metro-file-map/src/watchers/FallbackWatcher.js:322:31)
    at Walker.emit (node:events:519:28)
    at /expo-project/node_modules/walker/lib/walker.js:69:16
    at FSReqCallback.oncomplete (node:fs:187:23) {
  errno: -2,
  syscall: 'watch',
  code: 'ENOENT',
  path: '/expo-project/node_modules/expo-media-library_tmp_3162/build/next',
  filename: '/expo-project/node_modules/expo-media-library_tmp_3162/build/next'
}

Node.js v22.19.0
2025-10-18T15:28:36.443Z expo:env /expo-project/.env does not exist, skipping this env file
2025-10-18T15:28:36.444Z expo:env /expo-project/.env.development does not exist, skipping this env file
2025-10-18T15:28:36.444Z expo:env /expo-project/.env.local does not exist, skipping this env file
2025-10-18T15:28:36.444Z expo:env /expo-project/.env.development.local does not exist, skipping this env file
Starting project at /expo-project
2025-10-18T15:28:36.588Z expo:utils:fileNotifier Observing /expo-project/babel.config.js
2025-10-18T15:28:36.707Z expo:start:server:devServer Stopping dev server (bundler: metro)
2025-10-18T15:28:36.707Z expo:start:server:devServer Stopped dev server (bundler: metro)
2025-10-18T15:28:36.721Z expo:start:server:metro:router Using app as the root directory for Expo Router.
2025-10-18T15:28:37.073Z expo:metro:config react-native-reanimated package.json: /expo-project/node_modules/react-native-reanimated/package.json
2025-10-18T15:28:37.074Z expo:metro:config react-native-worklets package.json: /expo-project/node_modules/react-native-worklets/package.json

Expo Metro config:
- Version: 54.0.6
- Extensions: ts, tsx, mjs, js, jsx, json, cjs, scss, sass, css
- React Native: /expo-project/node_modules/react-native
- Watch Folders: 
- Node Module Paths: 
- Sass: null
- Reanimated: 4.1.2
- Worklets: 0.5.1
- Babel Runtime: null

2025-10-18T15:28:37.306Z expo:metro:withMetroResolvers Appending 8 custom resolvers to Metro config. (has custom resolver: false)
2025-10-18T15:28:37.370Z expo:start:server:urlCreator URL: http://127.0.0.1:8081
Starting Metro Bundler
2025-10-18T15:28:37.467Z expo:start:server:middleware:serveStatic Serving static files from: /expo-project/public
2025-10-18T15:28:37.467Z expo:start:server:devServer [tunnel] connect to port: 8081
2025-10-18T15:28:37.545Z expo:start:platforms:android:adbServer /usr/lib/android-sdk/platform-tools/adb devices -l
2025-10-18T15:28:37.631Z expo:start:server:ngrok Stopping Tunnel
2025-10-18T15:28:37.632Z expo:start:server:ngrok Global config path: /root/.expo/ngrok.yml
2025-10-18T15:28:37.642Z expo:start:server:ngrok Hostname: bqGuL14-anonymous-8081.exp.direct
Tunnel connected.
2025-10-18T15:28:38.123Z expo:start:server:ngrok Tunnel URL: https://bqgul14-anonymous-8081.exp.direct
Tunnel ready.
2025-10-18T15:28:38.124Z expo:start:server:urlCreator URL: exp://bqgul14-anonymous-8081.exp.direct
2025-10-18T15:28:38.129Z expo:start:server:developmentSession Development session will not ping because the user is not authenticated and there are no devices.
2025-10-18T15:28:38.129Z expo:utils:fileNotifier Observing /expo-project/metro.config.js
2025-10-18T15:28:38.130Z expo:start:server:metro:waitForTypescript Watching file changes: [
  '/expo-project/.env.development.local',
  '/expo-project/.env.local',
  '/expo-project/.env.development',
  '/expo-project/.env'
]
2025-10-18T15:28:38.130Z expo:doctor:typescriptSupport Ensuring TypeScript support is setup
2025-10-18T15:28:38.135Z expo:doctor:dependencies:getMissingPackages Required package "typescript" found (no version constraint specified).
2025-10-18T15:28:38.135Z expo:doctor:dependencies:getMissingPackages Required package "@types/react" found (no version constraint specified).
2025-10-18T15:28:38.138Z expo:typed-routes Ensuring typed routes side-effects are setup (experiments.typedRoutes: true, typesDirectory: /expo-project/.expo/types)
2025-10-18T15:28:38.141Z expo:start:server:metro:router Using app as the root directory for Expo Router.
2025-10-18T15:28:38.149Z expo:start:server:metro:metroWatchTypeScriptFiles Waiting for TypeScript files to be added to the project...
2025-10-18T15:28:38.150Z expo:doctor:dependencies:bundledNativeModules Fetching bundled native modules from the server...
2025-10-18T15:28:38.468Z expo:doctor:dependencies:validate Checking dependencies for 54.0.0: {
  '@babel/plugin-proposal-export-namespace-from': '^7.18.9',
  '@babel/runtime': '^7.26.9',
  '@bacons/apple-targets': '^3.0.2',
  '@expo/metro-runtime': '~6.1.1',
  '@expo/ngrok': '^4.1.3',
  '@expo/vector-icons': '^15.0.2',
  '@react-native-async-storage/async-storage': '^2.2.0',
  '@react-native-community/datetimepicker': '^8.3.0',
  '@react-native-community/slider': '^5.0.1',
  '@react-navigation/drawer': '^7.1.1',
  '@react-navigation/native': '^7.0.14',
  '@react-navigation/native-stack': '^7.2.0',
  '@supabase/supabase-js': '^2.75.1',
  '@types/difflib': '^0.2.7',
  difflib: '^0.2.4',
  eas: '^0.1.0',
  expo: '~54.0.1',
  'expo-blur': '^15.0.6',
  'expo-camera': '^17.0.8',
  'expo-constants': '~18.0.8',
  'expo-file-system': '^19.0.17',
  'expo-font': '^14.0.7',
  'expo-glass-effect': '^0.1.1',
  'expo-haptics': '^15.0.6',
  'expo-image-picker': '^17.0.7',
  'expo-linear-gradient': '^15.0.6',
  'expo-linking': '^8.0.7',
  'expo-media-library': '^18.2.0',
  'expo-network': '^8.0.7',
  'expo-router': '^6.0.0',
  'expo-secure-store': '^15.0.7',
  'expo-speech': '^14.0.7',
  'expo-splash-screen': '^31.0.8',
  'expo-sqlite': '^16.0.8',
  'expo-status-bar': '~3.0.7',
  'expo-symbols': '^1.0.6',
  'expo-system-ui': '^6.0.7',
  'expo-web-browser': '^15.0.6',
  react: '19.1.0',
  'react-dom': '19.1.0',
  'react-native': '0.81.4',
  'react-native-css-interop': '^0.1.22',
  'react-native-edge-to-edge': '^1.7.0',
  'react-native-gesture-handler': '^2.24.0',
  'react-native-maps': '^1.20.1',
  'react-native-reanimated': '~4.1.0',
  'react-native-safe-area-context': '^5.4.0',
  'react-native-screens': '~4.16.0',
  'react-native-url-polyfill': '^2.0.0',
  'react-native-web': '~0.21.1',
  'react-native-webview': '^13.15.0',
  'react-native-worklets': '0.5.1',
  'react-router-dom': '^7.1.3',
  'workbox-cli': '^7.3.0',
  'workbox-precaching': '^7.3.0',
  'workbox-webpack-plugin': '^7.3.0',
  '@babel/core': '^7.20.0',
  '@eslint/js': '^9.19.0',
  '@types/react': '~19.1.12',
  '@typescript-eslint/eslint-plugin': '^6.21.0',
  '@typescript-eslint/parser': '^6.21.0',
  'babel-plugin-module-resolver': '^5.0.2',
  eslint: '^8.57.0',
  'eslint-config-expo': '~10.0.0',
  'eslint-plugin-import': '^2.31.0',
  'eslint-plugin-react': '^7.37.4',
  globals: '^15.14.0',
  typescript: '^5.8.3',
  'webpack-cli': '^6.0.1'
}
2025-10-18T15:28:38.469Z expo:doctor:dependencies:validate Comparing known versions: [
  '@expo/metro-runtime',
  '@expo/vector-icons',
  '@react-native-async-storage/async-storage',
  '@react-native-community/datetimepicker',
  '@react-native-community/slider',
  'expo',
  'expo-blur',
  'expo-camera',
  'expo-constants',
  'expo-file-system',
  'expo-font',
  'expo-glass-effect',
  'expo-haptics',
  'expo-image-picker',
  'expo-linear-gradient',
  'expo-linking',
  'expo-media-library',
  'expo-network',
  'expo-router',
  'expo-secure-store',
  'expo-speech',
  'expo-splash-screen',
  'expo-sqlite',
  'expo-status-bar',
  'expo-symbols',
  'expo-system-ui',
  'expo-web-browser',
  'react',
  'react-dom',
  'react-native',
  'react-native-gesture-handler',
  'react-native-maps',
  'react-native-reanimated',
  'react-native-safe-area-context',
  'react-native-screens',
  'react-native-web',
  'react-native-webview',
  'react-native-worklets',
  '@babel/core',
  '@types/react',
  'eslint-config-expo',
  'typescript'
]
2025-10-18T15:28:38.469Z expo:doctor:dependencies:validate Skipping packages that cannot be versioned automatically: [
  '@babel/plugin-proposal-export-namespace-from',
  '@babel/runtime',
  '@bacons/apple-targets',
  '@expo/ngrok',
  '@react-navigation/drawer',
  '@react-navigation/native',
  '@react-navigation/native-stack',
  '@supabase/supabase-js',
  '@types/difflib',
  'difflib',
  'eas',
  'react-native-css-interop',
  'react-native-edge-to-edge',
  'react-native-url-polyfill',
  'react-router-dom',
  'workbox-cli',
  'workbox-precaching',
  'workbox-webpack-plugin',
  '@eslint/js',
  '@typescript-eslint/eslint-plugin',
  '@typescript-eslint/parser',
  'babel-plugin-module-resolver',
  'eslint',
  'eslint-plugin-import',
  'eslint-plugin-react',
  'globals',
  'webpack-cli'
]
2025-10-18T15:28:38.484Z expo:doctor:dependencies:validate Package versions: {
  '@expo/metro-runtime': '6.1.2',
  '@expo/vector-icons': '15.0.2',
  '@react-native-async-storage/async-storage': '2.2.0',
  '@react-native-community/datetimepicker': '8.4.5',
  '@react-native-community/slider': '5.0.1',
  expo: '54.0.12',
  'expo-blur': '15.0.7',
  'expo-camera': '17.0.8',
  'expo-constants': '18.0.9',
  'expo-file-system': '19.0.17',
  'expo-font': '14.0.8',
  'expo-glass-effect': '0.1.4',
  'expo-haptics': '15.0.7',
  'expo-image-picker': '17.0.8',
  'expo-linear-gradient': '15.0.7',
  'expo-linking': '8.0.8',
  'expo-media-library': '18.2.0',
  'expo-network': '8.0.7',
  'expo-router': '6.0.10',
  'expo-secure-store': '15.0.7',
  'expo-speech': '14.0.7',
  'expo-splash-screen': '31.0.10',
  'expo-sqlite': '16.0.8',
  'expo-status-bar': '3.0.8',
  'expo-symbols': '1.0.7',
  'expo-system-ui': '6.0.7',
  'expo-web-browser': '15.0.8',
  react: '19.1.0',
  'react-dom': '19.1.0',
  'react-native': '0.81.4',
  'react-native-gesture-handler': '2.28.0',
  'react-native-maps': '1.26.14',
  'react-native-reanimated': '4.1.2',
  'react-native-safe-area-context': '5.6.1',
  'react-native-screens': '4.16.0',
  'react-native-web': '0.21.1',
  'react-native-webview': '13.16.0',
  'react-native-worklets': '0.5.1',
  '@babel/core': '7.28.4',
  '@types/react': '19.1.17',
  'eslint-config-expo': '10.0.0',
  typescript: '5.9.3'
}
2025-10-18T15:28:38.487Z expo:doctor:dependencies:validate Incorrect dependencies: [
  {
    packageName: '@react-native-community/datetimepicker',
    packageType: 'dependencies',
    expectedVersionOrRange: '8.4.4',
    actualVersion: '8.4.5'
  },
  {
    packageName: 'expo',
    packageType: 'dependencies',
    expectedVersionOrRange: '54.0.13',
    actualVersion: '54.0.12'
  },
  {
    packageName: 'expo-font',
    packageType: 'dependencies',
    expectedVersionOrRange: '~14.0.9',
    actualVersion: '14.0.8'
  },
  {
    packageName: 'expo-router',
    packageType: 'dependencies',
    expectedVersionOrRange: '~6.0.12',
    actualVersion: '6.0.10'
  },
  {
    packageName: 'react-native-maps',
    packageType: 'dependencies',
    expectedVersionOrRange: '1.20.1',
    actualVersion: '1.26.14'
  },
  {
    packageName: 'react-native-webview',
    packageType: 'dependencies',
    expectedVersionOrRange: '13.15.0',
    actualVersion: '13.16.0'
  }
]
The following packages should be updated for best compatibility with the installed expo version:
  @react-native-community/datetimepicker@8.4.5 - expected version: 8.4.4
  expo@54.0.12 - expected version: 54.0.13
  expo-font@14.0.8 - expected version: ~14.0.9
  expo-router@6.0.10 - expected version: ~6.0.12
  react-native-maps@1.26.14 - expected version: 1.20.1
  react-native-webview@13.16.0 - expected version: 13.15.0
Your project may not work correctly until you install the expected versions of the packages.
Waiting on http://localhost:8081
Logs for your project will appear below.
2025-10-18T15:28:39.115Z expo:start:server:middleware:manifest Resolved entry point: index.ts (project root: /expo-project)
2025-10-18T15:28:39.115Z expo:start:server:metro:router Using app as the root directory for Expo Router.
2025-10-18T15:28:39.194Z expo:start:server:middleware:manifest Resolved entry point: index.ts (project root: /expo-project)
2025-10-18T15:28:39.194Z expo:start:server:metro:router Using app as the root directory for Expo Router.
2025-10-18T15:28:39.957Z expo:start:server:middleware:manifest Resolved entry point: index.ts (project root: /expo-project)
2025-10-18T15:28:39.957Z expo:start:server:metro:router Using app as the root directory for Expo Router.
2025-10-18T15:28:42.254Z expo:start:server:middleware:manifest Resolved entry point: index.ts (project root: /expo-project)
2025-10-18T15:28:42.254Z expo:start:server:metro:router Using app as the root directory for Expo Router.
2025-10-18T15:28:49.095Z expo:start:server:metro:multi-platform Enabling alias: react-native-vector-icons -> @expo/vector-icons
2025-10-18T15:28:49.105Z expo:start:server:middleware:manifest Resolved entry point: index.ts (project root: /expo-project)
2025-10-18T15:28:49.105Z expo:start:server:metro:router Using app as the root directory for Expo Router.
2025-10-18T15:28:49.125Z expo:start:server:metro:multi-platform Skipping production module: ./cjs/react-jsx-dev-runtime.production.js
2025-10-18T15:28:49.129Z expo:start:server:metro:multi-platform Skipping production module: ./cjs/react.production.js
Web ./index.ts ░░░░░░░░░░░░░░░░  0.0% (0/1)
2025-10-18T15:28:49.135Z expo:start:server:metro:metroWatchTypeScriptFiles Detected TypeScript file changed in the project:  /expo-project/types/dictionary.ts
2025-10-18T15:28:49.145Z expo:start:server:metro:multi-platform Redirecting module "/expo-project/node_modules/react-native-web/dist/exports/BackHandler/index.js" to shim
2025-10-18T15:28:49.415Z expo:start:server:metro:multi-platform Skipping production module: ./cjs/react-dom-client.production.js
2025-10-18T15:28:49.433Z expo:start:server:metro:multi-platform Redirecting module "/expo-project/node_modules/react-native-web/dist/exports/AppRegistry/AppContainer.js" to shim
2025-10-18T15:28:49.512Z expo:start:server:metro:multi-platform Skipping production module: ./cjs/react-jsx-runtime.production.js
2025-10-18T15:28:49.562Z expo:start:server:metro:multi-platform Skipping production module: ./cjs/react-dom.production.js
2025-10-18T15:28:49.667Z expo:start:server:metro:multi-platform Skipping production module: ./cjs/react-is.production.js
2025-10-18T15:28:49.955Z expo:start:server:metro:multi-platform Skipping production module: ./cjs/react-is.production.min.js
2025-10-18T15:28:49.975Z expo:start:server:metro:multi-platform Skipping production module: ./cjs/scheduler.production.js
2025-10-18T15:28:49.992Z expo:start:server:metro:multi-platform Skipping production module: ./cjs/react-refresh-runtime.production.min.js
2025-10-18T15:28:50.112Z expo:start:server:metro:multi-platform Redirecting module "/expo-project/node_modules/react-native-web/dist/exports/BackHandler/index.js" to shim
2025-10-18T15:28:50.115Z expo:start:server:metro:multi-platform Skipping production module: ./cjs/react-is.production.min.js
2025-10-18T15:28:50.214Z expo:metro-config:serializer:env-var Injecting environment variables in virtual module.
Web Bundled 1174ms index.ts (1449 modules)
2025-10-18T15:28:51.208Z expo:start:server:middleware:manifest Resolved entry point: index.ts (project root: /expo-project)
2025-10-18T15:28:51.208Z expo:start:server:metro:router Using app as the root directory for Expo Router.
 LOG  [web] Logs will appear in the browser console
2025-10-18T15:28:53.298Z expo:start:server:middleware:manifest Resolved entry point: index.ts (project root: /expo-project)
2025-10-18T15:28:53.298Z expo:start:server:metro:router Using app as the root directory for Expo Router.
2025-10-18T15:28:55.400Z expo:start:server:middleware:manifest Resolved entry point: index.ts (project root: /expo-project)
2025-10-18T15:28:55.401Z expo:start:server:metro:router Using app as the root directory for Expo Router.
2025-10-18T15:28:57.504Z expo:start:server:middleware:manifest Resolved entry point: index.ts (project root: /expo-project)
2025-10-18T15:28:57.504Z expo:start:server:metro:router Using app as the root directory for Expo Router.
2025-10-18T15:28:59.619Z expo:start:server:middleware:manifest Resolved entry point: index.ts (project root: /expo-project)
2025-10-18T15:28:59.619Z expo:start:server:metro:router Using app as the root directory for Expo Router.
2025-10-18T15:29:01.717Z expo:start:server:middleware:manifest Resolved entry point: index.ts (project root: /expo-project)
2025-10-18T15:29:01.717Z expo:start:server:metro:router Using app as the root directory for Expo Router.
2025-10-18T15:29:03.832Z expo:start:server:middleware:manifest Resolved entry point: index.ts (project root: /expo-project)
2025-10-18T15:29:03.832Z expo:start:server:metro:router Using app as the root directory for Expo Router.
2025-10-18T15:29:05.921Z expo:start:server:middleware:manifest Resolved entry point: index.ts (project root: /expo-project)
2025-10-18T15:29:05.921Z expo:start:server:metro:router Using app as the root directory for Expo Router.
2025-10-18T15:29:08.008Z expo:start:server:middleware:manifest Resolved entry point: index.ts (project root: /expo-project)
2025-10-18T15:29:08.008Z expo:start:server:metro:router Using app as the root directory for Expo Router.
2025-10-18T15:29:10.111Z expo:start:server:middleware:manifest Resolved entry point: index.ts (project root: /expo-project)
2025-10-18T15:29:10.111Z expo:start:server:metro:router Using app as the root directory for Expo Router.
2025-10-18T15:29:12.218Z expo:start:server:middleware:manifest Resolved entry point: index.ts (project root: /expo-project)
2025-10-18T15:29:12.219Z expo:start:server:metro:router Using app as the root directory for Expo Router.
2025-10-18T15:29:14.320Z expo:start:server:middleware:manifest Resolved entry point: index.ts (project root: /expo-project)
2025-10-18T15:29:14.320Z expo:start:server:metro:router Using app as the root directory for Expo Router.
2025-10-18T15:29:16.426Z expo:start:server:middleware:manifest Resolved entry point: index.ts (project root: /expo-project)
2025-10-18T15:29:16.426Z expo:start:server:metro:router Using app as the root directory for Expo Router.
2025-10-18T15:29:18.528Z expo:start:server:middleware:manifest Resolved entry point: index.ts (project root: /expo-project)
2025-10-18T15:29:18.529Z expo:start:server:metro:router Using app as the root directory for Expo Router.
2025-10-18T15:29:20.622Z expo:start:server:middleware:manifest Resolved entry point: index.ts (project root: /expo-project)
2025-10-18T15:29:20.623Z expo:start:server:metro:router Using app as the root directory for Expo Router.
2025-10-18T15:29:22.728Z expo:start:server:middleware:manifest Resolved entry point: index.ts (project root: /expo-project)
2025-10-18T15:29:22.728Z expo:start:server:metro:router Using app as the root directory for Expo Router.
2025-10-18T15:29:24.831Z expo:start:server:middleware:manifest Resolved entry point: index.ts (project root: /expo-project)
2025-10-18T15:29:24.831Z expo:start:server:metro:router Using app as the root directory for Expo Router.
2025-10-18T15:29:26.929Z expo:start:server:middleware:manifest Resolved entry point: index.ts (project root: /expo-project)
2025-10-18T15:29:26.930Z expo:start:server:metro:router Using app as the root directory for Expo Router.
2025-10-18T15:29:29.031Z expo:start:server:middleware:manifest Resolved entry point: index.ts (project root: /expo-project)
2025-10-18T15:29:29.031Z expo:start:server:metro:router Using app as the root directory for Expo Router.
2025-10-18T15:29:31.135Z expo:start:server:middleware:manifest Resolved entry point: index.ts (project root: /expo-project)
2025-10-18T15:29:31.135Z expo:start:server:metro:router Using app as the root directory for Expo Router.
2025-10-18T15:29:33.244Z expo:start:server:middleware:manifest Resolved entry point: index.ts (project root: /expo-project)
2025-10-18T15:29:33.244Z expo:start:server:metro:router Using app as the root directory for Expo Router.
2025-10-18T15:29:34.557Z expo:start:server:metro:metroWatchTypeScriptFiles Detected TypeScript file changed in the project:  /expo-project/utils/database.ts
2025-10-18T15:29:35.348Z expo:start:server:middleware:manifest Resolved entry point: index.ts (project root: /expo-project)
2025-10-18T15:29:35.348Z expo:start:server:metro:router Using app as the root directory for Expo Router.
2025-10-18T15:29:37.452Z expo:start:server:middleware:manifest Resolved entry point: index.ts (project root: /expo-project)
2025-10-18T15:29:37.453Z expo:start:server:metro:router Using app as the root directory for Expo Router.
2025-10-18T15:29:39.548Z expo:start:server:middleware:manifest Resolved entry point: index.ts (project root: /expo-project)
2025-10-18T15:29:39.549Z expo:start:server:metro:router Using app as the root directory for Expo Router.
2025-10-18T15:29:41.651Z expo:start:server:middleware:manifest Resolved entry point: index.ts (project root: /expo-project)
2025-10-18T15:29:41.651Z expo:start:server:metro:router Using app as the root directory for Expo Router.
2025-10-18T15:29:42.938Z expo:start:server:metro:metroWatchTypeScriptFiles Detected TypeScript file changed in the project:  /expo-project/utils/ocr.ts
2025-10-18T15:29:43.755Z expo:start:server:middleware:manifest Resolved entry point: index.ts (project root: /expo-project)
2025-10-18T15:29:43.755Z expo:start:server:metro:router Using app as the root directory for Expo Router.
2025-10-18T15:29:45.857Z expo:start:server:middleware:manifest Resolved entry point: index.ts (project root: /expo-project)
2025-10-18T15:29:45.857Z expo:start:server:metro:router Using app as the root directory for Expo Router.
2025-10-18T15:29:47.991Z expo:start:server:middleware:manifest Resolved entry point: index.ts (project root: /expo-project)
2025-10-18T15:29:47.991Z expo:start:server:metro:router Using app as the root directory for Expo Router.
2025-10-18T15:29:50.086Z expo:start:server:middleware:manifest Resolved entry point: index.ts (project root: /expo-project)
2025-10-18T15:29:50.086Z expo:start:server:metro:router Using app as the root directory for Expo Router.
2025-10-18T15:29:52.210Z expo:start:server:middleware:manifest Resolved entry point: index.ts (project root: /expo-project)
2025-10-18T15:29:52.210Z expo:start:server:metro:router Using app as the root directory for Expo Router.
2025-10-18T15:29:54.323Z expo:start:server:middleware:manifest Resolved entry point: index.ts (project root: /expo-project)
2025-10-18T15:29:54.323Z expo:start:server:metro:router Using app as the root directory for Expo Router.
2025-10-18T15:29:56.425Z expo:start:server:middleware:manifest Resolved entry point: index.ts (project root: /expo-project)
2025-10-18T15:29:56.425Z expo:start:server:metro:router Using app as the root directory for Expo Router.
2025-10-18T15:29:58.532Z expo:start:server:middleware:manifest Resolved entry point: index.ts (project root: /expo-project)
2025-10-18T15:29:58.532Z expo:start:server:metro:router Using app as the root directory for Expo Router.
2025-10-18T15:30:00.662Z expo:start:server:middleware:manifest Resolved entry point: index.ts (project root: /expo-project)
2025-10-18T15:30:00.662Z expo:start:server:metro:router Using app as the root directory for Expo Router.
2025-10-18T15:30:02.764Z expo:start:server:middleware:manifest Resolved entry point: index.ts (project root: /expo-project)
2025-10-18T15:30:02.764Z expo:start:server:metro:router Using app as the root directory for Expo Router.
2025-10-18T15:30:04.853Z expo:start:server:middleware:manifest Resolved entry point: index.ts (project root: /expo-project)
2025-10-18T15:30:04.853Z expo:start:server:metro:router Using app as the root directory for Expo Router.
2025-10-18T15:30:06.958Z expo:start:server:middleware:manifest Resolved entry point: index.ts (project root: /expo-project)
2025-10-18T15:30:06.958Z expo:start:server:metro:router Using app as the root directory for Expo Router.
2025-10-18T15:30:09.058Z expo:start:server:middleware:manifest Resolved entry point: index.ts (project root: /expo-project)
2025-10-18T15:30:09.058Z expo:start:server:metro:router Using app as the root directory for Expo Router.
2025-10-18T15:30:11.148Z expo:start:server:middleware:manifest Resolved entry point: index.ts (project root: /expo-project)
2025-10-18T15:30:11.148Z expo:start:server:metro:router Using app as the root directory for Expo Router.
2025-10-18T15:30:13.251Z expo:start:server:middleware:manifest Resolved entry point: index.ts (project root: /expo-project)
2025-10-18T15:30:13.251Z expo:start:server:metro:router Using app as the root directory for Expo Router.
2025-10-18T15:30:15.348Z expo:start:server:middleware:manifest Resolved entry point: index.ts (project root: /expo-project)
2025-10-18T15:30:15.348Z expo:start:server:metro:router Using app as the root directory for Expo Router.
2025-10-18T15:30:17.122Z expo:start:server:metro:metroWatchTypeScriptFiles Detected TypeScript file changed in the project:  /expo-project/app/scan.tsx
| 2025-10-18T15:30:17.205Z expo:babel:exports Found assignment to module.exports or exports at 35
2025-10-18T15:30:17.445Z expo:start:server:middleware:manifest Resolved entry point: index.ts (project root: /expo-project)
2025-10-18T15:30:17.445Z expo:start:server:metro:router Using app as the root directory for Expo Router.
2025-10-18T15:30:19.532Z expo:start:server:middleware:manifest Resolved entry point: index.ts (project root: /expo-project)
2025-10-18T15:30:19.533Z expo:start:server:metro:router Using app as the root directory for Expo Router.
2025-10-18T15:30:21.635Z expo:start:server:middleware:manifest Resolved entry point: index.ts (project root: /expo-project)
2025-10-18T15:30:21.635Z expo:start:server:metro:router Using app as the root directory for Expo Router.
2025-10-18T15:30:23.737Z expo:start:server:middleware:manifest Resolved entry point: index.ts (project root: /expo-project)
2025-10-18T15:30:23.737Z expo:start:server:metro:router Using app as the root directory for Expo Router.
2025-10-18T15:30:25.822Z expo:start:server:middleware:manifest Resolved entry point: index.ts (project root: /expo-project)
2025-10-18T15:30:25.823Z expo:start:server:metro:router Using app as the root directory for Expo Router.
2025-10-18T15:30:27.921Z expo:start:server:middleware:manifest Resolved entry point: index.ts (project root: /expo-project)
2025-10-18T15:30:27.921Z expo:start:server:metro:router Using app as the root directory for Expo Router.
2025-10-18T15:30:30.004Z expo:start:server:middleware:manifest Resolved entry point: index.ts (project root: /expo-project)
2025-10-18T15:30:30.004Z expo:start:server:metro:router Using app as the root directory for Expo Router.
2025-10-18T15:30:32.111Z expo:start:server:middleware:manifest Resolved entry point: index.ts (project root: /expo-project)
2025-10-18T15:30:32.111Z expo:start:server:metro:router Using app as the root directory for Expo Router.
2025-10-18T15:30:34.195Z expo:start:server:middleware:manifest Resolved entry point: index.ts (project root: /expo-project)
2025-10-18T15:30:34.196Z expo:start:server:metro:router Using app as the root directory for Expo Router.
2025-10-18T15:30:36.295Z expo:start:server:middleware:manifest Resolved entry point: index.ts (project root: /expo-project)
2025-10-18T15:30:36.295Z expo:start:server:metro:router Using app as the root directory for Expo Router.
2025-10-18T15:30:38.376Z expo:start:server:middleware:manifest Resolved entry point: index.ts (project root: /expo-project)
2025-10-18T15:30:38.376Z expo:start:server:metro:router Using app as the root directory for Expo Router.
2025-10-18T15:30:39.486Z expo:start:server:metro:metroWatchTypeScriptFiles Detected TypeScript file changed in the project:  /expo-project/app/scan-history.tsx
| 2025-10-18T15:30:39.559Z expo:babel:exports Found assignment to module.exports or exports at 36
2025-10-18T15:30:40.460Z expo:start:server:middleware:manifest Resolved entry point: index.ts (project root: /expo-project)
2025-10-18T15:30:40.460Z expo:start:server:metro:router Using app as the root directory for Expo Router.
2025-10-18T15:30:42.556Z expo:start:server:middleware:manifest Resolved entry point: index.ts (project root: /expo-project)
2025-10-18T15:30:42.556Z expo:start:server:metro:router Using app as the root directory for Expo Router.
2025-10-18T15:30:44.651Z expo:start:server:middleware:manifest Resolved entry point: index.ts (project root: /expo-project)
2025-10-18T15:30:44.651Z expo:start:server:metro:router Using app as the root directory for Expo Router.
2025-10-18T15:30:46.758Z expo:start:server:middleware:manifest Resolved entry point: index.ts (project root: /expo-project)
2025-10-18T15:30:46.758Z expo:start:server:metro:router Using app as the root directory for Expo Router.
2025-10-18T15:30:48.847Z expo:start:server:middleware:manifest Resolved entry point: index.ts (project root: /expo-project)
2025-10-18T15:30:48.847Z expo:start:server:metro:router Using app as the root directory for Expo Router.
2025-10-18T15:30:50.951Z expo:start:server:middleware:manifest Resolved entry point: index.ts (project root: /expo-project)
2025-10-18T15:30:50.951Z expo:start:server:metro:router Using app as the root directory for Expo Router.
2025-10-18T15:30:53.048Z expo:start:server:middleware:manifest Resolved entry point: index.ts (project root: /expo-project)
2025-10-18T15:30:53.048Z expo:start:server:metro:router Using app as the root directory for Expo Router.
2025-10-18T15:30:55.169Z expo:start:server:middleware:manifest Resolved entry point: index.ts (project root: /expo-project)
2025-10-18T15:30:55.170Z expo:start:server:metro:router Using app as the root directory for Expo Router.
2025-10-18T15:30:57.273Z expo:start:server:middleware:manifest Resolved entry point: index.ts (project root: /expo-project)
2025-10-18T15:30:57.273Z expo:start:server:metro:router Using app as the root directory for Expo Router.
2025-10-18T15:30:59.380Z expo:start:server:middleware:manifest Resolved entry point: index.ts (project root: /expo-project)
2025-10-18T15:30:59.380Z expo:start:server:metro:router Using app as the root directory for Expo Router.
2025-10-18T15:31:01.475Z expo:start:server:middleware:manifest Resolved entry point: index.ts (project root: /expo-project)
2025-10-18T15:31:01.475Z expo:start:server:metro:router Using app as the root directory for Expo Router.
2025-10-18T15:31:03.577Z expo:start:server:middleware:manifest Resolved entry point: index.ts (project root: /expo-project)
2025-10-18T15:31:03.577Z expo:start:server:metro:router Using app as the root directory for Expo Router.
2025-10-18T15:31:05.684Z expo:start:server:middleware:manifest Resolved entry point: index.ts (project root: /expo-project)
2025-10-18T15:31:05.684Z expo:start:server:metro:router Using app as the root directory for Expo Router.
2025-10-18T15:31:07.783Z expo:start:server:middleware:manifest Resolved entry point: index.ts (project root: /expo-project)
2025-10-18T15:31:07.783Z expo:start:server:metro:router Using app as the root directory for Expo Router.
2025-10-18T15:31:09.884Z expo:start:server:middleware:manifest Resolved entry point: index.ts (project root: /expo-project)
2025-10-18T15:31:09.884Z expo:start:server:metro:router Using app as the root directory for Expo Router.
2025-10-18T15:31:11.992Z expo:start:server:middleware:manifest Resolved entry point: index.ts (project root: /expo-project)
2025-10-18T15:31:11.992Z expo:start:server:metro:router Using app as the root directory for Expo Router.
2025-10-18T15:31:14.099Z expo:start:server:middleware:manifest Resolved entry point: index.ts (project root: /expo-project)
2025-10-18T15:31:14.099Z expo:start:server:metro:router Using app as the root directory for Expo Router.
2025-10-18T15:31:16.203Z expo:start:server:middleware:manifest Resolved entry point: index.ts (project root: /expo-project)
2025-10-18T15:31:16.203Z expo:start:server:metro:router Using app as the root directory for Expo Router.
2025-10-18T15:31:18.290Z expo:start:server:middleware:manifest Resolved entry point: index.ts (project root: /expo-project)
2025-10-18T15:31:18.295Z expo:start:server:metro:router Using app as the root directory for Expo Router.
2025-10-18T15:31:20.400Z expo:start:server:middleware:manifest Resolved entry point: index.ts (project root: /expo-project)
2025-10-18T15:31:20.400Z expo:start:server:metro:router Using app as the root directory for Expo Router.
2025-10-18T15:31:22.499Z expo:start:server:middleware:manifest Resolved entry point: index.ts (project root: /expo-project)
2025-10-18T15:31:22.500Z expo:start:server:metro:router Using app as the root directory for Expo Router.
2025-10-18T15:31:24.600Z expo:start:server:middleware:manifest Resolved entry point: index.ts (project root: /expo-project)
2025-10-18T15:31:24.600Z expo:start:server:metro:router Using app as the root directory for Expo Router.
2025-10-18T15:31:26.717Z expo:start:server:middleware:manifest Resolved entry point: index.ts (project root: /expo-project)
2025-10-18T15:31:26.717Z expo:start:server:metro:router Using app as the root directory for Expo Router.
2025-10-18T15:31:28.820Z expo:start:server:middleware:manifest Resolved entry point: index.ts (project root: /expo-project)
2025-10-18T15:31:28.821Z expo:start:server:metro:router Using app as the root directory for Expo Router.
2025-10-18T15:31:30.921Z expo:start:server:middleware:manifest Resolved entry point: index.ts (project root: /expo-project)
2025-10-18T15:31:30.921Z expo:start:server:metro:router Using app as the root directory for Expo Router.
2025-10-18T15:31:33.020Z expo:start:server:middleware:manifest Resolved entry point: index.ts (project root: /expo-project)
2025-10-18T15:31:33.020Z expo:start:server:metro:router Using app as the root directory for Expo Router.
2025-10-18T15:31:35.105Z expo:start:server:middleware:manifest Resolved entry point: index.ts (project root: /expo-project)
2025-10-18T15:31:35.105Z expo:start:server:metro:router Using app as the root directory for Expo Router.
2025-10-18T15:31:36.828Z expo:start:server:metro:metroWatchTypeScriptFiles Detected TypeScript file changed in the project:  /expo-project/app/(tabs)/(home)/index.tsx
2025-10-18T15:31:37.209Z expo:start:server:middleware:manifest Resolved entry point: index.ts (project root: /expo-project)
2025-10-18T15:31:37.210Z expo:start:server:metro:router Using app as the root directory for Expo Router.
2025-10-18T15:31:39.308Z expo:start:server:middleware:manifest Resolved entry point: index.ts (project root: /expo-project)
2025-10-18T15:31:39.308Z expo:start:server:metro:router Using app as the root directory for Expo Router.
2025-10-18T15:31:41.408Z expo:start:server:middleware:manifest Resolved entry point: index.ts (project root: /expo-project)
2025-10-18T15:31:41.409Z expo:start:server:metro:router Using app as the root directory for Expo Router.
2025-10-18T15:31:43.516Z expo:start:server:middleware:manifest Resolved entry point: index.ts (project root: /expo-project)
2025-10-18T15:31:43.516Z expo:start:server:metro:router Using app as the root directory for Expo Router.
2025-10-18T15:31:45.641Z expo:start:server:middleware:manifest Resolved entry point: index.ts (project root: /expo-project)
2025-10-18T15:31:45.641Z expo:start:server:metro:router Using app as the root directory for Expo Router.
2025-10-18T15:31:47.862Z expo:start:server:middleware:manifest Resolved entry point: index.ts (project root: /expo-project)
2025-10-18T15:31:47.862Z expo:start:server:metro:router Using app as the root directory for Expo Router.
2025-10-18T15:31:49.967Z expo:start:server:middleware:manifest Resolved entry point: index.ts (project root: /expo-project)
2025-10-18T15:31:49.967Z expo:start:server:metro:router Using app as the root directory for Expo Router.
2025-10-18T15:31:52.084Z expo:start:server:middleware:manifest Resolved entry point: index.ts (project root: /expo-project)
2025-10-18T15:31:52.084Z expo:start:server:metro:router Using app as the root directory for Expo Router.
2025-10-18T15:31:54.184Z expo:start:server:middleware:manifest Resolved entry point: index.ts (project root: /expo-project)
2025-10-18T15:31:54.184Z expo:start:server:metro:router Using app as the root directory for Expo Router.
2025-10-18T15:31:55.826Z expo:start:server:metro:metroWatchTypeScriptFiles Detected TypeScript file changed in the project:  /expo-project/app/(tabs)/profile.tsx
2025-10-18T15:31:56.318Z expo:start:server:middleware:manifest Resolved entry point: index.ts (project root: /expo-project)
2025-10-18T15:31:56.318Z expo:start:server:metro:router Using app as the root directory for Expo Router.
2025-10-18T15:31:58.408Z expo:start:server:middleware:manifest Resolved entry point: index.ts (project root: /expo-project)
2025-10-18T15:31:58.408Z expo:start:server:metro:router Using app as the root directory for Expo Router.
2025-10-18T15:32:00.522Z expo:start:server:middleware:manifest Resolved entry point: index.ts (project root: /expo-project)
2025-10-18T15:32:00.522Z expo:start:server:metro:router Using app as the root directory for Expo Router.
2025-10-18T15:32:02.622Z expo:start:server:middleware:manifest Resolved entry point: index.ts (project root: /expo-project)
2025-10-18T15:32:02.623Z expo:start:server:metro:router Using app as the root directory for Expo Router.
2025-10-18T15:32:04.707Z expo:start:server:middleware:manifest Resolved entry point: index.ts (project root: /expo-project)
2025-10-18T15:32:04.708Z expo:start:server:metro:router Using app as the root directory for Expo Router.
2025-10-18T15:32:06.805Z expo:start:server:middleware:manifest Resolved entry point: index.ts (project root: /expo-project)
2025-10-18T15:32:06.805Z expo:start:server:metro:router Using app as the root directory for Expo Router.
2025-10-18T15:32:08.908Z expo:start:server:middleware:manifest Resolved entry point: index.ts (project root: /expo-project)
2025-10-18T15:32:08.908Z expo:start:server:metro:router Using app as the root directory for Expo Router.
2025-10-18T15:32:11.013Z expo:start:server:middleware:manifest Resolved entry point: index.ts (project root: /expo-project)
2025-10-18T15:32:11.013Z expo:start:server:metro:router Using app as the root directory for Expo Router.
2025-10-18T15:32:13.112Z expo:start:server:middleware:manifest Resolved entry point: index.ts (project root: /expo-project)
2025-10-18T15:32:13.112Z expo:start:server:metro:router Using app as the root directory for Expo Router.
2025-10-18T15:32:15.215Z expo:start:server:middleware:manifest Resolved entry point: index.ts (project root: /expo-project)
2025-10-18T15:32:15.215Z expo:start:server:metro:router Using app as the root directory for Expo Router.
2025-10-18T15:32:17.299Z expo:start:server:middleware:manifest Resolved entry point: index.ts (project root: /expo-project)
2025-10-18T15:32:17.299Z expo:start:server:metro:router Using app as the root directory for Expo Router.
2025-10-18T15:32:19.385Z expo:start:server:middleware:manifest Resolved entry point: index.ts (project root: /expo-project)
2025-10-18T15:32:19.386Z expo:start:server:metro:router Using app as the root directory for Expo Router.
2025-10-18T15:32:21.474Z expo:start:server:middleware:manifest Resolved entry point: index.ts (project root: /expo-project)
2025-10-18T15:32:21.474Z expo:start:server:metro:router Using app as the root directory for Expo Router.
2025-10-18T15:32:23.578Z expo:start:server:middleware:manifest Resolved entry point: index.ts (project root: /expo-project)
2025-10-18T15:32:23.579Z expo:start:server:metro:router Using app as the root directory for Expo Router.
2025-10-18T15:32:25.665Z expo:start:server:middleware:manifest Resolved entry point: index.ts (project root: /expo-project)
2025-10-18T15:32:25.665Z expo:start:server:metro:router Using app as the root directory for Expo Router.
2025-10-18T15:32:27.753Z expo:start:server:middleware:manifest Resolved entry point: index.ts (project root: /expo-project)
2025-10-18T15:32:27.757Z expo:start:server:metro:router Using app as the root directory for Expo Router.
2025-10-18T15:32:29.841Z expo:start:server:middleware:manifest Resolved entry point: index.ts (project root: /expo-project)
2025-10-18T15:32:29.841Z expo:start:server:metro:router Using app as the root directory for Expo Router.
2025-10-18T15:32:31.939Z expo:start:server:middleware:manifest Resolved entry point: index.ts (project root: /expo-project)
2025-10-18T15:32:31.939Z expo:start:server:metro:router Using app as the root directory for Expo Router.
2025-10-18T15:32:32.260Z expo:start:server:middleware:manifest Resolved entry point: index.ts (project root: /expo-project)
2025-10-18T15:32:32.260Z expo:start:server:metro:router Using app as the root directory for Expo Router.
Web ./index.ts ░░░░░░░░░░░░░░░░  0.0% (0/1)
2025-10-18T15:32:32.433Z expo:metro-config:serializer:env-var Injecting environment variables in virtual module.
Web Bundled 59ms index.ts (1 module)
 LOG  [web] Logs will appear in the browser console
2025-10-18T15:32:34.038Z expo:start:server:middleware:manifest Resolved entry point: index.ts (project root: /expo-project)
2025-10-18T15:32:34.038Z expo:start:server:metro:router Using app as the root directory for Expo Router.
2025-10-18T15:32:36.140Z expo:start:server:middleware:manifest Resolved entry point: index.ts (project root: /expo-project)
2025-10-18T15:32:36.140Z expo:start:server:metro:router Using app as the root directory for Expo Router.
2025-10-18T15:32:38.231Z expo:start:server:middleware:manifest Resolved entry point: index.ts (project root: /expo-project)
2025-10-18T15:32:38.231Z expo:start:server:metro:router Using app as the root directory for Expo Router.
2025-10-18T15:32:40.331Z expo:start:server:middleware:manifest Resolved entry point: index.ts (project root: /expo-project)
2025-10-18T15:32:40.337Z expo:start:server:metro:router Using app as the root directory for Expo Router.
2025-10-18T15:32:42.417Z expo:start:server:middleware:manifest Resolved entry point: index.ts (project root: /expo-project)
2025-10-18T15:32:42.417Z expo:start:server:metro:router Using app as the root directory for Expo Router.
2025-10-18T15:32:44.501Z expo:start:server:middleware:manifest Resolved entry point: index.ts (project root: /expo-project)
2025-10-18T15:32:44.501Z expo:start:server:metro:router Using app as the root directory for Expo Router.
2025-10-18T15:32:46.601Z expo:start:server:middleware:manifest Resolved entry point: index.ts (project root: /expo-project)
2025-10-18T15:32:46.601Z expo:start:server:metro:router Using app as the root directory for Expo Router.
2025-10-18T15:32:48.711Z expo:start:server:middleware:manifest Resolved entry point: index.ts (project root: /expo-project)
2025-10-18T15:32:48.711Z expo:start:server:metro:router Using app as the root directory for Expo Router.
2025-10-18T15:32:50.831Z expo:start:server:middleware:manifest Resolved entry point: index.ts (project root: /expo-project)
2025-10-18T15:32:50.831Z expo:start:server:metro:router Using app as the root directory for Expo Router.
2025-10-18T15:32:52.938Z expo:start:server:middleware:manifest Resolved entry point: index.ts (project root: /expo-project)
2025-10-18T15:32:52.938Z expo:start:server:metro:router Using app as the root directory for Expo Router.
2025-10-18T15:32:55.020Z expo:start:server:middleware:manifest Resolved entry point: index.ts (project root: /expo-project)
2025-10-18T15:32:55.020Z expo:start:server:metro:router Using app as the root directory for Expo Router.
2025-10-18T15:32:57.121Z expo:start:server:middleware:manifest Resolved entry point: index.ts (project root: /expo-project)
2025-10-18T15:32:57.121Z expo:start:server:metro:router Using app as the root directory for Expo Router.
2025-10-18T15:32:59.227Z expo:start:server:middleware:manifest Resolved entry point: index.ts (project root: /expo-project)
2025-10-18T15:32:59.227Z expo:start:server:metro:router Using app as the root directory for Expo Router.
2025-10-18T15:33:01.330Z expo:start:server:middleware:manifest Resolved entry point: index.ts (project root: /expo-project)
2025-10-18T15:33:01.330Z expo:start:server:metro:router Using app as the root directory for Expo Router.
2025-10-18T15:33:03.410Z expo:start:server:middleware:manifest Resolved entry point: index.ts (project root: /expo-project)
2025-10-18T15:33:03.410Z expo:start:server:metro:router Using app as the root directory for Expo Router.
2025-10-18T15:33:05.530Z expo:start:server:middleware:manifest Resolved entry point: index.ts (project root: /expo-project)
2025-10-18T15:33:05.530Z expo:start:server:metro:router Using app as the root directory for Expo Router.
2025-10-18T15:33:07.629Z expo:start:server:middleware:manifest Resolved entry point: index.ts (project root: /expo-project)
2025-10-18T15:33:07.629Z expo:start:server:metro:router Using app as the root directory for Expo Router.
2025-10-18T15:33:09.747Z expo:start:server:middleware:manifest Resolved entry point: index.ts (project root: /expo-project)
2025-10-18T15:33:09.747Z expo:start:server:metro:router Using app as the root directory for Expo Router.
2025-10-18T15:33:11.836Z expo:start:server:middleware:manifest Resolved entry point: index.ts (project root: /expo-project)
2025-10-18T15:33:11.836Z expo:start:server:metro:router Using app as the root directory for Expo Router.
2025-10-18T15:33:13.937Z expo:start:server:middleware:manifest Resolved entry point: index.ts (project root: /expo-project)
2025-10-18T15:33:13.937Z expo:start:server:metro:router Using app as the root directory for Expo Router.
2025-10-18T15:33:16.035Z expo:start:server:middleware:manifest Resolved entry point: index.ts (project root: /expo-project)
2025-10-18T15:33:16.035Z expo:start:server:metro:router Using app as the root directory for Expo Router.
2025-10-18T15:33:18.138Z expo:start:server:middleware:manifest Resolved entry point: index.ts (project root: /expo-project)
2025-10-18T15:33:18.138Z expo:start:server:metro:router Using app as the root directory for Expo Router.
2025-10-18T15:33:20.238Z expo:start:server:middleware:manifest Resolved entry point: index.ts (project root: /expo-project)
2025-10-18T15:33:20.238Z expo:start:server:metro:router Using app as the root directory for Expo Router.
2025-10-18T15:33:22.351Z expo:start:server:middleware:manifest Resolved entry point: index.ts (project root: /expo-project)
2025-10-18T15:33:22.351Z expo:start:server:metro:router Using app as the root directory for Expo Router.
2025-10-18T15:33:24.459Z expo:start:server:middleware:manifest Resolved entry point: index.ts (project root: /expo-project)
2025-10-18T15:33:24.459Z expo:start:server:metro:router Using app as the root directory for Expo Router.
2025-10-18T15:33:26.553Z expo:start:server:middleware:manifest Resolved entry point: index.ts (project root: /expo-project)
2025-10-18T15:33:26.553Z expo:start:server:metro:router Using app as the root directory for Expo Router.
2025-10-18T15:33:28.654Z expo:start:server:middleware:manifest Resolved entry point: index.ts (project root: /expo-project)
2025-10-18T15:33:28.654Z expo:start:server:metro:router Using app as the root directory for Expo Router.
2025-10-18T15:33:30.792Z expo:start:server:middleware:manifest Resolved entry point: index.ts (project root: /expo-project)
2025-10-18T15:33:30.792Z expo:start:server:metro:router Using app as the root directory for Expo Router.
2025-10-18T15:33:32.890Z expo:start:server:middleware:manifest Resolved entry point: index.ts (project root: /expo-project)
2025-10-18T15:33:32.890Z expo:start:server:metro:router Using app as the root directory for Expo Router.
2025-10-18T15:33:34.989Z expo:start:server:middleware:manifest Resolved entry point: index.ts (project root: /expo-project)
2025-10-18T15:33:34.989Z expo:start:server:metro:router Using app as the root directory for Expo Router.
2025-10-18T15:33:37.080Z expo:start:server:middleware:manifest Resolved entry point: index.ts (project root: /expo-project)
2025-10-18T15:33:37.080Z expo:start:server:metro:router Using app as the root directory for Expo Router.
2025-10-18T15:33:39.184Z expo:start:server:middleware:manifest Resolved entry point: index.ts (project root: /expo-project)
2025-10-18T15:33:39.184Z expo:start:server:metro:router Using app as the root directory for Expo Router.
2025-10-18T15:33:41.283Z expo:start:server:middleware:manifest Resolved entry point: index.ts (project root: /expo-project)
2025-10-18T15:33:41.283Z expo:start:server:metro:router Using app as the root directory for Expo Router.
2025-10-18T15:33:43.391Z expo:start:server:middleware:manifest Resolved entry point: index.ts (project root: /expo-project)
2025-10-18T15:33:43.392Z expo:start:server:metro:router Using app as the root directory for Expo Router.
2025-10-18T15:33:45.507Z expo:start:server:middleware:manifest Resolved entry point: index.ts (project root: /expo-project)
2025-10-18T15:33:45.507Z expo:start:server:metro:router Using app as the root directory for Expo Router.
2025-10-18T15:33:47.593Z expo:start:server:middleware:manifest Resolved entry point: index.ts (project root: /expo-project)
2025-10-18T15:33:47.593Z expo:start:server:metro:router Using app as the root directory for Expo Router.
2025-10-18T15:33:49.702Z expo:start:server:middleware:manifest Resolved entry point: index.ts (project root: /expo-project)
2025-10-18T15:33:49.702Z expo:start:server:metro:router Using app as the root directory for Expo Router.
2025-10-18T15:33:51.785Z expo:start:server:middleware:manifest Resolved entry point: index.ts (project root: /expo-project)
2025-10-18T15:33:51.785Z expo:start:server:metro:router Using app as the root directory for Expo Router.
2025-10-18T15:33:53.907Z expo:start:server:middleware:manifest Resolved entry point: index.ts (project root: /expo-project)
2025-10-18T15:33:53.907Z expo:start:server:metro:router Using app as the root directory for Expo Router.
2025-10-18T15:33:56.008Z expo:start:server:middleware:manifest Resolved entry point: index.ts (project root: /expo-project)
2025-10-18T15:33:56.008Z expo:start:server:metro:router Using app as the root directory for Expo Router.
2025-10-18T15:33:58.103Z expo:start:server:middleware:manifest Resolved entry point: index.ts (project root: /expo-project)
2025-10-18T15:33:58.103Z expo:start:server:metro:router Using app as the root directory for Expo Router.
2025-10-18T15:34:00.205Z expo:start:server:middleware:manifest Resolved entry point: index.ts (project root: /expo-project)
2025-10-18T15:34:00.205Z expo:start:server:metro:router Using app as the root directory for Expo Router.
2025-10-18T15:34:02.304Z expo:start:server:middleware:manifest Resolved entry point: index.ts (project root: /expo-project)
2025-10-18T15:34:02.304Z expo:start:server:metro:router Using app as the root directory for Expo Router.
2025-10-18T15:34:04.393Z expo:start:server:middleware:manifest Resolved entry point: index.ts (project root: /expo-project)
2025-10-18T15:34:04.393Z expo:start:server:metro:router Using app as the root directory for Expo Router.
2025-10-18T15:34:06.480Z expo:start:server:middleware:manifest Resolved entry point: index.ts (project root: /expo-project)
2025-10-18T15:34:06.480Z expo:start:server:metro:router Using app as the root directory for Expo Router.
2025-10-18T15:34:08.583Z expo:start:server:middleware:manifest Resolved entry point: index.ts (project root: /expo-project)
2025-10-18T15:34:08.583Z expo:start:server:metro:router Using app as the root directory for Expo Router.
2025-10-18T15:34:10.680Z expo:start:server:middleware:manifest Resolved entry point: index.ts (project root: /expo-project)
2025-10-18T15:34:10.681Z expo:start:server:metro:router Using app as the root directory for Expo Router.
2025-10-18T15:34:12.775Z expo:start:server:middleware:manifest Resolved entry point: index.ts (project root: /expo-project)
2025-10-18T15:34:12.775Z expo:start:server:metro:router Using app as the root directory for Expo Router.
2025-10-18T15:34:14.873Z expo:start:server:middleware:manifest Resolved entry point: index.ts (project root: /expo-project)
2025-10-18T15:34:14.873Z expo:start:server:metro:router Using app as the root directory for Expo Router.
2025-10-18T15:34:16.973Z expo:start:server:middleware:manifest Resolved entry point: index.ts (project root: /expo-project)
2025-10-18T15:34:16.973Z expo:start:server:metro:router Using app as the root directory for Expo Router.
2025-10-18T15:34:19.070Z expo:start:server:middleware:manifest Resolved entry point: index.ts (project root: /expo-project)
2025-10-18T15:34:19.070Z expo:start:server:metro:router Using app as the root directory for Expo Router.
2025-10-18T15:34:21.181Z expo:start:server:middleware:manifest Resolved entry point: index.ts (project root: /expo-project)
2025-10-18T15:34:21.181Z expo:start:server:metro:router Using app as the root directory for Expo Router.
2025-10-18T15:34:23.282Z expo:start:server:middleware:manifest Resolved entry point: index.ts (project root: /expo-project)
2025-10-18T15:34:23.289Z expo:start:server:metro:router Using app as the root directory for Expo Router.
2025-10-18T15:34:25.385Z expo:start:server:middleware:manifest Resolved entry point: index.ts (project root: /expo-project)
2025-10-18T15:34:25.394Z expo:start:server:metro:router Using app as the root directory for Expo Router.
2025-10-18T15:34:27.480Z expo:start:server:middleware:manifest Resolved entry point: index.ts (project root: /expo-project)
2025-10-18T15:34:27.484Z expo:start:server:metro:router Using app as the root directory for Expo Router.
2025-10-18T15:34:29.568Z expo:start:server:middleware:manifest Resolved entry point: index.ts (project root: /expo-project)
2025-10-18T15:34:29.568Z expo:start:server:metro:router Using app as the root directory for Expo Router.
2025-10-18T15:34:31.676Z expo:start:server:middleware:manifest Resolved entry point: index.ts (project root: /expo-project)
2025-10-18T15:34:31.676Z expo:start:server:metro:router Using app as the root directory for Expo Router.
2025-10-18T15:34:33.775Z expo:start:server:middleware:manifest Resolved entry point: index.ts (project root: /expo-project)
2025-10-18T15:34:33.775Z expo:start:server:metro:router Using app as the root directory for Expo Router.
2025-10-18T15:34:35.873Z expo:start:server:middleware:manifest Resolved entry point: index.ts (project root: /expo-project)
2025-10-18T15:34:35.873Z expo:start:server:metro:router Using app as the root directory for Expo Router.
2025-10-18T15:34:37.982Z expo:start:server:middleware:manifest Resolved entry point: index.ts (project root: /expo-project)
2025-10-18T15:34:37.982Z expo:start:server:metro:router Using app as the root directory for Expo Router.
2025-10-18T15:34:40.093Z expo:start:server:middleware:manifest Resolved entry point: index.ts (project root: /expo-project)
2025-10-18T15:34:40.093Z expo:start:server:metro:router Using app as the root directory for Expo Router.
2025-10-18T15:34:42.181Z expo:start:server:middleware:manifest Resolved entry point: index.ts (project root: /expo-project)
2025-10-18T15:34:42.181Z expo:start:server:metro:router Using app as the root directory for Expo Router.
2025-10-18T15:34:44.288Z expo:start:server:middleware:manifest Resolved entry point: index.ts (project root: /expo-project)
2025-10-18T15:34:44.289Z expo:start:server:metro:router Using app as the root directory for Expo Router.
2025-10-18T15:34:46.392Z expo:start:server:middleware:manifest Resolved entry point: index.ts (project root: /expo-project)
2025-10-18T15:34:46.392Z expo:start:server:metro:router Using app as the root directory for Expo Router.
2025-10-18T15:34:48.493Z expo:start:server:middleware:manifest Resolved entry point: index.ts (project root: /expo-project)
2025-10-18T15:34:48.493Z expo:start:server:metro:router Using app as the root directory for Expo Router.
2025-10-18T15:34:50.595Z expo:start:server:middleware:manifest Resolved entry point: index.ts (project root: /expo-project)
2025-10-18T15:34:50.595Z expo:start:server:metro:router Using app as the root directory for Expo Router.
2025-10-18T15:34:52.699Z expo:start:server:middleware:manifest Resolved entry point: index.ts (project root: /expo-project)
2025-10-18T15:34:52.699Z expo:start:server:metro:router Using app as the root directory for Expo Router.
2025-10-18T15:34:54.809Z expo:start:server:middleware:manifest Resolved entry point: index.ts (project root: /expo-project)
2025-10-18T15:34:54.809Z expo:start:server:metro:router Using app as the root directory for Expo Router.
2025-10-18T15:34:56.911Z expo:start:server:middleware:manifest Resolved entry point: index.ts (project root: /expo-project)
2025-10-18T15:34:56.911Z expo:start:server:metro:router Using app as the root directory for Expo Router.
2025-10-18T15:34:58.998Z expo:start:server:middleware:manifest Resolved entry point: index.ts (project root: /expo-project)
2025-10-18T15:34:58.998Z expo:start:server:metro:router Using app as the root directory for Expo Router.
2025-10-18T15:35:01.100Z expo:start:server:middleware:manifest Resolved entry point: index.ts (project root: /expo-project)
2025-10-18T15:35:01.100Z expo:start:server:metro:router Using app as the root directory for Expo Router.
2025-10-18T15:35:03.196Z expo:start:server:middleware:manifest Resolved entry point: index.ts (project root: /expo-project)
2025-10-18T15:35:03.196Z expo:start:server:metro:router Using app as the root directory for Expo Router.
2025-10-18T15:35:05.292Z expo:start:server:middleware:manifest Resolved entry point: index.ts (project root: /expo-project)
2025-10-18T15:35:05.292Z expo:start:server:metro:router Using app as the root directory for Expo Router.
2025-10-18T15:35:07.388Z expo:start:server:middleware:manifest Resolved entry point: index.ts (project root: /expo-project)
2025-10-18T15:35:07.388Z expo:start:server:metro:router Using app as the root directory for Expo Router.
2025-10-18T15:35:09.486Z expo:start:server:middleware:manifest Resolved entry point: index.ts (project root: /expo-project)
2025-10-18T15:35:09.486Z expo:start:server:metro:router Using app as the root directory for Expo Router.
2025-10-18T15:35:11.570Z expo:start:server:middleware:manifest Resolved entry point: index.ts (project root: /expo-project)
2025-10-18T15:35:11.570Z expo:start:server:metro:router Using app as the root directory for Expo Router.
2025-10-18T15:35:13.665Z expo:start:server:middleware:manifest Resolved entry point: index.ts (project root: /expo-project)
2025-10-18T15:35:13.665Z expo:start:server:metro:router Using app as the root directory for Expo Router.
2025-10-18T15:35:15.760Z expo:start:server:middleware:manifest Resolved entry point: index.ts (project root: /expo-project)
2025-10-18T15:35:15.760Z expo:start:server:metro:router Using app as the root directory for Expo Router.
2025-10-18T15:35:17.864Z expo:start:server:middleware:manifest Resolved entry point: index.ts (project root: /expo-project)
2025-10-18T15:35:17.864Z expo:start:server:metro:router Using app as the root directory for Expo Router.
2025-10-18T15:35:19.964Z expo:start:server:middleware:manifest Resolved entry point: index.ts (project root: /expo-project)
2025-10-18T15:35:19.964Z expo:start:server:metro:router Using app as the root directory for Expo Router.
2025-10-18T15:35:22.066Z expo:start:server:middleware:manifest Resolved entry point: index.ts (project root: /expo-project)
2025-10-18T15:35:22.066Z expo:start:server:metro:router Using app as the root directory for Expo Router.
2025-10-18T15:35:24.151Z expo:start:server:middleware:manifest Resolved entry point: index.ts (project root: /expo-project)
2025-10-18T15:35:24.151Z expo:start:server:metro:router Using app as the root directory for Expo Router.
2025-10-18T15:35:26.242Z expo:start:server:middleware:manifest Resolved entry point: index.ts (project root: /expo-project)
2025-10-18T15:35:26.242Z expo:start:server:metro:router Using app as the root directory for Expo Router.
2025-10-18T15:35:28.338Z expo:start:server:middleware:manifest Resolved entry point: index.ts (project root: /expo-project)
2025-10-18T15:35:28.341Z expo:start:server:metro:router Using app as the root directory for Expo Router.
2025-10-18T15:35:30.455Z expo:start:server:middleware:manifest Resolved entry point: index.ts (project root: /expo-project)
2025-10-18T15:35:30.455Z expo:start:server:metro:router Using app as the root directory for Expo Router.
2025-10-18T15:35:32.561Z expo:start:server:middleware:manifest Resolved entry point: index.ts (project root: /expo-project)
2025-10-18T15:35:32.561Z expo:start:server:metro:router Using app as the root directory for Expo Router.
2025-10-18T15:35:34.655Z expo:start:server:middleware:manifest Resolved entry point: index.ts (project root: /expo-project)
2025-10-18T15:35:34.655Z expo:start:server:metro:router Using app as the root directory for Expo Router.
2025-10-18T15:35:36.757Z expo:start:server:middleware:manifest Resolved entry point: index.ts (project root: /expo-project)
2025-10-18T15:35:36.757Z expo:start:server:metro:router Using app as the root directory for Expo Router.
2025-10-18T15:35:38.861Z expo:start:server:middleware:manifest Resolved entry point: index.ts (project root: /expo-project)
2025-10-18T15:35:38.861Z expo:start:server:metro:router Using app as the root directory for Expo Router.
2025-10-18T15:35:40.960Z expo:start:server:middleware:manifest Resolved entry point: index.ts (project root: /expo-project)
2025-10-18T15:35:40.960Z expo:start:server:metro:router Using app as the root directory for Expo Router.
2025-10-18T15:35:43.056Z expo:start:server:middleware:manifest Resolved entry point: index.ts (project root: /expo-project)
2025-10-18T15:35:43.057Z expo:start:server:metro:router Using app as the root directory for Expo Router.
2025-10-18T15:35:45.157Z expo:start:server:middleware:manifest Resolved entry point: index.ts (project root: /expo-project)
2025-10-18T15:35:45.163Z expo:start:server:metro:router Using app as the root directory for Expo Router.
2025-10-18T15:35:47.263Z expo:start:server:middleware:manifest Resolved entry point: index.ts (project root: /expo-project)
2025-10-18T15:35:47.263Z expo:start:server:metro:router Using app as the root directory for Expo Router.
2025-10-18T15:35:49.358Z expo:start:server:middleware:manifest Resolved entry point: index.ts (project root: /expo-project)
2025-10-18T15:35:49.358Z expo:start:server:metro:router Using app as the root directory for Expo Router.
2025-10-18T15:35:51.461Z expo:start:server:middleware:manifest Resolved entry point: index.ts (project root: /expo-project)
2025-10-18T15:35:51.461Z expo:start:server:metro:router Using app as the root directory for Expo Router.
2025-10-18T15:35:53.565Z expo:start:server:middleware:manifest Resolved entry point: index.ts (project root: /expo-project)
2025-10-18T15:35:53.566Z expo:start:server:metro:router Using app as the root directory for Expo Router.
2025-10-18T15:35:55.679Z expo:start:server:middleware:manifest Resolved entry point: index.ts (project root: /expo-project)
2025-10-18T15:35:55.679Z expo:start:server:metro:router Using app as the root directory for Expo Router.
2025-10-18T15:35:57.798Z expo:start:server:middleware:manifest Resolved entry point: index.ts (project root: /expo-project)
2025-10-18T15:35:57.798Z expo:start:server:metro:router Using app as the root directory for Expo Router.
2025-10-18T15:35:59.921Z expo:start:server:middleware:manifest Resolved entry point: index.ts (project root: /expo-project)
2025-10-18T15:35:59.922Z expo:start:server:metro:router Using app as the root directory for Expo Router.
2025-10-18T15:36:02.022Z expo:start:server:middleware:manifest Resolved entry point: index.ts (project root: /expo-project)
2025-10-18T15:36:02.023Z expo:start:server:metro:router Using app as the root directory for Expo Router.
2025-10-18T15:36:04.115Z expo:start:server:middleware:manifest Resolved entry point: index.ts (project root: /expo-project)
2025-10-18T15:36:04.115Z expo:start:server:metro:router Using app as the root directory for Expo Router.
2025-10-18T15:36:06.224Z expo:start:server:middleware:manifest Resolved entry point: index.ts (project root: /expo-project)
2025-10-18T15:36:06.224Z expo:start:server:metro:router Using app as the root directory for Expo Router.
2025-10-18T15:36:08.328Z expo:start:server:middleware:manifest Resolved entry point: index.ts (project root: /expo-project)
2025-10-18T15:36:08.328Z expo:start:server:metro:router Using app as the root directory for Expo Router.
2025-10-18T15:36:10.413Z expo:start:server:middleware:manifest Resolved entry point: index.ts (project root: /expo-project)
2025-10-18T15:36:10.413Z expo:start:server:metro:router Using app as the root directory for Expo Router.
2025-10-18T15:36:12.517Z expo:start:server:middleware:manifest Resolved entry point: index.ts (project root: /expo-project)
2025-10-18T15:36:12.517Z expo:start:server:metro:router Using app as the root directory for Expo Router.
2025-10-18T15:36:14.615Z expo:start:server:middleware:manifest Resolved entry point: index.ts (project root: /expo-project)
2025-10-18T15:36:14.615Z expo:start:server:metro:router Using app as the root directory for Expo Router.
2025-10-18T15:36:16.699Z expo:start:server:middleware:manifest Resolved entry point: index.ts (project root: /expo-project)
2025-10-18T15:36:16.699Z expo:start:server:metro:router Using app as the root directory for Expo Router.
2025-10-18T15:36:18.797Z expo:start:server:middleware:manifest Resolved entry point: index.ts (project root: /expo-project)
2025-10-18T15:36:18.797Z expo:start:server:metro:router Using app as the root directory for Expo Router.
2025-10-18T15:36:20.896Z expo:start:server:middleware:manifest Resolved entry point: index.ts (project root: /expo-project)
2025-10-18T15:36:20.896Z expo:start:server:metro:router Using app as the root directory for Expo Router.
2025-10-18T15:36:23.001Z expo:start:server:middleware:manifest Resolved entry point: index.ts (project root: /expo-project)
2025-10-18T15:36:23.001Z expo:start:server:metro:router Using app as the root directory for Expo Router.
2025-10-18T15:36:25.105Z expo:start:server:middleware:manifest Resolved entry point: index.ts (project root: /expo-project)
2025-10-18T15:36:25.105Z expo:start:server:metro:router Using app as the root directory for Expo Router.
2025-10-18T15:36:27.198Z expo:start:server:middleware:manifest Resolved entry point: index.ts (project root: /expo-project)
2025-10-18T15:36:27.198Z expo:start:server:metro:router Using app as the root directory for Expo Router.
2025-10-18T15:36:29.301Z expo:start:server:middleware:manifest Resolved entry point: index.ts (project root: /expo-project)
2025-10-18T15:36:29.302Z expo:start:server:metro:router Using app as the root directory for Expo Router.
2025-10-18T15:36:31.405Z expo:start:server:middleware:manifest Resolved entry point: index.ts (project root: /expo-project)
2025-10-18T15:36:31.408Z expo:start:server:metro:router Using app as the root directory for Expo Router.
2025-10-18T15:36:33.517Z expo:start:server:middleware:manifest Resolved entry point: index.ts (project root: /expo-project)
2025-10-18T15:36:33.518Z expo:start:server:metro:router Using app as the root directory for Expo Router.
2025-10-18T15:36:35.612Z expo:start:server:middleware:manifest Resolved entry point: index.ts (project root: /expo-project)
2025-10-18T15:36:35.612Z expo:start:server:metro:router Using app as the root directory for Expo Router.
2025-10-18T15:36:37.708Z expo:start:server:middleware:manifest Resolved entry point: index.ts (project root: /expo-project)
2025-10-18T15:36:37.708Z expo:start:server:metro:router Using app as the root directory for Expo Router.
2025-10-18T15:36:39.804Z expo:start:server:middleware:manifest Resolved entry point: index.ts (project root: /expo-project)
2025-10-18T15:36:39.804Z expo:start:server:metro:router Using app as the root directory for Expo Router.
2025-10-18T15:36:41.905Z expo:start:server:middleware:manifest Resolved entry point: index.ts (project root: /expo-project)
2025-10-18T15:36:41.905Z expo:start:server:metro:router Using app as the root directory for Expo Router.
2025-10-18T15:36:44.008Z expo:start:server:middleware:manifest Resolved entry point: index.ts (project root: /expo-project)
2025-10-18T15:36:44.009Z expo:start:server:metro:router Using app as the root directory for Expo Router.
2025-10-18T15:36:46.111Z expo:start:server:middleware:manifest Resolved entry point: index.ts (project root: /expo-project)
2025-10-18T15:36:46.112Z expo:start:server:metro:router Using app as the root directory for Expo Router.
2025-10-18T15:36:48.222Z expo:start:server:middleware:manifest Resolved entry point: index.ts (project root: /expo-project)
2025-10-18T15:36:48.222Z expo:start:server:metro:router Using app as the root directory for Expo Router.
2025-10-18T15:36:50.325Z expo:start:server:middleware:manifest Resolved entry point: index.ts (project root: /expo-project)
2025-10-18T15:36:50.325Z expo:start:server:metro:router Using app as the root directory for Expo Router.
2025-10-18T15:36:52.424Z expo:start:server:middleware:manifest Resolved entry point: index.ts (project root: /expo-project)
2025-10-18T15:36:52.424Z expo:start:server:metro:router Using app as the root directory for Expo Router.
2025-10-18T15:36:54.526Z expo:start:server:middleware:manifest Resolved entry point: index.ts (project root: /expo-project)
2025-10-18T15:36:54.526Z expo:start:server:metro:router Using app as the root directory for Expo Router.
2025-10-18T15:36:56.642Z expo:start:server:middleware:manifest Resolved entry point: index.ts (project root: /expo-project)
2025-10-18T15:36:56.642Z expo:start:server:metro:router Using app as the root directory for Expo Router.
2025-10-18T15:36:58.739Z expo:start:server:middleware:manifest Resolved entry point: index.ts (project root: /expo-project)
2025-10-18T15:36:58.740Z expo:start:server:metro:router Using app as the root directory for Expo Router.
2025-10-18T15:37:00.842Z expo:start:server:middleware:manifest Resolved entry point: index.ts (project root: /expo-project)
2025-10-18T15:37:00.842Z expo:start:server:metro:router Using app as the root directory for Expo Router.
2025-10-18T15:37:02.927Z expo:start:server:middleware:manifest Resolved entry point: index.ts (project root: /expo-project)
2025-10-18T15:37:02.927Z expo:start:server:metro:router Using app as the root directory for Expo Router.
2025-10-18T15:37:05.031Z expo:start:server:middleware:manifest Resolved entry point: index.ts (project root: /expo-project)
2025-10-18T15:37:05.031Z expo:start:server:metro:router Using app as the root directory for Expo Router.
2025-10-18T15:37:07.139Z expo:start:server:middleware:manifest Resolved entry point: index.ts (project root: /expo-project)
2025-10-18T15:37:07.139Z expo:start:server:metro:router Using app as the root directory for Expo Router.
2025-10-18T15:37:09.251Z expo:start:server:middleware:manifest Resolved entry point: index.ts (project root: /expo-project)
2025-10-18T15:37:09.251Z expo:start:server:metro:router Using app as the root directory for Expo Router.
2025-10-18T15:37:11.351Z expo:start:server:middleware:manifest Resolved entry point: index.ts (project root: /expo-project)
2025-10-18T15:37:11.351Z expo:start:server:metro:router Using app as the root directory for Expo Router.
2025-10-18T15:37:13.455Z expo:start:server:middleware:manifest Resolved entry point: index.ts (project root: /expo-project)
2025-10-18T15:37:13.455Z expo:start:server:metro:router Using app as the root directory for Expo Router.
2025-10-18T15:37:15.560Z expo:start:server:middleware:manifest Resolved entry point: index.ts (project root: /expo-project)
2025-10-18T15:37:15.560Z expo:start:server:metro:router Using app as the root directory for Expo Router.
2025-10-18T15:37:17.658Z expo:start:server:middleware:manifest Resolved entry point: index.ts (project root: /expo-project)
2025-10-18T15:37:17.658Z expo:start:server:metro:router Using app as the root directory for Expo Router.
2025-10-18T15:37:18.092Z expo:start:server:metro:metroWatchTypeScriptFiles Detected TypeScript file changed in the project:  /expo-project/app/integrations/supabase/client.ts
| 2025-10-18T15:37:18.155Z expo:babel:env-vars Referencing environment variable in /expo-project/app/integrations/supabase/client.ts: EXPO_PUBLIC_SUPABASE_URL
| 2025-10-18T15:37:18.156Z expo:babel:env-vars Referencing environment variable in /expo-project/app/integrations/supabase/client.ts: EXPO_PUBLIC_SUPABASE_ANON_KEY
| 2025-10-18T15:37:18.181Z expo:babel:exports Found assignment to module.exports or exports at 16
2025-10-18T15:37:19.757Z expo:start:server:middleware:manifest Resolved entry point: index.ts (project root: /expo-project)
2025-10-18T15:37:19.757Z expo:start:server:metro:router Using app as the root directory for Expo Router.
2025-10-18T15:37:21.841Z expo:start:server:middleware:manifest Resolved entry point: index.ts (project root: /expo-project)
2025-10-18T15:37:21.841Z expo:start:server:metro:router Using app as the root directory for Expo Router.
2025-10-18T15:37:23.943Z expo:start:server:middleware:manifest Resolved entry point: index.ts (project root: /expo-project)
2025-10-18T15:37:23.943Z expo:start:server:metro:router Using app as the root directory for Expo Router.
2025-10-18T15:37:26.049Z expo:start:server:middleware:manifest Resolved entry point: index.ts (project root: /expo-project)
2025-10-18T15:37:26.050Z expo:start:server:metro:router Using app as the root directory for Expo Router.
2025-10-18T15:37:28.146Z expo:start:server:middleware:manifest Resolved entry point: index.ts (project root: /expo-project)
2025-10-18T15:37:28.147Z expo:start:server:metro:router Using app as the root directory for Expo Router.
2025-10-18T15:37:30.250Z expo:start:server:middleware:manifest Resolved entry point: index.ts (project root: /expo-project)
2025-10-18T15:37:30.251Z expo:start:server:metro:router Using app as the root directory for Expo Router.
2025-10-18T15:37:32.356Z expo:start:server:middleware:manifest Resolved entry point: index.ts (project root: /expo-project)
2025-10-18T15:37:32.356Z expo:start:server:metro:router Using app as the root directory for Expo Router.
2025-10-18T15:37:34.441Z expo:start:server:middleware:manifest Resolved entry point: index.ts (project root: /expo-project)
2025-10-18T15:37:34.441Z expo:start:server:metro:router Using app as the root directory for Expo Router.
2025-10-18T15:37:36.533Z expo:start:server:middleware:manifest Resolved entry point: index.ts (project root: /expo-project)
2025-10-18T15:37:36.533Z expo:start:server:metro:router Using app as the root directory for Expo Router.
2025-10-18T15:37:36.789Z expo:start:server:metro:metroWatchTypeScriptFiles Detected TypeScript file changed in the project:  /expo-project/app/integrations/supabase/types.ts
2025-10-18T15:37:38.632Z expo:start:server:middleware:manifest Resolved entry point: index.ts (project root: /expo-project)
2025-10-18T15:37:38.632Z expo:start:server:metro:router Using app as the root directory for Expo Router.
2025-10-18T15:37:40.717Z expo:start:server:middleware:manifest Resolved entry point: index.ts (project root: /expo-project)
2025-10-18T15:37:40.717Z expo:start:server:metro:router Using app as the root directory for Expo Router.
2025-10-18T15:37:42.821Z expo:start:server:middleware:manifest Resolved entry point: index.ts (project root: /expo-project)
2025-10-18T15:37:42.822Z expo:start:server:metro:router Using app as the root directory for Expo Router.
2025-10-18T15:37:44.909Z expo:start:server:middleware:manifest Resolved entry point: index.ts (project root: /expo-project)
2025-10-18T15:37:44.909Z expo:start:server:metro:router Using app as the root directory for Expo Router.
2025-10-18T15:37:46.011Z expo:start:server:metro:metroWatchTypeScriptFiles Detected TypeScript file changed in the project:  /expo-project/types/dictionary.ts
2025-10-18T15:37:47.019Z expo:start:server:middleware:manifest Resolved entry point: index.ts (project root: /expo-project)
2025-10-18T15:37:47.019Z expo:start:server:metro:router Using app as the root directory for Expo Router.
2025-10-18T15:37:49.129Z expo:start:server:middleware:manifest Resolved entry point: index.ts (project root: /expo-project)
2025-10-18T15:37:49.129Z expo:start:server:metro:router Using app as the root directory for Expo Router.
2025-10-18T15:37:51.223Z expo:start:server:middleware:manifest Resolved entry point: index.ts (project root: /expo-project)
2025-10-18T15:37:51.223Z expo:start:server:metro:router Using app as the root directory for Expo Router.
2025-10-18T15:37:53.331Z expo:start:server:middleware:manifest Resolved entry point: index.ts (project root: /expo-project)
2025-10-18T15:37:53.332Z expo:start:server:metro:router Using app as the root directory for Expo Router.
2025-10-18T15:37:55.442Z expo:start:server:middleware:manifest Resolved entry point: index.ts (project root: /expo-project)
2025-10-18T15:37:55.442Z expo:start:server:metro:router Using app as the root directory for Expo Router.
2025-10-18T15:37:57.556Z expo:start:server:middleware:manifest Resolved entry point: index.ts (project root: /expo-project)
2025-10-18T15:37:57.556Z expo:start:server:metro:router Using app as the root directory for Expo Router.
2025-10-18T15:37:59.651Z expo:start:server:middleware:manifest Resolved entry point: index.ts (project root: /expo-project)
2025-10-18T15:37:59.652Z expo:start:server:metro:router Using app as the root directory for Expo Router.
2025-10-18T15:38:01.755Z expo:start:server:middleware:manifest Resolved entry point: index.ts (project root: /expo-project)
2025-10-18T15:38:01.755Z expo:start:server:metro:router Using app as the root directory for Expo Router.
2025-10-18T15:38:03.861Z expo:start:server:middleware:manifest Resolved entry point: index.ts (project root: /expo-project)
2025-10-18T15:38:03.861Z expo:start:server:metro:router Using app as the root directory for Expo Router.
2025-10-18T15:38:05.963Z expo:start:server:middleware:manifest Resolved entry point: index.ts (project root: /expo-project)
2025-10-18T15:38:05.963Z expo:start:server:metro:router Using app as the root directory for Expo Router.
2025-10-18T15:38:08.051Z expo:start:server:middleware:manifest Resolved entry point: index.ts (project root: /expo-project)
2025-10-18T15:38:08.051Z expo:start:server:metro:router Using app as the root directory for Expo Router.
2025-10-18T15:38:10.156Z expo:start:server:middleware:manifest Resolved entry point: index.ts (project root: /expo-project)
2025-10-18T15:38:10.156Z expo:start:server:metro:router Using app as the root directory for Expo Router.
2025-10-18T15:38:12.257Z expo:start:server:middleware:manifest Resolved entry point: index.ts (project root: /expo-project)
2025-10-18T15:38:12.257Z expo:start:server:metro:router Using app as the root directory for Expo Router.
2025-10-18T15:38:14.354Z expo:start:server:middleware:manifest Resolved entry point: index.ts (project root: /expo-project)
2025-10-18T15:38:14.354Z expo:start:server:metro:router Using app as the root directory for Expo Router.
2025-10-18T15:38:16.448Z expo:start:server:middleware:manifest Resolved entry point: index.ts (project root: /expo-project)
2025-10-18T15:38:16.448Z expo:start:server:metro:router Using app as the root directory for Expo Router.
2025-10-18T15:38:18.566Z expo:start:server:middleware:manifest Resolved entry point: index.ts (project root: /expo-project)
2025-10-18T15:38:18.566Z expo:start:server:metro:router Using app as the root directory for Expo Router.
2025-10-18T15:38:20.671Z expo:start:server:middleware:manifest Resolved entry point: index.ts (project root: /expo-project)
2025-10-18T15:38:20.671Z expo:start:server:metro:router Using app as the root directory for Expo Router.
2025-10-18T15:38:22.774Z expo:start:server:middleware:manifest Resolved entry point: index.ts (project root: /expo-project)
2025-10-18T15:38:22.774Z expo:start:server:metro:router Using app as the root directory for Expo Router.
2025-10-18T15:38:24.882Z expo:start:server:middleware:manifest Resolved entry point: index.ts (project root: /expo-project)
2025-10-18T15:38:24.882Z expo:start:server:metro:router Using app as the root directory for Expo Router.
2025-10-18T15:38:26.962Z expo:start:server:middleware:manifest Resolved entry point: index.ts (project root: /expo-project)
2025-10-18T15:38:26.962Z expo:start:server:metro:router Using app as the root directory for Expo Router.
2025-10-18T15:38:29.047Z expo:start:server:middleware:manifest Resolved entry point: index.ts (project root: /expo-project)
2025-10-18T15:38:29.047Z expo:start:server:metro:router Using app as the root directory for Expo Router.
2025-10-18T15:38:31.162Z expo:start:server:middleware:manifest Resolved entry point: index.ts (project root: /expo-project)
2025-10-18T15:38:31.163Z expo:start:server:metro:router Using app as the root directory for Expo Router.
2025-10-18T15:38:33.245Z expo:start:server:middleware:manifest Resolved entry point: index.ts (project root: /expo-project)
2025-10-18T15:38:33.246Z expo:start:server:metro:router Using app as the root directory for Expo Router.
2025-10-18T15:38:35.346Z expo:start:server:middleware:manifest Resolved entry point: index.ts (project root: /expo-project)
2025-10-18T15:38:35.347Z expo:start:server:metro:router Using app as the root directory for Expo Router.
2025-10-18T15:38:37.448Z expo:start:server:middleware:manifest Resolved entry point: index.ts (project root: /expo-project)
2025-10-18T15:38:37.449Z expo:start:server:metro:router Using app as the root directory for Expo Router.
2025-10-18T15:38:39.547Z expo:start:server:middleware:manifest Resolved entry point: index.ts (project root: /expo-project)
2025-10-18T15:38:39.547Z expo:start:server:metro:router Using app as the root directory for Expo Router.
2025-10-18T15:38:41.648Z expo:start:server:middleware:manifest Resolved entry point: index.ts (project root: /expo-project)
2025-10-18T15:38:41.648Z expo:start:server:metro:router Using app as the root directory for Expo Router.
2025-10-18T15:38:43.760Z expo:start:server:middleware:manifest Resolved entry point: index.ts (project root: /expo-project)
2025-10-18T15:38:43.760Z expo:start:server:metro:router Using app as the root directory for Expo Router.
2025-10-18T15:38:45.858Z expo:start:server:middleware:manifest Resolved entry point: index.ts (project root: /expo-project)
2025-10-18T15:38:45.859Z expo:start:server:metro:router Using app as the root directory for Expo Router.
2025-10-18T15:38:47.950Z expo:start:server:middleware:manifest Resolved entry point: index.ts (project root: /expo-project)
2025-10-18T15:38:47.950Z expo:start:server:metro:router Using app as the root directory for Expo Router.
2025-10-18T15:38:50.040Z expo:start:server:middleware:manifest Resolved entry point: index.ts (project root: /expo-project)
2025-10-18T15:38:50.040Z expo:start:server:metro:router Using app as the root directory for Expo Router.
2025-10-18T15:38:51.237Z expo:start:server:metro:metroWatchTypeScriptFiles Detected TypeScript file changed in the project:  /expo-project/utils/database.ts
2025-10-18T15:38:52.140Z expo:start:server:middleware:manifest Resolved entry point: index.ts (project root: /expo-project)
2025-10-18T15:38:52.140Z expo:start:server:metro:router Using app as the root directory for Expo Router.
2025-10-18T15:38:54.240Z expo:start:server:middleware:manifest Resolved entry point: index.ts (project root: /expo-project)
2025-10-18T15:38:54.240Z expo:start:server:metro:router Using app as the root directory for Expo Router.
2025-10-18T15:38:56.338Z expo:start:server:middleware:manifest Resolved entry point: index.ts (project root: /expo-project)
2025-10-18T15:38:56.338Z expo:start:server:metro:router Using app as the root directory for Expo Router.
2025-10-18T15:38:58.438Z expo:start:server:middleware:manifest Resolved entry point: index.ts (project root: /expo-project)
2025-10-18T15:38:58.439Z expo:start:server:metro:router Using app as the root directory for Expo Router.
2025-10-18T15:39:00.524Z expo:start:server:middleware:manifest Resolved entry point: index.ts (project root: /expo-project)
2025-10-18T15:39:00.524Z expo:start:server:metro:router Using app as the root directory for Expo Router.
2025-10-18T15:39:02.611Z expo:start:server:middleware:manifest Resolved entry point: index.ts (project root: /expo-project)
2025-10-18T15:39:02.611Z expo:start:server:metro:router Using app as the root directory for Expo Router.
2025-10-18T15:39:04.707Z expo:start:server:middleware:manifest Resolved entry point: index.ts (project root: /expo-project)
2025-10-18T15:39:04.708Z expo:start:server:metro:router Using app as the root directory for Expo Router.
2025-10-18T15:39:06.826Z expo:start:server:middleware:manifest Resolved entry point: index.ts (project root: /expo-project)
2025-10-18T15:39:06.826Z expo:start:server:metro:router Using app as the root directory for Expo Router.
2025-10-18T15:39:08.925Z expo:start:server:middleware:manifest Resolved entry point: index.ts (project root: /expo-project)
2025-10-18T15:39:08.925Z expo:start:server:metro:router Using app as the root directory for Expo Router.
2025-10-18T15:39:11.030Z expo:start:server:middleware:manifest Resolved entry point: index.ts (project root: /expo-project)
2025-10-18T15:39:11.030Z expo:start:server:metro:router Using app as the root directory for Expo Router.
2025-10-18T15:39:13.133Z expo:start:server:middleware:manifest Resolved entry point: index.ts (project root: /expo-project)
2025-10-18T15:39:13.133Z expo:start:server:metro:router Using app as the root directory for Expo Router.
2025-10-18T15:39:15.225Z expo:start:server:middleware:manifest Resolved entry point: index.ts (project root: /expo-project)
2025-10-18T15:39:15.225Z expo:start:server:metro:router Using app as the root directory for Expo Router.
2025-10-18T15:39:17.312Z expo:start:server:middleware:manifest Resolved entry point: index.ts (project root: /expo-project)
2025-10-18T15:39:17.312Z expo:start:server:metro:router Using app as the root directory for Expo Router.
2025-10-18T15:39:18.317Z expo:start:server:metro:metroWatchTypeScriptFiles Detected TypeScript file changed in the project:  /expo-project/utils/sync.ts
2025-10-18T15:39:19.409Z expo:start:server:middleware:manifest Resolved entry point: index.ts (project root: /expo-project)
2025-10-18T15:39:19.409Z expo:start:server:metro:router Using app as the root directory for Expo Router.
2025-10-18T15:39:21.517Z expo:start:server:middleware:manifest Resolved entry point: index.ts (project root: /expo-project)
2025-10-18T15:39:21.517Z expo:start:server:metro:router Using app as the root directory for Expo Router.
2025-10-18T15:39:23.621Z expo:start:server:middleware:manifest Resolved entry point: index.ts (project root: /expo-project)
2025-10-18T15:39:23.622Z expo:start:server:metro:router Using app as the root directory for Expo Router.
2025-10-18T15:39:25.725Z expo:start:server:middleware:manifest Resolved entry point: index.ts (project root: /expo-project)
2025-10-18T15:39:25.725Z expo:start:server:metro:router Using app as the root directory for Expo Router.
2025-10-18T15:39:27.817Z expo:start:server:middleware:manifest Resolved entry point: index.ts (project root: /expo-project)
2025-10-18T15:39:27.822Z expo:start:server:metro:router Using app as the root directory for Expo Router.
2025-10-18T15:39:29.927Z expo:start:server:middleware:manifest Resolved entry point: index.ts (project root: /expo-project)
2025-10-18T15:39:29.927Z expo:start:server:metro:router Using app as the root directory for Expo Router.
2025-10-18T15:39:32.038Z expo:start:server:middleware:manifest Resolved entry point: index.ts (project root: /expo-project)
2025-10-18T15:39:32.038Z expo:start:server:metro:router Using app as the root directory for Expo Router.
2025-10-18T15:39:34.133Z expo:start:server:middleware:manifest Resolved entry point: index.ts (project root: /expo-project)
2025-10-18T15:39:34.134Z expo:start:server:metro:router Using app as the root directory for Expo Router.
2025-10-18T15:39:36.232Z expo:start:server:middleware:manifest Resolved entry point: index.ts (project root: /expo-project)
2025-10-18T15:39:36.232Z expo:start:server:metro:router Using app as the root directory for Expo Router.
2025-10-18T15:39:38.317Z expo:start:server:middleware:manifest Resolved entry point: index.ts (project root: /expo-project)
2025-10-18T15:39:38.318Z expo:start:server:metro:router Using app as the root directory for Expo Router.
2025-10-18T15:39:40.404Z expo:start:server:middleware:manifest Resolved entry point: index.ts (project root: /expo-project)
2025-10-18T15:39:40.405Z expo:start:server:metro:router Using app as the root directory for Expo Router.
2025-10-18T15:39:42.508Z expo:start:server:middleware:manifest Resolved entry point: index.ts (project root: /expo-project)
2025-10-18T15:39:42.508Z expo:start:server:metro:router Using app as the root directory for Expo Router.
2025-10-18T15:39:44.594Z expo:start:server:middleware:manifest Resolved entry point: index.ts (project root: /expo-project)
2025-10-18T15:39:44.594Z expo:start:server:metro:router Using app as the root directory for Expo Router.
2025-10-18T15:39:45.538Z expo:start:server:metro:metroWatchTypeScriptFiles Detected TypeScript file changed in the project:  /expo-project/app/history.tsx
| 2025-10-18T15:39:45.611Z expo:babel:exports Found assignment to module.exports or exports at 37
2025-10-18T15:39:46.675Z expo:start:server:middleware:manifest Resolved entry point: index.ts (project root: /expo-project)
2025-10-18T15:39:46.675Z expo:start:server:metro:router Using app as the root directory for Expo Router.
2025-10-18T15:39:48.785Z expo:start:server:middleware:manifest Resolved entry point: index.ts (project root: /expo-project)
2025-10-18T15:39:48.786Z expo:start:server:metro:router Using app as the root directory for Expo Router.
2025-10-18T15:39:50.884Z expo:start:server:middleware:manifest Resolved entry point: index.ts (project root: /expo-project)
2025-10-18T15:39:50.884Z expo:start:server:metro:router Using app as the root directory for Expo Router.
2025-10-18T15:39:52.985Z expo:start:server:middleware:manifest Resolved entry point: index.ts (project root: /expo-project)
2025-10-18T15:39:52.988Z expo:start:server:metro:router Using app as the root directory for Expo Router.
2025-10-18T15:39:55.094Z expo:start:server:middleware:manifest Resolved entry point: index.ts (project root: /expo-project)
2025-10-18T15:39:55.094Z expo:start:server:metro:router Using app as the root directory for Expo Router.
2025-10-18T15:39:57.193Z expo:start:server:middleware:manifest Resolved entry point: index.ts (project root: /expo-project)
2025-10-18T15:39:57.193Z expo:start:server:metro:router Using app as the root directory for Expo Router.
2025-10-18T15:39:59.290Z expo:start:server:middleware:manifest Resolved entry point: index.ts (project root: /expo-project)
2025-10-18T15:39:59.290Z expo:start:server:metro:router Using app as the root directory for Expo Router.
2025-10-18T15:40:01.397Z expo:start:server:middleware:manifest Resolved entry point: index.ts (project root: /expo-project)
2025-10-18T15:40:01.397Z expo:start:server:metro:router Using app as the root directory for Expo Router.
2025-10-18T15:40:03.508Z expo:start:server:middleware:manifest Resolved entry point: index.ts (project root: /expo-project)
2025-10-18T15:40:03.508Z expo:start:server:metro:router Using app as the root directory for Expo Router.
2025-10-18T15:40:05.606Z expo:start:server:middleware:manifest Resolved entry point: index.ts (project root: /expo-project)
2025-10-18T15:40:05.606Z expo:start:server:metro:router Using app as the root directory for Expo Router.
2025-10-18T15:40:07.709Z expo:start:server:middleware:manifest Resolved entry point: index.ts (project root: /expo-project)
2025-10-18T15:40:07.709Z expo:start:server:metro:router Using app as the root directory for Expo Router.
2025-10-18T15:40:09.809Z expo:start:server:middleware:manifest Resolved entry point: index.ts (project root: /expo-project)
2025-10-18T15:40:09.809Z expo:start:server:metro:router Using app as the root directory for Expo Router.
2025-10-18T15:40:11.913Z expo:start:server:middleware:manifest Resolved entry point: index.ts (project root: /expo-project)
2025-10-18T15:40:11.913Z expo:start:server:metro:router Using app as the root directory for Expo Router.
2025-10-18T15:40:14.007Z expo:start:server:middleware:manifest Resolved entry point: index.ts (project root: /expo-project)
2025-10-18T15:40:14.007Z expo:start:server:metro:router Using app as the root directory for Expo Router.
2025-10-18T15:40:16.107Z expo:start:server:middleware:manifest Resolved entry point: index.ts (project root: /expo-project)
2025-10-18T15:40:16.107Z expo:start:server:metro:router Using app as the root directory for Expo Router.
2025-10-18T15:40:18.206Z expo:start:server:middleware:manifest Resolved entry point: index.ts (project root: /expo-project)
2025-10-18T15:40:18.206Z expo:start:server:metro:router Using app as the root directory for Expo Router.
2025-10-18T15:40:20.301Z expo:start:server:middleware:manifest Resolved entry point: index.ts (project root: /expo-project)
2025-10-18T15:40:20.301Z expo:start:server:metro:router Using app as the root directory for Expo Router.
2025-10-18T15:40:22.382Z expo:start:server:middleware:manifest Resolved entry point: index.ts (project root: /expo-project)
2025-10-18T15:40:22.383Z expo:start:server:metro:router Using app as the root directory for Expo Router.
2025-10-18T15:40:24.488Z expo:start:server:middleware:manifest Resolved entry point: index.ts (project root: /expo-project)
2025-10-18T15:40:24.488Z expo:start:server:metro:router Using app as the root directory for Expo Router.
2025-10-18T15:40:26.594Z expo:start:server:middleware:manifest Resolved entry point: index.ts (project root: /expo-project)
2025-10-18T15:40:26.594Z expo:start:server:metro:router Using app as the root directory for Expo Router.
2025-10-18T15:40:28.681Z expo:start:server:middleware:manifest Resolved entry point: index.ts (project root: /expo-project)
2025-10-18T15:40:28.681Z expo:start:server:metro:router Using app as the root directory for Expo Router.
2025-10-18T15:40:30.790Z expo:start:server:middleware:manifest Resolved entry point: index.ts (project root: /expo-project)
2025-10-18T15:40:30.790Z expo:start:server:metro:router Using app as the root directory for Expo Router.
2025-10-18T15:40:32.870Z expo:start:server:middleware:manifest Resolved entry point: index.ts (project root: /expo-project)
2025-10-18T15:40:32.870Z expo:start:server:metro:router Using app as the root directory for Expo Router.
2025-10-18T15:40:34.641Z expo:start:server:metro:metroWatchTypeScriptFiles Detected TypeScript file changed in the project:  /expo-project/app/(tabs)/study.tsx
2025-10-18T15:40:34.969Z expo:start:server:middleware:manifest Resolved entry point: index.ts (project root: /expo-project)
2025-10-18T15:40:34.970Z expo:start:server:metro:router Using app as the root directory for Expo Router.
2025-10-18T15:40:37.074Z expo:start:server:middleware:manifest Resolved entry point: index.ts (project root: /expo-project)
2025-10-18T15:40:37.074Z expo:start:server:metro:router Using app as the root directory for Expo Router.
2025-10-18T15:40:39.157Z expo:start:server:middleware:manifest Resolved entry point: index.ts (project root: /expo-project)
2025-10-18T15:40:39.162Z expo:start:server:metro:router Using app as the root directory for Expo Router.
2025-10-18T15:40:41.242Z expo:start:server:middleware:manifest Resolved entry point: index.ts (project root: /expo-project)
2025-10-18T15:40:41.243Z expo:start:server:metro:router Using app as the root directory for Expo Router.
2025-10-18T15:40:43.344Z expo:start:server:middleware:manifest Resolved entry point: index.ts (project root: /expo-project)
2025-10-18T15:40:43.344Z expo:start:server:metro:router Using app as the root directory for Expo Router.
2025-10-18T15:40:45.449Z expo:start:server:middleware:manifest Resolved entry point: index.ts (project root: /expo-project)
2025-10-18T15:40:45.449Z expo:start:server:metro:router Using app as the root directory for Expo Router.
2025-10-18T15:40:47.551Z expo:start:server:middleware:manifest Resolved entry point: index.ts (project root: /expo-project)
2025-10-18T15:40:47.551Z expo:start:server:metro:router Using app as the root directory for Expo Router.
2025-10-18T15:40:49.656Z expo:start:server:middleware:manifest Resolved entry point: index.ts (project root: /expo-project)
2025-10-18T15:40:49.660Z expo:start:server:metro:router Using app as the root directory for Expo Router.
2025-10-18T15:40:51.760Z expo:start:server:middleware:manifest Resolved entry point: index.ts (project root: /expo-project)
2025-10-18T15:40:51.760Z expo:start:server:metro:router Using app as the root directory for Expo Router.
2025-10-18T15:40:53.857Z expo:start:server:middleware:manifest Resolved entry point: index.ts (project root: /expo-project)
2025-10-18T15:40:53.857Z expo:start:server:metro:router Using app as the root directory for Expo Router.
2025-10-18T15:40:55.953Z expo:start:server:middleware:manifest Resolved entry point: index.ts (project root: /expo-project)
2025-10-18T15:40:55.953Z expo:start:server:metro:router Using app as the root directory for Expo Router.
2025-10-18T15:40:58.058Z expo:start:server:middleware:manifest Resolved entry point: index.ts (project root: /expo-project)
2025-10-18T15:40:58.058Z expo:start:server:metro:router Using app as the root directory for Expo Router.
2025-10-18T15:41:00.153Z expo:start:server:middleware:manifest Resolved entry point: index.ts (project root: /expo-project)
2025-10-18T15:41:00.153Z expo:start:server:metro:router Using app as the root directory for Expo Router.
2025-10-18T15:41:02.248Z expo:start:server:middleware:manifest Resolved entry point: index.ts (project root: /expo-project)
2025-10-18T15:41:02.248Z expo:start:server:metro:router Using app as the root directory for Expo Router.
2025-10-18T15:41:04.350Z expo:start:server:middleware:manifest Resolved entry point: index.ts (project root: /expo-project)
2025-10-18T15:41:04.350Z expo:start:server:metro:router Using app as the root directory for Expo Router.
2025-10-18T15:41:06.452Z expo:start:server:middleware:manifest Resolved entry point: index.ts (project root: /expo-project)
2025-10-18T15:41:06.452Z expo:start:server:metro:router Using app as the root directory for Expo Router.
2025-10-18T15:41:08.546Z expo:start:server:middleware:manifest Resolved entry point: index.ts (project root: /expo-project)
2025-10-18T15:41:08.546Z expo:start:server:metro:router Using app as the root directory for Expo Router.
2025-10-18T15:41:10.641Z expo:start:server:middleware:manifest Resolved entry point: index.ts (project root: /expo-project)
2025-10-18T15:41:10.642Z expo:start:server:metro:router Using app as the root directory for Expo Router.
2025-10-18T15:41:10.860Z expo:start:server:metro:metroWatchTypeScriptFiles Detected TypeScript file changed in the project:  /expo-project/app/vocab/[id].tsx
2025-10-18T15:41:12.741Z expo:start:server:middleware:manifest Resolved entry point: index.ts (project root: /expo-project)
2025-10-18T15:41:12.741Z expo:start:server:metro:router Using app as the root directory for Expo Router.
2025-10-18T15:41:14.835Z expo:start:server:middleware:manifest Resolved entry point: index.ts (project root: /expo-project)
2025-10-18T15:41:14.835Z expo:start:server:metro:router Using app as the root directory for Expo Router.
2025-10-18T15:41:16.936Z expo:start:server:middleware:manifest Resolved entry point: index.ts (project root: /expo-project)
2025-10-18T15:41:16.936Z expo:start:server:metro:router Using app as the root directory for Expo Router.
2025-10-18T15:41:19.048Z expo:start:server:middleware:manifest Resolved entry point: index.ts (project root: /expo-project)
2025-10-18T15:41:19.048Z expo:start:server:metro:router Using app as the root directory for Expo Router.
2025-10-18T15:41:21.152Z expo:start:server:middleware:manifest Resolved entry point: index.ts (project root: /expo-project)
2025-10-18T15:41:21.152Z expo:start:server:metro:router Using app as the root directory for Expo Router.
2025-10-18T15:41:23.241Z expo:start:server:middleware:manifest Resolved entry point: index.ts (project root: /expo-project)
2025-10-18T15:41:23.242Z expo:start:server:metro:router Using app as the root directory for Expo Router.
2025-10-18T15:41:25.342Z expo:start:server:middleware:manifest Resolved entry point: index.ts (project root: /expo-project)
2025-10-18T15:41:25.342Z expo:start:server:metro:router Using app as the root directory for Expo Router.
2025-10-18T15:41:27.425Z expo:start:server:middleware:manifest Resolved entry point: index.ts (project root: /expo-project)
2025-10-18T15:41:27.425Z expo:start:server:metro:router Using app as the root directory for Expo Router.
2025-10-18T15:41:29.508Z expo:start:server:middleware:manifest Resolved entry point: index.ts (project root: /expo-project)
2025-10-18T15:41:29.509Z expo:start:server:metro:router Using app as the root directory for Expo Router.
2025-10-18T15:41:31.611Z expo:start:server:middleware:manifest Resolved entry point: index.ts (project root: /expo-project)
2025-10-18T15:41:31.612Z expo:start:server:metro:router Using app as the root directory for Expo Router.
2025-10-18T15:41:33.701Z expo:start:server:middleware:manifest Resolved entry point: index.ts (project root: /expo-project)
2025-10-18T15:41:33.702Z expo:start:server:metro:router Using app as the root directory for Expo Router.
2025-10-18T15:41:35.743Z expo:start:server:metro:metroWatchTypeScriptFiles Detected TypeScript file changed in the project:  /expo-project/app/(tabs)/profile.tsx
2025-10-18T15:41:35.791Z expo:start:server:middleware:manifest Resolved entry point: index.ts (project root: /expo-project)
2025-10-18T15:41:35.791Z expo:start:server:metro:router Using app as the root directory for Expo Router.
2025-10-18T15:41:35.934Z expo:metro:withMetroResolvers Custom resolver (requestPostRewrites) threw: FailedToResolvePathError. (module: ../integrations/supabase/client, platform: web, env: undefined, origin: /expo-project/utils/sync.ts)
2025-10-18T15:41:35.935Z expo:metro:withMetroResolvers Custom resolver (requestPostRewrites) threw: FailedToResolvePathError. (module: ../integrations/supabase/client, platform: web, env: undefined, origin: /expo-project/utils/sync.ts)
2025-10-18T15:41:35.938Z expo:metro:withMetroResolvers Number of explored stacks: 1
2025-10-18T15:41:35.939Z expo:metro:withMetroResolvers Found inverse graph: {
  "frames": [
    {
      "origin": "/expo-project/utils/sync.ts",
      "request": "../integrations/supabase/client"
    },
    {
      "origin": "/expo-project/app/(tabs)/profile.tsx",
      "request": "../../utils/sync"
    },
    {
      "origin": "/expo-project/app?ctx=c9915d5ced2b656047aa496292a87964b21f4221",
      "request": "/expo-project/app/(tabs)/profile.tsx"
    }
  ]
}
Unable to resolve "../integrations/supabase/client" from "utils/sync.ts"
[0m [90m 1 |[39m
[31m[1m>[22m[39m[90m 2 |[39m [36mimport[39m { supabase } [36mfrom[39m [32m'@/integrations/supabase/client'[39m[33m;[39m
 [90m   |[39m [31m[1m^[22m[39m[31m[1m^[22m[39m[31m[1m^[22m[39m[31m[1m^[22m[39m[31m[1m^[22m[39m[31m[1m^[22m[39m[31m[1m^[22m[39m[31m[1m^[22m[39m[31m[1m^[22m[39m[31m[1m^[22m[39m[31m[1m^[22m[39m[31m[1m^[22m[39m[31m[1m^[22m[39m[31m[1m^[22m[39m[31m[1m^[22m[39m[31m[1m^[22m[39m[31m[1m^[22m[39m[31m[1m^[22m[39m[31m[1m^[22m[39m[31m[1m^[22m[39m[31m[1m^[22m[39m[31m[1m^[22m[39m[31m[1m^[22m[39m[31m[1m^[22m[39m[31m[1m^[22m[39m[31m[1m^[22m[39m[31m[1m^[22m[39m[31m[1m^[22m[39m[31m[1m^[22m[39m[31m[1m^[22m[39m[31m[1m^[22m[39m[31m[1m^[22m[39m[31m[1m^[22m[39m[31m[1m^[22m[39m[31m[1m^[22m[39m[31m[1m^[22m[39m[31m[1m^[22m[39m[31m[1m^[22m[39m[31m[1m^[22m[39m[31m[1m^[22m[39m[31m[1m^[22m[39m[31m[1m^[22m[39m[31m[1m^[22m[39m[31m[1m^[22m[39m[31m[1m^[22m[39m[31m[1m^[22m[39m[31m[1m^[22m[39m[31m[1m^[22m[39m[31m[1m^[22m[39m[31m[1m^[22m[39m[31m[1m^[22m[39m[31m[1m^[22m[39m[31m[1m^[22m[39m[31m[1m^[22m[39m[31m[1m^[22m[39m[31m[1m^[22m[39m[31m[1m^[22m[39m[31m[1m^[22m[39m
 [90m 3 |[39m [36mimport[39m { [33mPlatform[39m } [36mfrom[39m [32m'react-native'[39m[33m;[39m
 [90m 4 |[39m [36mimport[39m {
 [90m 5 |[39m   getAllFlashcards[33m,[39m[0m

Import stack:

 utils/sync.ts
 | import "../integrations/supabase/client"

 app/(tabs)/profile.tsx
 | import "../../utils/sync"

 app (require.context)

2025-10-18T15:41:36.263Z expo:metro:withMetroResolvers Custom resolver (requestPostRewrites) threw: FailedToResolvePathError. (module: ../integrations/supabase/client, platform: web, env: undefined, origin: /expo-project/utils/sync.ts)
2025-10-18T15:41:36.263Z expo:metro:withMetroResolvers Custom resolver (requestPostRewrites) threw: FailedToResolvePathError. (module: ../integrations/supabase/client, platform: web, env: undefined, origin: /expo-project/utils/sync.ts)
2025-10-18T15:41:36.264Z expo:metro:withMetroResolvers Number of explored stacks: 1
2025-10-18T15:41:36.265Z expo:metro:withMetroResolvers Found inverse graph: {
  "frames": [
    {
      "origin": "/expo-project/utils/sync.ts",
      "request": "../integrations/supabase/client"
    },
    {
      "origin": "/expo-project/app/(tabs)/profile.tsx",
      "request": "../../utils/sync"
    },
    {
      "origin": "/expo-project/app?ctx=c9915d5ced2b656047aa496292a87964b21f4221",
      "request": "/expo-project/app/(tabs)/profile.tsx"
    }
  ]
}
Error: Unable to resolve module ../integrations/supabase/client from /expo-project/utils/sync.ts: 

None of these files exist:
  * integrations/supabase/client(.web.ts|.ts|.web.tsx|.tsx|.web.mjs|.mjs|.web.js|.js|.web.jsx|.jsx|.web.json|.json|.web.cjs|.cjs|.web.scss|.scss|.web.sass|.sass|.web.css|.css|.web.sql|.sql)
  * integrations/supabase/client
[0m [90m 1 |[39m
[31m[1m>[22m[39m[90m 2 |[39m [36mimport[39m { supabase } [36mfrom[39m [32m'@/integrations/supabase/client'[39m[33m;[39m
 [90m   |[39m [31m[1m^[22m[39m[31m[1m^[22m[39m[31m[1m^[22m[39m[31m[1m^[22m[39m[31m[1m^[22m[39m[31m[1m^[22m[39m[31m[1m^[22m[39m[31m[1m^[22m[39m[31m[1m^[22m[39m[31m[1m^[22m[39m[31m[1m^[22m[39m[31m[1m^[22m[39m[31m[1m^[22m[39m[31m[1m^[22m[39m[31m[1m^[22m[39m[31m[1m^[22m[39m[31m[1m^[22m[39m[31m[1m^[22m[39m[31m[1m^[22m[39m[31m[1m^[22m[39m[31m[1m^[22m[39m[31m[1m^[22m[39m[31m[1m^[22m[39m[31m[1m^[22m[39m[31m[1m^[22m[39m[31m[1m^[22m[39m[31m[1m^[22m[39m[31m[1m^[22m[39m[31m[1m^[22m[39m[31m[1m^[22m[39m[31m[1m^[22m[39m[31m[1m^[22m[39m[31m[1m^[22m[39m[31m[1m^[22m[39m[31m[1m^[22m[39m[31m[1m^[22m[39m[31m[1m^[22m[39m[31m[1m^[22m[39m[31m[1m^[22m[39m[31m[1m^[22m[39m[31m[1m^[22m[39m[31m[1m^[22m[39m[31m[1m^[22m[39m[31m[1m^[22m[39m[31m[1m^[22m[39m[31m[1m^[22m[39m[31m[1m^[22m[39m[31m[1m^[22m[39m[31m[1m^[22m[39m[31m[1m^[22m[39m[31m[1m^[22m[39m[31m[1m^[22m[39m[31m[1m^[22m[39m[31m[1m^[22m[39m[31m[1m^[22m[39m[31m[1m^[22m[39m[31m[1m^[22m[39m[31m[1m^[22m[39m
 [90m 3 |[39m [36mimport[39m { [33mPlatform[39m } [36mfrom[39m [32m'react-native'[39m[33m;[39m
 [90m 4 |[39m [36mimport[39m {
 [90m 5 |[39m   getAllFlashcards[33m,[39m[0m
    at ModuleResolver.resolveDependency (/expo-project/node_modules/@expo/metro/node_modules/metro/src/node-haste/DependencyGraph/ModuleResolution.js:114:15)
    at DependencyGraph.resolveDependency (/expo-project/node_modules/@expo/metro/node_modules/metro/src/node-haste/DependencyGraph.js:239:43)
    at /expo-project/node_modules/@expo/metro/node_modules/metro/src/lib/transformHelpers.js:161:21
    at resolveDependencies (/expo-project/node_modules/@expo/metro/node_modules/metro/src/DeltaBundler/buildSubgraph.js:43:25)
    at visit (/expo-project/node_modules/@expo/metro/node_modules/metro/src/DeltaBundler/buildSubgraph.js:81:30)
    at async Promise.all (index 0)
    at visit (/expo-project/node_modules/@expo/metro/node_modules/metro/src/DeltaBundler/buildSubgraph.js:90:5)
    at async Promise.all (index 0)
    at buildSubgraph (/expo-project/node_modules/@expo/metro/node_modules/metro/src/DeltaBundler/buildSubgraph.js:105:3)
    at Graph._buildDelta (/expo-project/node_modules/@expo/metro/node_modules/metro/src/DeltaBundler/Graph.js:158:22)
Error: Unable to resolve module ../integrations/supabase/client from /expo-project/utils/sync.ts: 

None of these files exist:
  * integrations/supabase/client(.web.ts|.ts|.web.tsx|.tsx|.web.mjs|.mjs|.web.js|.js|.web.jsx|.jsx|.web.json|.json|.web.cjs|.cjs|.web.scss|.scss|.web.sass|.sass|.web.css|.css|.web.sql|.sql)
  * integrations/supabase/client
[0m [90m 1 |[39m
[31m[1m>[22m[39m[90m 2 |[39m [36mimport[39m { supabase } [36mfrom[39m [32m'@/integrations/supabase/client'[39m[33m;[39m
 [90m   |[39m [31m[1m^[22m[39m[31m[1m^[22m[39m[31m[1m^[22m[39m[31m[1m^[22m[39m[31m[1m^[22m[39m[31m[1m^[22m[39m[31m[1m^[22m[39m[31m[1m^[22m[39m[31m[1m^[22m[39m[31m[1m^[22m[39m[31m[1m^[22m[39m[31m[1m^[22m[39m[31m[1m^[22m[39m[31m[1m^[22m[39m[31m[1m^[22m[39m[31m[1m^[22m[39m[31m[1m^[22m[39m[31m[1m^[22m[39m[31m[1m^[22m[39m[31m[1m^[22m[39m[31m[1m^[22m[39m[31m[1m^[22m[39m[31m[1m^[22m[39m[31m[1m^[22m[39m[31m[1m^[22m[39m[31m[1m^[22m[39m[31m[1m^[22m[39m[31m[1m^[22m[39m[31m[1m^[22m[39m[31m[1m^[22m[39m[31m[1m^[22m[39m[31m[1m^[22m[39m[31m[1m^[22m[39m[31m[1m^[22m[39m[31m[1m^[22m[39m[31m[1m^[22m[39m[31m[1m^[22m[39m[31m[1m^[22m[39m[31m[1m^[22m[39m[31m[1m^[22m[39m[31m[1m^[22m[39m[31m[1m^[22m[39m[31m[1m^[22m[39m[31m[1m^[22m[39m[31m[1m^[22m[39m[31m[1m^[22m[39m[31m[1m^[22m[39m[31m[1m^[22m[39m[31m[1m^[22m[39m[31m[1m^[22m[39m[31m[1m^[22m[39m[31m[1m^[22m[39m[31m[1m^[22m[39m[31m[1m^[22m[39m[31m[1m^[22m[39m[31m[1m^[22m[39m[31m[1m^[22m[39m[31m[1m^[22m[39m
 [90m 3 |[39m [36mimport[39m { [33mPlatform[39m } [36mfrom[39m [32m'react-native'[39m[33m;[39m
 [90m 4 |[39m [36mimport[39m {
 [90m 5 |[39m   getAllFlashcards[33m,[39m[0m
    at ModuleResolver.resolveDependency (/expo-project/node_modules/@expo/metro/node_modules/metro/src/node-haste/DependencyGraph/ModuleResolution.js:114:15)
    at DependencyGraph.resolveDependency (/expo-project/node_modules/@expo/metro/node_modules/metro/src/node-haste/DependencyGraph.js:239:43)
    at /expo-project/node_modules/@expo/metro/node_modules/metro/src/lib/transformHelpers.js:161:21
    at resolveDependencies (/expo-project/node_modules/@expo/metro/node_modules/metro/src/DeltaBundler/buildSubgraph.js:43:25)
    at visit (/expo-project/node_modules/@expo/metro/node_modules/metro/src/DeltaBundler/buildSubgraph.js:81:30)
    at async Promise.all (index 0)
    at visit (/expo-project/node_modules/@expo/metro/node_modules/metro/src/DeltaBundler/buildSubgraph.js:90:5)
    at async Promise.all (index 0)
    at buildSubgraph (/expo-project/node_modules/@expo/metro/node_modules/metro/src/DeltaBundler/buildSubgraph.js:105:3)
    at Graph._buildDelta (/expo-project/node_modules/@expo/metro/node_modules/metro/src/DeltaBundler/Graph.js:158:22)
2025-10-18T15:41:37.902Z expo:start:server:middleware:manifest Resolved entry point: index.ts (project root: /expo-project)
2025-10-18T15:41:37.903Z expo:start:server:metro:router Using app as the root directory for Expo Router.
2025-10-18T15:41:39.985Z expo:start:server:middleware:manifest Resolved entry point: index.ts (project root: /expo-project)
2025-10-18T15:41:39.985Z expo:start:server:metro:router Using app as the root directory for Expo Router.
2025-10-18T15:41:42.095Z expo:start:server:middleware:manifest Resolved entry point: index.ts (project root: /expo-project)
2025-10-18T15:41:42.095Z expo:start:server:metro:router Using app as the root directory for Expo Router.
2025-10-18T15:41:44.199Z expo:start:server:middleware:manifest Resolved entry point: index.ts (project root: /expo-project)
2025-10-18T15:41:44.199Z expo:start:server:metro:router Using app as the root directory for Expo Router.
2025-10-18T15:41:46.290Z expo:start:server:middleware:manifest Resolved entry point: index.ts (project root: /expo-project)
2025-10-18T15:41:46.290Z expo:start:server:metro:router Using app as the root directory for Expo Router.
2025-10-18T15:41:48.384Z expo:start:server:middleware:manifest Resolved entry point: index.ts (project root: /expo-project)
2025-10-18T15:41:48.384Z expo:start:server:metro:router Using app as the root directory for Expo Router.
2025-10-18T15:41:50.486Z expo:start:server:middleware:manifest Resolved entry point: index.ts (project root: /expo-project)
2025-10-18T15:41:50.486Z expo:start:server:metro:router Using app as the root directory for Expo Router.
2025-10-18T15:41:52.581Z expo:start:server:middleware:manifest Resolved entry point: index.ts (project root: /expo-project)
2025-10-18T15:41:52.581Z expo:start:server:metro:router Using app as the root directory for Expo Router.
2025-10-18T15:41:54.675Z expo:start:server:middleware:manifest Resolved entry point: index.ts (project root: /expo-project)
2025-10-18T15:41:54.675Z expo:start:server:metro:router Using app as the root directory for Expo Router.
2025-10-18T15:41:56.771Z expo:start:server:middleware:manifest Resolved entry point: index.ts (project root: /expo-project)
2025-10-18T15:41:56.771Z expo:start:server:metro:router Using app as the root directory for Expo Router.
2025-10-18T15:41:58.864Z expo:start:server:middleware:manifest Resolved entry point: index.ts (project root: /expo-project)
2025-10-18T15:41:58.864Z expo:start:server:metro:router Using app as the root directory for Expo Router.
2025-10-18T15:42:00.958Z expo:start:server:middleware:manifest Resolved entry point: index.ts (project root: /expo-project)
2025-10-18T15:42:00.958Z expo:start:server:metro:router Using app as the root directory for Expo Router.
2025-10-18T15:42:03.059Z expo:start:server:middleware:manifest Resolved entry point: index.ts (project root: /expo-project)
2025-10-18T15:42:03.059Z expo:start:server:metro:router Using app as the root directory for Expo Router.
2025-10-18T15:42:05.165Z expo:start:server:middleware:manifest Resolved entry point: index.ts (project root: /expo-project)
2025-10-18T15:42:05.165Z expo:start:server:metro:router Using app as the root directory for Expo Router.
2025-10-18T15:42:07.253Z expo:start:server:middleware:manifest Resolved entry point: index.ts (project root: /expo-project)
2025-10-18T15:42:07.253Z expo:start:server:metro:router Using app as the root directory for Expo Router.
2025-10-18T15:42:09.369Z expo:start:server:middleware:manifest Resolved entry point: index.ts (project root: /expo-project)
2025-10-18T15:42:09.369Z expo:start:server:metro:router Using app as the root directory for Expo Router.
2025-10-18T15:42:11.471Z expo:start:server:middleware:manifest Resolved entry point: index.ts (project root: /expo-project)
2025-10-18T15:42:11.471Z expo:start:server:metro:router Using app as the root directory for Expo Router.
2025-10-18T15:42:13.556Z expo:start:server:middleware:manifest Resolved entry point: index.ts (project root: /expo-project)
2025-10-18T15:42:13.557Z expo:start:server:metro:router Using app as the root directory for Expo Router.
2025-10-18T15:42:15.657Z expo:start:server:middleware:manifest Resolved entry point: index.ts (project root: /expo-project)
2025-10-18T15:42:15.657Z expo:start:server:metro:router Using app as the root directory for Expo Router.
2025-10-18T15:42:17.741Z expo:start:server:middleware:manifest Resolved entry point: index.ts (project root: /expo-project)
2025-10-18T15:42:17.741Z expo:start:server:metro:router Using app as the root directory for Expo Router.
2025-10-18T15:42:19.823Z expo:start:server:middleware:manifest Resolved entry point: index.ts (project root: /expo-project)
2025-10-18T15:42:19.823Z expo:start:server:metro:router Using app as the root directory for Expo Router.
2025-10-18T15:42:21.927Z expo:start:server:middleware:manifest Resolved entry point: index.ts (project root: /expo-project)
2025-10-18T15:42:21.927Z expo:start:server:metro:router Using app as the root directory for Expo Router.
2025-10-18T15:42:24.014Z expo:start:server:middleware:manifest Resolved entry point: index.ts (project root: /expo-project)
2025-10-18T15:42:24.014Z expo:start:server:metro:router Using app as the root directory for Expo Router.
2025-10-18T15:42:25.941Z expo:metro:withMetroResolvers Custom resolver (requestPostRewrites) threw: FailedToResolvePathError. (module: ../integrations/supabase/client, platform: web, env: undefined, origin: /expo-project/utils/sync.ts)
2025-10-18T15:42:25.941Z expo:metro:withMetroResolvers Custom resolver (requestPostRewrites) threw: FailedToResolvePathError. (module: ../integrations/supabase/client, platform: web, env: undefined, origin: /expo-project/utils/sync.ts)
2025-10-18T15:42:25.944Z expo:metro:withMetroResolvers Number of explored stacks: 1
2025-10-18T15:42:25.945Z expo:metro:withMetroResolvers Found inverse graph: {
  "frames": [
    {
      "origin": "/expo-project/utils/sync.ts",
      "request": "../integrations/supabase/client"
    },
    {
      "origin": "/expo-project/app/(tabs)/profile.tsx",
      "request": "../../utils/sync"
    },
    {
      "origin": "/expo-project/app?ctx=c9915d5ced2b656047aa496292a87964b21f4221",
      "request": "/expo-project/app/(tabs)/profile.tsx"
    }
  ]
}
Unable to resolve "../integrations/supabase/client" from "utils/sync.ts"
[0m [90m 1 |[39m
[31m[1m>[22m[39m[90m 2 |[39m [36mimport[39m { supabase } [36mfrom[39m [32m'@/integrations/supabase/client'[39m[33m;[39m
 [90m   |[39m [31m[1m^[22m[39m[31m[1m^[22m[39m[31m[1m^[22m[39m[31m[1m^[22m[39m[31m[1m^[22m[39m[31m[1m^[22m[39m[31m[1m^[22m[39m[31m[1m^[22m[39m[31m[1m^[22m[39m[31m[1m^[22m[39m[31m[1m^[22m[39m[31m[1m^[22m[39m[31m[1m^[22m[39m[31m[1m^[22m[39m[31m[1m^[22m[39m[31m[1m^[22m[39m[31m[1m^[22m[39m[31m[1m^[22m[39m[31m[1m^[22m[39m[31m[1m^[22m[39m[31m[1m^[22m[39m[31m[1m^[22m[39m[31m[1m^[22m[39m[31m[1m^[22m[39m[31m[1m^[22m[39m[31m[1m^[22m[39m[31m[1m^[22m[39m[31m[1m^[22m[39m[31m[1m^[22m[39m[31m[1m^[22m[39m[31m[1m^[22m[39m[31m[1m^[22m[39m[31m[1m^[22m[39m[31m[1m^[22m[39m[31m[1m^[22m[39m[31m[1m^[22m[39m[31m[1m^[22m[39m[31m[1m^[22m[39m[31m[1m^[22m[39m[31m[1m^[22m[39m[31m[1m^[22m[39m[31m[1m^[22m[39m[31m[1m^[22m[39m[31m[1m^[22m[39m[31m[1m^[22m[39m[31m[1m^[22m[39m[31m[1m^[22m[39m[31m[1m^[22m[39m[31m[1m^[22m[39m[31m[1m^[22m[39m[31m[1m^[22m[39m[31m[1m^[22m[39m[31m[1m^[22m[39m[31m[1m^[22m[39m[31m[1m^[22m[39m[31m[1m^[22m[39m[31m[1m^[22m[39m[31m[1m^[22m[39m
 [90m 3 |[39m [36mimport[39m { [33mPlatform[39m } [36mfrom[39m [32m'react-native'[39m[33m;[39m
 [90m 4 |[39m [36mimport[39m {
 [90m 5 |[39m   getAllFlashcards[33m,[39m[0m

Import stack:

 utils/sync.ts
 | import "../integrations/supabase/client"

 app/(tabs)/profile.tsx
 | import "../../utils/sync"

 app (require.context)

2025-10-18T15:42:26.112Z expo:start:server:middleware:manifest Resolved entry point: index.ts (project root: /expo-project)
2025-10-18T15:42:26.112Z expo:start:server:metro:router Using app as the root directory for Expo Router.
2025-10-18T15:42:26.264Z expo:metro:withMetroResolvers Custom resolver (requestPostRewrites) threw: FailedToResolvePathError. (module: ../integrations/supabase/client, platform: web, env: undefined, origin: /expo-project/utils/sync.ts)
2025-10-18T15:42:26.264Z expo:metro:withMetroResolvers Custom resolver (requestPostRewrites) threw: FailedToResolvePathError. (module: ../integrations/supabase/client, platform: web, env: undefined, origin: /expo-project/utils/sync.ts)
2025-10-18T15:42:26.266Z expo:metro:withMetroResolvers Number of explored stacks: 1
2025-10-18T15:42:26.266Z expo:metro:withMetroResolvers Found inverse graph: {
  "frames": [
    {
      "origin": "/expo-project/utils/sync.ts",
      "request": "../integrations/supabase/client"
    },
    {
      "origin": "/expo-project/app/(tabs)/profile.tsx",
      "request": "../../utils/sync"
    },
    {
      "origin": "/expo-project/app?ctx=c9915d5ced2b656047aa496292a87964b21f4221",
      "request": "/expo-project/app/(tabs)/profile.tsx"
    }
  ]
}
Error: Unable to resolve module ../integrations/supabase/client from /expo-project/utils/sync.ts: 

None of these files exist:
  * integrations/supabase/client(.web.ts|.ts|.web.tsx|.tsx|.web.mjs|.mjs|.web.js|.js|.web.jsx|.jsx|.web.json|.json|.web.cjs|.cjs|.web.scss|.scss|.web.sass|.sass|.web.css|.css|.web.sql|.sql)
  * integrations/supabase/client
[0m [90m 1 |[39m
[31m[1m>[22m[39m[90m 2 |[39m [36mimport[39m { supabase } [36mfrom[39m [32m'@/integrations/supabase/client'[39m[33m;[39m
 [90m   |[39m [31m[1m^[22m[39m[31m[1m^[22m[39m[31m[1m^[22m[39m[31m[1m^[22m[39m[31m[1m^[22m[39m[31m[1m^[22m[39m[31m[1m^[22m[39m[31m[1m^[22m[39m[31m[1m^[22m[39m[31m[1m^[22m[39m[31m[1m^[22m[39m[31m[1m^[22m[39m[31m[1m^[22m[39m[31m[1m^[22m[39m[31m[1m^[22m[39m[31m[1m^[22m[39m[31m[1m^[22m[39m[31m[1m^[22m[39m[31m[1m^[22m[39m[31m[1m^[22m[39m[31m[1m^[22m[39m[31m[1m^[22m[39m[31m[1m^[22m[39m[31m[1m^[22m[39m[31m[1m^[22m[39m[31m[1m^[22m[39m[31m[1m^[22m[39m[31m[1m^[22m[39m[31m[1m^[22m[39m[31m[1m^[22m[39m[31m[1m^[22m[39m[31m[1m^[22m[39m[31m[1m^[22m[39m[31m[1m^[22m[39m[31m[1m^[22m[39m[31m[1m^[22m[39m[31m[1m^[22m[39m[31m[1m^[22m[39m[31m[1m^[22m[39m[31m[1m^[22m[39m[31m[1m^[22m[39m[31m[1m^[22m[39m[31m[1m^[22m[39m[31m[1m^[22m[39m[31m[1m^[22m[39m[31m[1m^[22m[39m[31m[1m^[22m[39m[31m[1m^[22m[39m[31m[1m^[22m[39m[31m[1m^[22m[39m[31m[1m^[22m[39m[31m[1m^[22m[39m[31m[1m^[22m[39m[31m[1m^[22m[39m[31m[1m^[22m[39m[31m[1m^[22m[39m[31m[1m^[22m[39m[31m[1m^[22m[39m
 [90m 3 |[39m [36mimport[39m { [33mPlatform[39m } [36mfrom[39m [32m'react-native'[39m[33m;[39m
 [90m 4 |[39m [36mimport[39m {
 [90m 5 |[39m   getAllFlashcards[33m,[39m[0m
    at ModuleResolver.resolveDependency (/expo-project/node_modules/@expo/metro/node_modules/metro/src/node-haste/DependencyGraph/ModuleResolution.js:114:15)
    at DependencyGraph.resolveDependency (/expo-project/node_modules/@expo/metro/node_modules/metro/src/node-haste/DependencyGraph.js:239:43)
    at /expo-project/node_modules/@expo/metro/node_modules/metro/src/lib/transformHelpers.js:161:21
    at resolveDependencies (/expo-project/node_modules/@expo/metro/node_modules/metro/src/DeltaBundler/buildSubgraph.js:43:25)
    at visit (/expo-project/node_modules/@expo/metro/node_modules/metro/src/DeltaBundler/buildSubgraph.js:81:30)
    at async Promise.all (index 0)
    at visit (/expo-project/node_modules/@expo/metro/node_modules/metro/src/DeltaBundler/buildSubgraph.js:90:5)
    at async Promise.all (index 0)
    at buildSubgraph (/expo-project/node_modules/@expo/metro/node_modules/metro/src/DeltaBundler/buildSubgraph.js:105:3)
    at Graph._buildDelta (/expo-project/node_modules/@expo/metro/node_modules/metro/src/DeltaBundler/Graph.js:158:22)
Error: Unable to resolve module ../integrations/supabase/client from /expo-project/utils/sync.ts: 

None of these files exist:
  * integrations/supabase/client(.web.ts|.ts|.web.tsx|.tsx|.web.mjs|.mjs|.web.js|.js|.web.jsx|.jsx|.web.json|.json|.web.cjs|.cjs|.web.scss|.scss|.web.sass|.sass|.web.css|.css|.web.sql|.sql)
  * integrations/supabase/client
[0m [90m 1 |[39m
[31m[1m>[22m[39m[90m 2 |[39m [36mimport[39m { supabase } [36mfrom[39m [32m'@/integrations/supabase/client'[39m[33m;[39m
 [90m   |[39m [31m[1m^[22m[39m[31m[1m^[22m[39m[31m[1m^[22m[39m[31m[1m^[22m[39m[31m[1m^[22m[39m[31m[1m^[22m[39m[31m[1m^[22m[39m[31m[1m^[22m[39m[31m[1m^[22m[39m[31m[1m^[22m[39m[31m[1m^[22m[39m[31m[1m^[22m[39m[31m[1m^[22m[39m[31m[1m^[22m[39m[31m[1m^[22m[39m[31m[1m^[22m[39m[31m[1m^[22m[39m[31m[1m^[22m[39m[31m[1m^[22m[39m[31m[1m^[22m[39m[31m[1m^[22m[39m[31m[1m^[22m[39m[31m[1m^[22m[39m[31m[1m^[22m[39m[31m[1m^[22m[39m[31m[1m^[22m[39m[31m[1m^[22m[39m[31m[1m^[22m[39m[31m[1m^[22m[39m[31m[1m^[22m[39m[31m[1m^[22m[39m[31m[1m^[22m[39m[31m[1m^[22m[39m[31m[1m^[22m[39m[31m[1m^[22m[39m[31m[1m^[22m[39m[31m[1m^[22m[39m[31m[1m^[22m[39m[31m[1m^[22m[39m[31m[1m^[22m[39m[31m[1m^[22m[39m[31m[1m^[22m[39m[31m[1m^[22m[39m[31m[1m^[22m[39m[31m[1m^[22m[39m[31m[1m^[22m[39m[31m[1m^[22m[39m[31m[1m^[22m[39m[31m[1m^[22m[39m[31m[1m^[22m[39m[31m[1m^[22m[39m[31m[1m^[22m[39m[31m[1m^[22m[39m[31m[1m^[22m[39m[31m[1m^[22m[39m[31m[1m^[22m[39m[31m[1m^[22m[39m[31m[1m^[22m[39m
 [90m 3 |[39m [36mimport[39m { [33mPlatform[39m } [36mfrom[39m [32m'react-native'[39m[33m;[39m
 [90m 4 |[39m [36mimport[39m {
 [90m 5 |[39m   getAllFlashcards[33m,[39m[0m
    at ModuleResolver.resolveDependency (/expo-project/node_modules/@expo/metro/node_modules/metro/src/node-haste/DependencyGraph/ModuleResolution.js:114:15)
    at DependencyGraph.resolveDependency (/expo-project/node_modules/@expo/metro/node_modules/metro/src/node-haste/DependencyGraph.js:239:43)
    at /expo-project/node_modules/@expo/metro/node_modules/metro/src/lib/transformHelpers.js:161:21
    at resolveDependencies (/expo-project/node_modules/@expo/metro/node_modules/metro/src/DeltaBundler/buildSubgraph.js:43:25)
    at visit (/expo-project/node_modules/@expo/metro/node_modules/metro/src/DeltaBundler/buildSubgraph.js:81:30)
    at async Promise.all (index 0)
    at visit (/expo-project/node_modules/@expo/metro/node_modules/metro/src/DeltaBundler/buildSubgraph.js:90:5)
    at async Promise.all (index 0)
    at buildSubgraph (/expo-project/node_modules/@expo/metro/node_modules/metro/src/DeltaBundler/buildSubgraph.js:105:3)
    at Graph._buildDelta (/expo-project/node_modules/@expo/metro/node_modules/metro/src/DeltaBundler/Graph.js:158:22)
2025-10-18T15:42:26.275Z expo:metro:withMetroResolvers Custom resolver (requestPostRewrites) threw: FailedToResolvePathError. (module: ../integrations/supabase/client, platform: web, env: undefined, origin: /expo-project/utils/sync.ts)
2025-10-18T15:42:26.276Z expo:metro:withMetroResolvers Custom resolver (requestPostRewrites) threw: FailedToResolvePathError. (module: ../integrations/supabase/client, platform: web, env: undefined, origin: /expo-project/utils/sync.ts)
2025-10-18T15:42:26.278Z expo:metro:withMetroResolvers Number of explored stacks: 1
2025-10-18T15:42:26.278Z expo:metro:withMetroResolvers Found inverse graph: {
  "frames": [
    {
      "origin": "/expo-project/utils/sync.ts",
      "request": "../integrations/supabase/client"
    },
    {
      "origin": "/expo-project/app/(tabs)/profile.tsx",
      "request": "../../utils/sync"
    },
    {
      "origin": "/expo-project/app?ctx=c9915d5ced2b656047aa496292a87964b21f4221",
      "request": "/expo-project/app/(tabs)/profile.tsx"
    }
  ]
}
Error: Unable to resolve module ../integrations/supabase/client from /expo-project/utils/sync.ts: 

None of these files exist:
  * integrations/supabase/client(.web.ts|.ts|.web.tsx|.tsx|.web.mjs|.mjs|.web.js|.js|.web.jsx|.jsx|.web.json|.json|.web.cjs|.cjs|.web.scss|.scss|.web.sass|.sass|.web.css|.css|.web.sql|.sql)
  * integrations/supabase/client
[0m [90m 1 |[39m
[31m[1m>[22m[39m[90m 2 |[39m [36mimport[39m { supabase } [36mfrom[39m [32m'@/integrations/supabase/client'[39m[33m;[39m
 [90m   |[39m [31m[1m^[22m[39m[31m[1m^[22m[39m[31m[1m^[22m[39m[31m[1m^[22m[39m[31m[1m^[22m[39m[31m[1m^[22m[39m[31m[1m^[22m[39m[31m[1m^[22m[39m[31m[1m^[22m[39m[31m[1m^[22m[39m[31m[1m^[22m[39m[31m[1m^[22m[39m[31m[1m^[22m[39m[31m[1m^[22m[39m[31m[1m^[22m[39m[31m[1m^[22m[39m[31m[1m^[22m[39m[31m[1m^[22m[39m[31m[1m^[22m[39m[31m[1m^[22m[39m[31m[1m^[22m[39m[31m[1m^[22m[39m[31m[1m^[22m[39m[31m[1m^[22m[39m[31m[1m^[22m[39m[31m[1m^[22m[39m[31m[1m^[22m[39m[31m[1m^[22m[39m[31m[1m^[22m[39m[31m[1m^[22m[39m[31m[1m^[22m[39m[31m[1m^[22m[39m[31m[1m^[22m[39m[31m[1m^[22m[39m[31m[1m^[22m[39m[31m[1m^[22m[39m[31m[1m^[22m[39m[31m[1m^[22m[39m[31m[1m^[22m[39m[31m[1m^[22m[39m[31m[1m^[22m[39m[31m[1m^[22m[39m[31m[1m^[22m[39m[31m[1m^[22m[39m[31m[1m^[22m[39m[31m[1m^[22m[39m[31m[1m^[22m[39m[31m[1m^[22m[39m[31m[1m^[22m[39m[31m[1m^[22m[39m[31m[1m^[22m[39m[31m[1m^[22m[39m[31m[1m^[22m[39m[31m[1m^[22m[39m[31m[1m^[22m[39m[31m[1m^[22m[39m[31m[1m^[22m[39m[31m[1m^[22m[39m
 [90m 3 |[39m [36mimport[39m { [33mPlatform[39m } [36mfrom[39m [32m'react-native'[39m[33m;[39m
 [90m 4 |[39m [36mimport[39m {
 [90m 5 |[39m   getAllFlashcards[33m,[39m[0m
    at ModuleResolver.resolveDependency (/expo-project/node_modules/@expo/metro/node_modules/metro/src/node-haste/DependencyGraph/ModuleResolution.js:114:15)
    at DependencyGraph.resolveDependency (/expo-project/node_modules/@expo/metro/node_modules/metro/src/node-haste/DependencyGraph.js:239:43)
    at /expo-project/node_modules/@expo/metro/node_modules/metro/src/lib/transformHelpers.js:161:21
    at resolveDependencies (/expo-project/node_modules/@expo/metro/node_modules/metro/src/DeltaBundler/buildSubgraph.js:43:25)
    at visit (/expo-project/node_modules/@expo/metro/node_modules/metro/src/DeltaBundler/buildSubgraph.js:81:30)
    at async Promise.all (index 0)
    at visit (/expo-project/node_modules/@expo/metro/node_modules/metro/src/DeltaBundler/buildSubgraph.js:90:5)
    at async Promise.all (index 0)
    at buildSubgraph (/expo-project/node_modules/@expo/metro/node_modules/metro/src/DeltaBundler/buildSubgraph.js:105:3)
    at Graph._buildDelta (/expo-project/node_modules/@expo/metro/node_modules/metro/src/DeltaBundler/Graph.js:158:22)
Error: Unable to resolve module ../integrations/supabase/client from /expo-project/utils/sync.ts: 

None of these files exist:
  * integrations/supabase/client(.web.ts|.ts|.web.tsx|.tsx|.web.mjs|.mjs|.web.js|.js|.web.jsx|.jsx|.web.json|.json|.web.cjs|.cjs|.web.scss|.scss|.web.sass|.sass|.web.css|.css|.web.sql|.sql)
  * integrations/supabase/client
[0m [90m 1 |[39m
[31m[1m>[22m[39m[90m 2 |[39m [36mimport[39m { supabase } [36mfrom[39m [32m'@/integrations/supabase/client'[39m[33m;[39m
 [90m   |[39m [31m[1m^[22m[39m[31m[1m^[22m[39m[31m[1m^[22m[39m[31m[1m^[22m[39m[31m[1m^[22m[39m[31m[1m^[22m[39m[31m[1m^[22m[39m[31m[1m^[22m[39m[31m[1m^[22m[39m[31m[1m^[22m[39m[31m[1m^[22m[39m[31m[1m^[22m[39m[31m[1m^[22m[39m[31m[1m^[22m[39m[31m[1m^[22m[39m[31m[1m^[22m[39m[31m[1m^[22m[39m[31m[1m^[22m[39m[31m[1m^[22m[39m[31m[1m^[22m[39m[31m[1m^[22m[39m[31m[1m^[22m[39m[31m[1m^[22m[39m[31m[1m^[22m[39m[31m[1m^[22m[39m[31m[1m^[22m[39m[31m[1m^[22m[39m[31m[1m^[22m[39m[31m[1m^[22m[39m[31m[1m^[22m[39m[31m[1m^[22m[39m[31m[1m^[22m[39m[31m[1m^[22m[39m[31m[1m^[22m[39m[31m[1m^[22m[39m[31m[1m^[22m[39m[31m[1m^[22m[39m[31m[1m^[22m[39m[31m[1m^[22m[39m[31m[1m^[22m[39m[31m[1m^[22m[39m[31m[1m^[22m[39m[31m[1m^[22m[39m[31m[1m^[22m[39m[31m[1m^[22m[39m[31m[1m^[22m[39m[31m[1m^[22m[39m[31m[1m^[22m[39m[31m[1m^[22m[39m[31m[1m^[22m[39m[31m[1m^[22m[39m[31m[1m^[22m[39m[31m[1m^[22m[39m[31m[1m^[22m[39m[31m[1m^[22m[39m[31m[1m^[22m[39m[31m[1m^[22m[39m[31m[1m^[22m[39m
 [90m 3 |[39m [36mimport[39m { [33mPlatform[39m } [36mfrom[39m [32m'react-native'[39m[33m;[39m
 [90m 4 |[39m [36mimport[39m {
 [90m 5 |[39m   getAllFlashcards[33m,[39m[0m
    at ModuleResolver.resolveDependency (/expo-project/node_modules/@expo/metro/node_modules/metro/src/node-haste/DependencyGraph/ModuleResolution.js:114:15)
    at DependencyGraph.resolveDependency (/expo-project/node_modules/@expo/metro/node_modules/metro/src/node-haste/DependencyGraph.js:239:43)
    at /expo-project/node_modules/@expo/metro/node_modules/metro/src/lib/transformHelpers.js:161:21
    at resolveDependencies (/expo-project/node_modules/@expo/metro/node_modules/metro/src/DeltaBundler/buildSubgraph.js:43:25)
    at visit (/expo-project/node_modules/@expo/metro/node_modules/metro/src/DeltaBundler/buildSubgraph.js:81:30)
    at async Promise.all (index 0)
    at visit (/expo-project/node_modules/@expo/metro/node_modules/metro/src/DeltaBundler/buildSubgraph.js:90:5)
    at async Promise.all (index 0)
    at buildSubgraph (/expo-project/node_modules/@expo/metro/node_modules/metro/src/DeltaBundler/buildSubgraph.js:105:3)
    at Graph._buildDelta (/expo-project/node_modules/@expo/metro/node_modules/metro/src/DeltaBundler/Graph.js:158:22)
/expo-project/node_modules/@expo/cli/build/src/utils/errors.js:130
    throw error;
    ^

Error: ENOENT: no such file or directory, watch '/expo-project/node_modules/dot-prop/node_modules/is-obj_tmp_3735'
    at FSWatcher.<computed> (node:internal/fs/watchers:254:19)
    at Object.watch (node:fs:2549:36)
    at FallbackWatcher._watchdir (/expo-project/node_modules/metro-file-map/src/watchers/FallbackWatcher.js:88:24)
    at /expo-project/node_modules/metro-file-map/src/watchers/FallbackWatcher.js:185:22
    at Walker.<anonymous> (/expo-project/node_modules/metro-file-map/src/watchers/FallbackWatcher.js:322:31)
    at Walker.emit (node:events:519:28)
    at /expo-project/node_modules/walker/lib/walker.js:69:16
    at FSReqCallback.oncomplete (node:fs:187:23) {
  errno: -2,
  syscall: 'watch',
  code: 'ENOENT',
  path: '/expo-project/node_modules/dot-prop/node_modules/is-obj_tmp_3735',
  filename: '/expo-project/node_modules/dot-prop/node_modules/is-obj_tmp_3735'
}

Node.js v22.19.0
2025-10-18T15:42:30.696Z expo:env /expo-project/.env does not exist, skipping this env file
2025-10-18T15:42:30.697Z expo:env /expo-project/.env.development does not exist, skipping this env file
2025-10-18T15:42:30.697Z expo:env /expo-project/.env.local does not exist, skipping this env file
2025-10-18T15:42:30.697Z expo:env /expo-project/.env.development.local does not exist, skipping this env file
Starting project at /expo-project
2025-10-18T15:42:30.850Z expo:utils:fileNotifier Observing /expo-project/babel.config.js
2025-10-18T15:42:30.977Z expo:start:server:devServer Stopping dev server (bundler: metro)
2025-10-18T15:42:30.977Z expo:start:server:devServer Stopped dev server (bundler: metro)
2025-10-18T15:42:30.992Z expo:start:server:metro:router Using app as the root directory for Expo Router.
2025-10-18T15:42:31.352Z expo:metro:config react-native-reanimated package.json: /expo-project/node_modules/react-native-reanimated/package.json
2025-10-18T15:42:31.353Z expo:metro:config react-native-worklets package.json: /expo-project/node_modules/react-native-worklets/package.json

Expo Metro config:
- Version: 54.0.6
- Extensions: ts, tsx, mjs, js, jsx, json, cjs, scss, sass, css
- React Native: /expo-project/node_modules/react-native
- Watch Folders: 
- Node Module Paths: 
- Sass: null
- Reanimated: 4.1.2
- Worklets: 0.5.1
- Babel Runtime: null

2025-10-18T15:42:31.602Z expo:metro:withMetroResolvers Appending 8 custom resolvers to Metro config. (has custom resolver: false)
2025-10-18T15:42:31.675Z expo:start:server:urlCreator URL: http://127.0.0.1:8081
Starting Metro Bundler
2025-10-18T15:42:31.771Z expo:start:server:middleware:serveStatic Serving static files from: /expo-project/public
2025-10-18T15:42:31.771Z expo:start:server:devServer [tunnel] connect to port: 8081
2025-10-18T15:42:31.915Z expo:start:platforms:android:adbServer /usr/lib/android-sdk/platform-tools/adb devices -l
2025-10-18T15:42:31.936Z expo:start:server:ngrok Stopping Tunnel
2025-10-18T15:42:31.937Z expo:start:server:ngrok Global config path: /root/.expo/ngrok.yml
2025-10-18T15:42:31.942Z expo:start:server:ngrok Hostname: bqGuL14-anonymous-8081.exp.direct
Tunnel connected.
2025-10-18T15:42:32.444Z expo:start:server:ngrok Tunnel URL: https://bqgul14-anonymous-8081.exp.direct
Tunnel ready.
2025-10-18T15:42:32.445Z expo:start:server:urlCreator URL: exp://bqgul14-anonymous-8081.exp.direct
2025-10-18T15:42:32.449Z expo:start:server:developmentSession Development session will not ping because the user is not authenticated and there are no devices.
2025-10-18T15:42:32.450Z expo:utils:fileNotifier Observing /expo-project/metro.config.js
2025-10-18T15:42:32.450Z expo:start:server:metro:waitForTypescript Watching file changes: [
  '/expo-project/.env.development.local',
  '/expo-project/.env.local',
  '/expo-project/.env.development',
  '/expo-project/.env'
]
2025-10-18T15:42:32.451Z expo:doctor:typescriptSupport Ensuring TypeScript support is setup
2025-10-18T15:42:32.455Z expo:doctor:dependencies:getMissingPackages Required package "typescript" found (no version constraint specified).
2025-10-18T15:42:32.456Z expo:doctor:dependencies:getMissingPackages Required package "@types/react" found (no version constraint specified).
2025-10-18T15:42:32.459Z expo:typed-routes Ensuring typed routes side-effects are setup (experiments.typedRoutes: true, typesDirectory: /expo-project/.expo/types)
2025-10-18T15:42:32.460Z expo:doctor:dependencies:bundledNativeModules Fetching bundled native modules from the server...
2025-10-18T15:42:32.463Z expo:start:server:metro:router Using app as the root directory for Expo Router.
2025-10-18T15:42:32.471Z expo:start:server:metro:metroWatchTypeScriptFiles Waiting for TypeScript files to be added to the project...
2025-10-18T15:42:32.767Z expo:doctor:dependencies:validate Checking dependencies for 54.0.0: {
  '@babel/plugin-proposal-export-namespace-from': '^7.18.9',
  '@babel/runtime': '^7.26.9',
  '@bacons/apple-targets': '^3.0.2',
  '@expo/metro-runtime': '~6.1.1',
  '@expo/ngrok': '^4.1.3',
  '@expo/vector-icons': '^15.0.2',
  '@react-native-async-storage/async-storage': '^2.2.0',
  '@react-native-community/datetimepicker': '^8.3.0',
  '@react-native-community/netinfo': '^11.4.1',
  '@react-native-community/slider': '^5.0.1',
  '@react-navigation/drawer': '^7.1.1',
  '@react-navigation/native': '^7.0.14',
  '@react-navigation/native-stack': '^7.2.0',
  '@supabase/supabase-js': '^2.75.1',
  '@types/difflib': '^0.2.7',
  difflib: '^0.2.4',
  eas: '^0.1.0',
  expo: '~54.0.1',
  'expo-blur': '^15.0.6',
  'expo-camera': '^17.0.8',
  'expo-constants': '~18.0.8',
  'expo-file-system': '^19.0.17',
  'expo-font': '^14.0.7',
  'expo-glass-effect': '^0.1.1',
  'expo-haptics': '^15.0.6',
  'expo-image-picker': '^17.0.7',
  'expo-linear-gradient': '^15.0.6',
  'expo-linking': '^8.0.7',
  'expo-media-library': '^18.2.0',
  'expo-network': '^8.0.7',
  'expo-router': '^6.0.0',
  'expo-secure-store': '^15.0.7',
  'expo-speech': '^14.0.7',
  'expo-splash-screen': '^31.0.8',
  'expo-sqlite': '^16.0.8',
  'expo-status-bar': '~3.0.7',
  'expo-symbols': '^1.0.6',
  'expo-system-ui': '^6.0.7',
  'expo-web-browser': '^15.0.6',
  react: '19.1.0',
  'react-dom': '19.1.0',
  'react-native': '0.81.4',
  'react-native-css-interop': '^0.1.22',
  'react-native-edge-to-edge': '^1.7.0',
  'react-native-gesture-handler': '^2.24.0',
  'react-native-maps': '^1.20.1',
  'react-native-reanimated': '~4.1.0',
  'react-native-safe-area-context': '^5.4.0',
  'react-native-screens': '~4.16.0',
  'react-native-url-polyfill': '^2.0.0',
  'react-native-web': '~0.21.1',
  'react-native-webview': '^13.15.0',
  'react-native-worklets': '0.5.1',
  'react-router-dom': '^7.1.3',
  'workbox-cli': '^7.3.0',
  'workbox-precaching': '^7.3.0',
  'workbox-webpack-plugin': '^7.3.0',
  '@babel/core': '^7.20.0',
  '@eslint/js': '^9.19.0',
  '@types/react': '~19.1.12',
  '@typescript-eslint/eslint-plugin': '^6.21.0',
  '@typescript-eslint/parser': '^6.21.0',
  'babel-plugin-module-resolver': '^5.0.2',
  eslint: '^8.57.0',
  'eslint-config-expo': '~10.0.0',
  'eslint-plugin-import': '^2.31.0',
  'eslint-plugin-react': '^7.37.4',
  globals: '^15.14.0',
  typescript: '^5.8.3',
  'webpack-cli': '^6.0.1'
}
2025-10-18T15:42:32.767Z expo:doctor:dependencies:validate Comparing known versions: [
  '@expo/metro-runtime',
  '@expo/vector-icons',
  '@react-native-async-storage/async-storage',
  '@react-native-community/datetimepicker',
  '@react-native-community/netinfo',
  '@react-native-community/slider',
  'expo',
  'expo-blur',
  'expo-camera',
  'expo-constants',
  'expo-file-system',
  'expo-font',
  'expo-glass-effect',
  'expo-haptics',
  'expo-image-picker',
  'expo-linear-gradient',
  'expo-linking',
  'expo-media-library',
  'expo-network',
  'expo-router',
  'expo-secure-store',
  'expo-speech',
  'expo-splash-screen',
  'expo-sqlite',
  'expo-status-bar',
  'expo-symbols',
  'expo-system-ui',
  'expo-web-browser',
  'react',
  'react-dom',
  'react-native',
  'react-native-gesture-handler',
  'react-native-maps',
  'react-native-reanimated',
  'react-native-safe-area-context',
  'react-native-screens',
  'react-native-web',
  'react-native-webview',
  'react-native-worklets',
  '@babel/core',
  '@types/react',
  'eslint-config-expo',
  'typescript'
]
2025-10-18T15:42:32.768Z expo:doctor:dependencies:validate Skipping packages that cannot be versioned automatically: [
  '@babel/plugin-proposal-export-namespace-from',
  '@babel/runtime',
  '@bacons/apple-targets',
  '@expo/ngrok',
  '@react-navigation/drawer',
  '@react-navigation/native',
  '@react-navigation/native-stack',
  '@supabase/supabase-js',
  '@types/difflib',
  'difflib',
  'eas',
  'react-native-css-interop',
  'react-native-edge-to-edge',
  'react-native-url-polyfill',
  'react-router-dom',
  'workbox-cli',
  'workbox-precaching',
  'workbox-webpack-plugin',
  '@eslint/js',
  '@typescript-eslint/eslint-plugin',
  '@typescript-eslint/parser',
  'babel-plugin-module-resolver',
  'eslint',
  'eslint-plugin-import',
  'eslint-plugin-react',
  'globals',
  'webpack-cli'
]
2025-10-18T15:42:32.785Z expo:doctor:dependencies:validate Package versions: {
  '@expo/metro-runtime': '6.1.2',
  '@expo/vector-icons': '15.0.2',
  '@react-native-async-storage/async-storage': '2.2.0',
  '@react-native-community/datetimepicker': '8.4.5',
  '@react-native-community/netinfo': '11.4.1',
  '@react-native-community/slider': '5.0.1',
  expo: '54.0.12',
  'expo-blur': '15.0.7',
  'expo-camera': '17.0.8',
  'expo-constants': '18.0.9',
  'expo-file-system': '19.0.17',
  'expo-font': '14.0.8',
  'expo-glass-effect': '0.1.4',
  'expo-haptics': '15.0.7',
  'expo-image-picker': '17.0.8',
  'expo-linear-gradient': '15.0.7',
  'expo-linking': '8.0.8',
  'expo-media-library': '18.2.0',
  'expo-network': '8.0.7',
  'expo-router': '6.0.10',
  'expo-secure-store': '15.0.7',
  'expo-speech': '14.0.7',
  'expo-splash-screen': '31.0.10',
  'expo-sqlite': '16.0.8',
  'expo-status-bar': '3.0.8',
  'expo-symbols': '1.0.7',
  'expo-system-ui': '6.0.7',
  'expo-web-browser': '15.0.8',
  react: '19.1.0',
  'react-dom': '19.1.0',
  'react-native': '0.81.4',
  'react-native-gesture-handler': '2.28.0',
  'react-native-maps': '1.26.14',
  'react-native-reanimated': '4.1.2',
  'react-native-safe-area-context': '5.6.1',
  'react-native-screens': '4.16.0',
  'react-native-web': '0.21.1',
  'react-native-webview': '13.16.0',
  'react-native-worklets': '0.5.1',
  '@babel/core': '7.28.4',
  '@types/react': '19.1.17',
  'eslint-config-expo': '10.0.0',
  typescript: '5.9.3'
}
2025-10-18T15:42:32.788Z expo:doctor:dependencies:validate Incorrect dependencies: [
  {
    packageName: '@react-native-community/datetimepicker',
    packageType: 'dependencies',
    expectedVersionOrRange: '8.4.4',
    actualVersion: '8.4.5'
  },
  {
    packageName: 'expo',
    packageType: 'dependencies',
    expectedVersionOrRange: '54.0.13',
    actualVersion: '54.0.12'
  },
  {
    packageName: 'expo-font',
    packageType: 'dependencies',
    expectedVersionOrRange: '~14.0.9',
    actualVersion: '14.0.8'
  },
  {
    packageName: 'expo-router',
    packageType: 'dependencies',
    expectedVersionOrRange: '~6.0.12',
    actualVersion: '6.0.10'
  },
  {
    packageName: 'react-native-maps',
    packageType: 'dependencies',
    expectedVersionOrRange: '1.20.1',
    actualVersion: '1.26.14'
  },
  {
    packageName: 'react-native-webview',
    packageType: 'dependencies',
    expectedVersionOrRange: '13.15.0',
    actualVersion: '13.16.0'
  }
]
The following packages should be updated for best compatibility with the installed expo version:
  @react-native-community/datetimepicker@8.4.5 - expected version: 8.4.4
  expo@54.0.12 - expected version: 54.0.13
  expo-font@14.0.8 - expected version: ~14.0.9
  expo-router@6.0.10 - expected version: ~6.0.12
  react-native-maps@1.26.14 - expected version: 1.20.1
  react-native-webview@13.16.0 - expected version: 13.15.0
Your project may not work correctly until you install the expected versions of the packages.
Waiting on http://localhost:8081
Logs for your project will appear below.
2025-10-18T15:42:33.337Z expo:start:server:middleware:manifest Resolved entry point: index.ts (project root: /expo-project)
2025-10-18T15:42:33.338Z expo:start:server:metro:router Using app as the root directory for Expo Router.
2025-10-18T15:42:33.413Z expo:start:server:middleware:manifest Resolved entry point: index.ts (project root: /expo-project)
2025-10-18T15:42:33.413Z expo:start:server:metro:router Using app as the root directory for Expo Router.
2025-10-18T15:42:33.897Z expo:start:server:middleware:manifest Resolved entry point: index.ts (project root: /expo-project)
2025-10-18T15:42:33.897Z expo:start:server:metro:router Using app as the root directory for Expo Router.
2025-10-18T15:42:36.231Z expo:start:server:middleware:manifest Resolved entry point: index.ts (project root: /expo-project)
2025-10-18T15:42:36.231Z expo:start:server:metro:router Using app as the root directory for Expo Router.
2025-10-18T15:42:43.643Z expo:start:server:metro:multi-platform Enabling alias: react-native-vector-icons -> @expo/vector-icons
2025-10-18T15:42:43.652Z expo:start:server:middleware:manifest Resolved entry point: index.ts (project root: /expo-project)
2025-10-18T15:42:43.652Z expo:start:server:metro:router Using app as the root directory for Expo Router.
2025-10-18T15:42:43.676Z expo:start:server:metro:multi-platform Skipping production module: ./cjs/react-jsx-dev-runtime.production.js
2025-10-18T15:42:43.677Z expo:start:server:metro:multi-platform Skipping production module: ./cjs/react.production.js
Web ./index.ts ░░░░░░░░░░░░░░░░  0.0% (0/1)
2025-10-18T15:42:43.697Z expo:start:server:metro:multi-platform Redirecting module "/expo-project/node_modules/react-native-web/dist/exports/BackHandler/index.js" to shim
2025-10-18T15:42:43.951Z expo:start:server:metro:multi-platform Skipping production module: ./cjs/react-dom-client.production.js
2025-10-18T15:42:43.957Z expo:start:server:metro:multi-platform Redirecting module "/expo-project/node_modules/react-native-web/dist/exports/AppRegistry/AppContainer.js" to shim
2025-10-18T15:42:44.048Z expo:metro:withMetroResolvers Custom resolver (requestPostRewrites) threw: FailedToResolvePathError. (module: ../integrations/supabase/client, platform: web, env: undefined, origin: /expo-project/utils/sync.ts)
2025-10-18T15:42:44.048Z expo:metro:withMetroResolvers Custom resolver (requestPostRewrites) threw: FailedToResolvePathError. (module: ../integrations/supabase/client, platform: web, env: undefined, origin: /expo-project/utils/sync.ts)
2025-10-18T15:42:44.050Z expo:metro:withMetroResolvers Number of explored stacks: 1
2025-10-18T15:42:44.050Z expo:metro:withMetroResolvers Found inverse graph: {
  "frames": [
    {
      "origin": "/expo-project/utils/sync.ts",
      "request": "../integrations/supabase/client"
    },
    {
      "origin": "/expo-project/app/(tabs)/profile.tsx",
      "request": "../../utils/sync"
    },
    {
      "origin": "/expo-project/app?ctx=c9915d5ced2b656047aa496292a87964b21f4221",
      "request": "/expo-project/app/(tabs)/profile.tsx"
    }
  ]
}
2025-10-18T15:42:44.060Z expo:start:server:metro:multi-platform Skipping production module: ./cjs/react-jsx-runtime.production.js
2025-10-18T15:42:44.134Z expo:start:server:metro:multi-platform Skipping production module: ./cjs/react-dom.production.js
2025-10-18T15:42:44.237Z expo:start:server:metro:multi-platform Skipping production module: ./cjs/react-is.production.js
2025-10-18T15:42:44.555Z expo:start:server:metro:multi-platform Skipping production module: ./cjs/scheduler.production.js
2025-10-18T15:42:44.588Z expo:start:server:metro:multi-platform Skipping production module: ./cjs/react-is.production.min.js
2025-10-18T15:42:44.616Z expo:start:server:metro:multi-platform Skipping production module: ./cjs/react-refresh-runtime.production.min.js
2025-10-18T15:42:44.745Z expo:start:server:metro:multi-platform Redirecting module "/expo-project/node_modules/react-native-web/dist/exports/BackHandler/index.js" to shim
2025-10-18T15:42:44.748Z expo:start:server:metro:multi-platform Skipping production module: ./cjs/react-is.production.min.js
Web Bundling failed 1194ms index.ts (1371 modules)
Unable to resolve "../integrations/supabase/client" from "utils/sync.ts"
[0m [90m 1 |[39m
[31m[1m>[22m[39m[90m 2 |[39m [36mimport[39m { supabase } [36mfrom[39m [32m'@/integrations/supabase/client'[39m[33m;[39m
 [90m   |[39m [31m[1m^[22m[39m[31m[1m^[22m[39m[31m[1m^[22m[39m[31m[1m^[22m[39m[31m[1m^[22m[39m[31m[1m^[22m[39m[31m[1m^[22m[39m[31m[1m^[22m[39m[31m[1m^[22m[39m[31m[1m^[22m[39m[31m[1m^[22m[39m[31m[1m^[22m[39m[31m[1m^[22m[39m[31m[1m^[22m[39m[31m[1m^[22m[39m[31m[1m^[22m[39m[31m[1m^[22m[39m[31m[1m^[22m[39m[31m[1m^[22m[39m[31m[1m^[22m[39m[31m[1m^[22m[39m[31m[1m^[22m[39m[31m[1m^[22m[39m[31m[1m^[22m[39m[31m[1m^[22m[39m[31m[1m^[22m[39m[31m[1m^[22m[39m[31m[1m^[22m[39m[31m[1m^[22m[39m[31m[1m^[22m[39m[31m[1m^[22m[39m[31m[1m^[22m[39m[31m[1m^[22m[39m[31m[1m^[22m[39m[31m[1m^[22m[39m[31m[1m^[22m[39m[31m[1m^[22m[39m[31m[1m^[22m[39m[31m[1m^[22m[39m[31m[1m^[22m[39m[31m[1m^[22m[39m[31m[1m^[22m[39m[31m[1m^[22m[39m[31m[1m^[22m[39m[31m[1m^[22m[39m[31m[1m^[22m[39m[31m[1m^[22m[39m[31m[1m^[22m[39m[31m[1m^[22m[39m[31m[1m^[22m[39m[31m[1m^[22m[39m[31m[1m^[22m[39m[31m[1m^[22m[39m[31m[1m^[22m[39m[31m[1m^[22m[39m[31m[1m^[22m[39m[31m[1m^[22m[39m[31m[1m^[22m[39m
 [90m 3 |[39m [36mimport[39m { [33mPlatform[39m } [36mfrom[39m [32m'react-native'[39m[33m;[39m
 [90m 4 |[39m [36mimport[39m {
 [90m 5 |[39m   getAllFlashcards[33m,[39m[0m

Import stack:

 utils/sync.ts
 | import "../integrations/supabase/client"

 app/(tabs)/profile.tsx
 | import "../../utils/sync"

 app (require.context)

2025-10-18T15:42:45.739Z expo:start:server:middleware:manifest Resolved entry point: index.ts (project root: /expo-project)
2025-10-18T15:42:45.739Z expo:start:server:metro:router Using app as the root directory for Expo Router.
2025-10-18T15:42:47.853Z expo:start:server:middleware:manifest Resolved entry point: index.ts (project root: /expo-project)
2025-10-18T15:42:47.854Z expo:start:server:metro:router Using app as the root directory for Expo Router.
2025-10-18T15:42:49.957Z expo:start:server:middleware:manifest Resolved entry point: index.ts (project root: /expo-project)
2025-10-18T15:42:49.957Z expo:start:server:metro:router Using app as the root directory for Expo Router.
2025-10-18T15:42:52.064Z expo:start:server:middleware:manifest Resolved entry point: index.ts (project root: /expo-project)
2025-10-18T15:42:52.064Z expo:start:server:metro:router Using app as the root directory for Expo Router.
2025-10-18T15:42:54.150Z expo:start:server:middleware:manifest Resolved entry point: index.ts (project root: /expo-project)
2025-10-18T15:42:54.150Z expo:start:server:metro:router Using app as the root directory for Expo Router.
2025-10-18T15:42:56.254Z expo:start:server:middleware:manifest Resolved entry point: index.ts (project root: /expo-project)
2025-10-18T15:42:56.254Z expo:start:server:metro:router Using app as the root directory for Expo Router.
2025-10-18T15:42:58.344Z expo:start:server:middleware:manifest Resolved entry point: index.ts (project root: /expo-project)
2025-10-18T15:42:58.344Z expo:start:server:metro:router Using app as the root directory for Expo Router.
2025-10-18T15:43:00.464Z expo:start:server:middleware:manifest Resolved entry point: index.ts (project root: /expo-project)
2025-10-18T15:43:00.464Z expo:start:server:metro:router Using app as the root directory for Expo Router.
2025-10-18T15:43:02.580Z expo:start:server:middleware:manifest Resolved entry point: index.ts (project root: /expo-project)
2025-10-18T15:43:02.580Z expo:start:server:metro:router Using app as the root directory for Expo Router.
2025-10-18T15:43:03.923Z expo:start:server:metro:metroWatchTypeScriptFiles Detected TypeScript file changed in the project:  /expo-project/app/kanji/[id].tsx
2025-10-18T15:43:04.665Z expo:start:server:middleware:manifest Resolved entry point: index.ts (project root: /expo-project)
2025-10-18T15:43:04.665Z expo:start:server:metro:router Using app as the root directory for Expo Router.
2025-10-18T15:43:06.770Z expo:start:server:middleware:manifest Resolved entry point: index.ts (project root: /expo-project)
2025-10-18T15:43:06.770Z expo:start:server:metro:router Using app as the root directory for Expo Router.
2025-10-18T15:43:08.877Z expo:start:server:middleware:manifest Resolved entry point: index.ts (project root: /expo-project)
2025-10-18T15:43:08.877Z expo:start:server:metro:router Using app as the root directory for Expo Router.
2025-10-18T15:43:10.981Z expo:start:server:middleware:manifest Resolved entry point: index.ts (project root: /expo-project)
2025-10-18T15:43:10.981Z expo:start:server:metro:router Using app as the root directory for Expo Router.
2025-10-18T15:43:13.098Z expo:start:server:middleware:manifest Resolved entry point: index.ts (project root: /expo-project)
2025-10-18T15:43:13.098Z expo:start:server:metro:router Using app as the root directory for Expo Router.
2025-10-18T15:43:15.204Z expo:start:server:middleware:manifest Resolved entry point: index.ts (project root: /expo-project)
2025-10-18T15:43:15.205Z expo:start:server:metro:router Using app as the root directory for Expo Router.
2025-10-18T15:43:17.306Z expo:start:server:middleware:manifest Resolved entry point: index.ts (project root: /expo-project)
2025-10-18T15:43:17.306Z expo:start:server:metro:router Using app as the root directory for Expo Router.
2025-10-18T15:43:19.409Z expo:start:server:middleware:manifest Resolved entry point: index.ts (project root: /expo-project)
2025-10-18T15:43:19.409Z expo:start:server:metro:router Using app as the root directory for Expo Router.
2025-10-18T15:43:21.494Z expo:start:server:middleware:manifest Resolved entry point: index.ts (project root: /expo-project)
2025-10-18T15:43:21.494Z expo:start:server:metro:router Using app as the root directory for Expo Router.
2025-10-18T15:43:23.598Z expo:start:server:middleware:manifest Resolved entry point: index.ts (project root: /expo-project)
2025-10-18T15:43:23.598Z expo:start:server:metro:router Using app as the root directory for Expo Router.
2025-10-18T15:43:25.705Z expo:start:server:middleware:manifest Resolved entry point: index.ts (project root: /expo-project)
2025-10-18T15:43:25.705Z expo:start:server:metro:router Using app as the root directory for Expo Router.
2025-10-18T15:43:26.774Z expo:start:server:metro:metroWatchTypeScriptFiles Detected TypeScript file changed in the project:  /expo-project/app/grammar/[id].tsx
2025-10-18T15:43:27.793Z expo:start:server:middleware:manifest Resolved entry point: index.ts (project root: /expo-project)
2025-10-18T15:43:27.793Z expo:start:server:metro:router Using app as the root directory for Expo Router.
2025-10-18T15:43:29.890Z expo:start:server:middleware:manifest Resolved entry point: index.ts (project root: /expo-project)
2025-10-18T15:43:29.890Z expo:start:server:metro:router Using app as the root directory for Expo Router.
2025-10-18T15:43:31.993Z expo:start:server:middleware:manifest Resolved entry point: index.ts (project root: /expo-project)
2025-10-18T15:43:31.993Z expo:start:server:metro:router Using app as the root directory for Expo Router.
2025-10-18T15:43:34.091Z expo:start:server:middleware:manifest Resolved entry point: index.ts (project root: /expo-project)
2025-10-18T15:43:34.091Z expo:start:server:metro:router Using app as the root directory for Expo Router.
2025-10-18T15:43:36.185Z expo:start:server:middleware:manifest Resolved entry point: index.ts (project root: /expo-project)
2025-10-18T15:43:36.185Z expo:start:server:metro:router Using app as the root directory for Expo Router.
2025-10-18T15:43:38.146Z expo:start:server:metro:metroWatchTypeScriptFiles Detected TypeScript file changed in the project:  /expo-project/app/_layout.tsx
2025-10-18T15:43:38.271Z expo:start:server:middleware:manifest Resolved entry point: index.ts (project root: /expo-project)
2025-10-18T15:43:38.271Z expo:start:server:metro:router Using app as the root directory for Expo Router.
2025-10-18T15:43:40.378Z expo:start:server:middleware:manifest Resolved entry point: index.ts (project root: /expo-project)
2025-10-18T15:43:40.378Z expo:start:server:metro:router Using app as the root directory for Expo Router.
2025-10-18T15:43:42.488Z expo:start:server:middleware:manifest Resolved entry point: index.ts (project root: /expo-project)
2025-10-18T15:43:42.488Z expo:start:server:metro:router Using app as the root directory for Expo Router.
2025-10-18T15:43:44.576Z expo:start:server:middleware:manifest Resolved entry point: index.ts (project root: /expo-project)
2025-10-18T15:43:44.577Z expo:start:server:metro:router Using app as the root directory for Expo Router.
2025-10-18T15:43:46.680Z expo:start:server:middleware:manifest Resolved entry point: index.ts (project root: /expo-project)
2025-10-18T15:43:46.680Z expo:start:server:metro:router Using app as the root directory for Expo Router.
2025-10-18T15:43:48.802Z expo:start:server:middleware:manifest Resolved entry point: index.ts (project root: /expo-project)
2025-10-18T15:43:48.802Z expo:start:server:metro:router Using app as the root directory for Expo Router.
2025-10-18T15:43:50.899Z expo:start:server:middleware:manifest Resolved entry point: index.ts (project root: /expo-project)
2025-10-18T15:43:50.899Z expo:start:server:metro:router Using app as the root directory for Expo Router.
2025-10-18T15:43:53.012Z expo:start:server:middleware:manifest Resolved entry point: index.ts (project root: /expo-project)
2025-10-18T15:43:53.012Z expo:start:server:metro:router Using app as the root directory for Expo Router.
2025-10-18T15:43:55.116Z expo:start:server:middleware:manifest Resolved entry point: index.ts (project root: /expo-project)
2025-10-18T15:43:55.116Z expo:start:server:metro:router Using app as the root directory for Expo Router.
2025-10-18T15:43:57.216Z expo:start:server:middleware:manifest Resolved entry point: index.ts (project root: /expo-project)
2025-10-18T15:43:57.216Z expo:start:server:metro:router Using app as the root directory for Expo Router.
2025-10-18T15:43:59.316Z expo:start:server:middleware:manifest Resolved entry point: index.ts (project root: /expo-project)
2025-10-18T15:43:59.317Z expo:start:server:metro:router Using app as the root directory for Expo Router.
2025-10-18T15:44:01.418Z expo:start:server:middleware:manifest Resolved entry point: index.ts (project root: /expo-project)
2025-10-18T15:44:01.418Z expo:start:server:metro:router Using app as the root directory for Expo Router.
2025-10-18T15:44:03.513Z expo:start:server:middleware:manifest Resolved entry point: index.ts (project root: /expo-project)
2025-10-18T15:44:03.513Z expo:start:server:metro:router Using app as the root directory for Expo Router.
2025-10-18T15:44:05.600Z expo:start:server:middleware:manifest Resolved entry point: index.ts (project root: /expo-project)
2025-10-18T15:44:05.600Z expo:start:server:metro:router Using app as the root directory for Expo Router.
2025-10-18T15:44:07.706Z expo:start:server:middleware:manifest Resolved entry point: index.ts (project root: /expo-project)
2025-10-18T15:44:07.706Z expo:start:server:metro:router Using app as the root directory for Expo Router.
2025-10-18T15:44:09.812Z expo:start:server:middleware:manifest Resolved entry point: index.ts (project root: /expo-project)
2025-10-18T15:44:09.812Z expo:start:server:metro:router Using app as the root directory for Expo Router.
2025-10-18T15:44:11.900Z expo:start:server:middleware:manifest Resolved entry point: index.ts (project root: /expo-project)
2025-10-18T15:44:11.900Z expo:start:server:metro:router Using app as the root directory for Expo Router.
2025-10-18T15:44:13.636Z expo:start:server:middleware:serveStatic Maybe serve static: /profile
2025-10-18T15:44:13.654Z expo:start:server:middleware:manifest Resolved entry point: index.ts (project root: /expo-project)
2025-10-18T15:44:13.654Z expo:start:server:metro:router Using app as the root directory for Expo Router.
Web ./index.ts ░░░░░░░░░░░░░░░░  0.0% (0/1)
2025-10-18T15:44:13.850Z expo:start:server:metro:multi-platform Skipping production module: ./cjs/react.production.js
2025-10-18T15:44:13.851Z expo:start:server:metro:multi-platform Skipping production module: ./cjs/react-jsx-dev-runtime.production.js
2025-10-18T15:44:13.868Z expo:start:server:metro:multi-platform Redirecting module "/expo-project/node_modules/react-native-web/dist/exports/BackHandler/index.js" to shim
2025-10-18T15:44:14.059Z expo:start:server:middleware:manifest Resolved entry point: index.ts (project root: /expo-project)
2025-10-18T15:44:14.059Z expo:start:server:metro:router Using app as the root directory for Expo Router.
2025-10-18T15:44:14.111Z expo:start:server:metro:multi-platform Redirecting module "/expo-project/node_modules/react-native-web/dist/exports/AppRegistry/AppContainer.js" to shim
2025-10-18T15:44:14.112Z expo:start:server:metro:multi-platform Skipping production module: ./cjs/react-dom-client.production.js
2025-10-18T15:44:14.184Z expo:metro:withMetroResolvers Custom resolver (requestPostRewrites) threw: FailedToResolvePathError. (module: ../integrations/supabase/client, platform: web, env: undefined, origin: /expo-project/utils/sync.ts)
2025-10-18T15:44:14.185Z expo:metro:withMetroResolvers Custom resolver (requestPostRewrites) threw: FailedToResolvePathError. (module: ../integrations/supabase/client, platform: web, env: undefined, origin: /expo-project/utils/sync.ts)
2025-10-18T15:44:14.193Z expo:metro:withMetroResolvers Number of explored stacks: 1
2025-10-18T15:44:14.194Z expo:metro:withMetroResolvers Found inverse graph: {
  "frames": [
    {
      "origin": "/expo-project/utils/sync.ts",
      "request": "../integrations/supabase/client"
    },
    {
      "origin": "/expo-project/app/(tabs)/profile.tsx",
      "request": "../../utils/sync"
    },
    {
      "origin": "/expo-project/app?ctx=c9915d5ced2b656047aa496292a87964b21f4221",
      "request": "/expo-project/app/(tabs)/profile.tsx"
    }
  ]
}
2025-10-18T15:44:14.200Z expo:start:server:metro:multi-platform Skipping production module: ./cjs/react-jsx-runtime.production.js
2025-10-18T15:44:14.252Z expo:start:server:metro:multi-platform Skipping production module: ./cjs/react-dom.production.js
2025-10-18T15:44:14.305Z expo:start:server:metro:multi-platform Skipping production module: ./cjs/react-is.production.js
2025-10-18T15:44:14.521Z expo:start:server:metro:multi-platform Skipping production module: ./cjs/scheduler.production.js
2025-10-18T15:44:14.587Z expo:start:server:metro:multi-platform Skipping production module: ./cjs/react-refresh-runtime.production.min.js
2025-10-18T15:44:14.750Z expo:start:server:metro:multi-platform Redirecting module "/expo-project/node_modules/react-native-web/dist/exports/BackHandler/index.js" to shim
2025-10-18T15:44:14.761Z expo:start:server:metro:multi-platform Skipping production module: ./cjs/react-is.production.min.js
Web Bundling failed 1031ms index.ts (1310 modules)
Unable to resolve "../integrations/supabase/client" from "utils/sync.ts"
[0m [90m 1 |[39m
[31m[1m>[22m[39m[90m 2 |[39m [36mimport[39m { supabase } [36mfrom[39m [32m'@/integrations/supabase/client'[39m[33m;[39m
 [90m   |[39m [31m[1m^[22m[39m[31m[1m^[22m[39m[31m[1m^[22m[39m[31m[1m^[22m[39m[31m[1m^[22m[39m[31m[1m^[22m[39m[31m[1m^[22m[39m[31m[1m^[22m[39m[31m[1m^[22m[39m[31m[1m^[22m[39m[31m[1m^[22m[39m[31m[1m^[22m[39m[31m[1m^[22m[39m[31m[1m^[22m[39m[31m[1m^[22m[39m[31m[1m^[22m[39m[31m[1m^[22m[39m[31m[1m^[22m[39m[31m[1m^[22m[39m[31m[1m^[22m[39m[31m[1m^[22m[39m[31m[1m^[22m[39m[31m[1m^[22m[39m[31m[1m^[22m[39m[31m[1m^[22m[39m[31m[1m^[22m[39m[31m[1m^[22m[39m[31m[1m^[22m[39m[31m[1m^[22m[39m[31m[1m^[22m[39m[31m[1m^[22m[39m[31m[1m^[22m[39m[31m[1m^[22m[39m[31m[1m^[22m[39m[31m[1m^[22m[39m[31m[1m^[22m[39m[31m[1m^[22m[39m[31m[1m^[22m[39m[31m[1m^[22m[39m[31m[1m^[22m[39m[31m[1m^[22m[39m[31m[1m^[22m[39m[31m[1m^[22m[39m[31m[1m^[22m[39m[31m[1m^[22m[39m[31m[1m^[22m[39m[31m[1m^[22m[39m[31m[1m^[22m[39m[31m[1m^[22m[39m[31m[1m^[22m[39m[31m[1m^[22m[39m[31m[1m^[22m[39m[31m[1m^[22m[39m[31m[1m^[22m[39m[31m[1m^[22m[39m[31m[1m^[22m[39m[31m[1m^[22m[39m[31m[1m^[22m[39m
 [90m 3 |[39m [36mimport[39m { [33mPlatform[39m } [36mfrom[39m [32m'react-native'[39m[33m;[39m
 [90m 4 |[39m [36mimport[39m {
 [90m 5 |[39m   getAllFlashcards[33m,[39m[0m

Import stack:

 utils/sync.ts
 | import "../integrations/supabase/client"

 app/(tabs)/profile.tsx
 | import "../../utils/sync"

 app (require.context)

2025-10-18T15:44:16.273Z expo:start:server:middleware:manifest Resolved entry point: index.ts (project root: /expo-project)
2025-10-18T15:44:16.273Z expo:start:server:metro:router Using app as the root directory for Expo Router.
2025-10-18T15:44:18.378Z expo:start:server:middleware:manifest Resolved entry point: index.ts (project root: /expo-project)
2025-10-18T15:44:18.378Z expo:start:server:metro:router Using app as the root directory for Expo Router.
2025-10-18T15:44:20.479Z expo:start:server:middleware:manifest Resolved entry point: index.ts (project root: /expo-project)
2025-10-18T15:44:20.479Z expo:start:server:metro:router Using app as the root directory for Expo Router.
2025-10-18T15:44:22.586Z expo:start:server:middleware:manifest Resolved entry point: index.ts (project root: /expo-project)
2025-10-18T15:44:22.586Z expo:start:server:metro:router Using app as the root directory for Expo Router.
2025-10-18T15:44:24.692Z expo:start:server:middleware:manifest Resolved entry point: index.ts (project root: /expo-project)
2025-10-18T15:44:24.692Z expo:start:server:metro:router Using app as the root directory for Expo Router.
2025-10-18T15:44:26.793Z expo:start:server:middleware:manifest Resolved entry point: index.ts (project root: /expo-project)
2025-10-18T15:44:26.793Z expo:start:server:metro:router Using app as the root directory for Expo Router.
2025-10-18T15:44:28.894Z expo:start:server:middleware:manifest Resolved entry point: index.ts (project root: /expo-project)
2025-10-18T15:44:28.894Z expo:start:server:metro:router Using app as the root directory for Expo Router.
2025-10-18T15:44:30.992Z expo:start:server:middleware:manifest Resolved entry point: index.ts (project root: /expo-project)
2025-10-18T15:44:30.992Z expo:start:server:metro:router Using app as the root directory for Expo Router.
2025-10-18T15:44:33.088Z expo:start:server:middleware:manifest Resolved entry point: index.ts (project root: /expo-project)
2025-10-18T15:44:33.088Z expo:start:server:metro:router Using app as the root directory for Expo Router.
2025-10-18T15:44:35.170Z expo:start:server:middleware:manifest Resolved entry point: index.ts (project root: /expo-project)
2025-10-18T15:44:35.170Z expo:start:server:metro:router Using app as the root directory for Expo Router.
2025-10-18T15:44:37.275Z expo:start:server:middleware:manifest Resolved entry point: index.ts (project root: /expo-project)
2025-10-18T15:44:37.275Z expo:start:server:metro:router Using app as the root directory for Expo Router.
2025-10-18T15:44:39.372Z expo:start:server:middleware:manifest Resolved entry point: index.ts (project root: /expo-project)
2025-10-18T15:44:39.372Z expo:start:server:metro:router Using app as the root directory for Expo Router.
2025-10-18T15:44:41.467Z expo:start:server:middleware:manifest Resolved entry point: index.ts (project root: /expo-project)
2025-10-18T15:44:41.467Z expo:start:server:metro:router Using app as the root directory for Expo Router.
2025-10-18T15:44:43.569Z expo:start:server:middleware:manifest Resolved entry point: index.ts (project root: /expo-project)
2025-10-18T15:44:43.569Z expo:start:server:metro:router Using app as the root directory for Expo Router.
2025-10-18T15:44:45.674Z expo:start:server:middleware:manifest Resolved entry point: index.ts (project root: /expo-project)
2025-10-18T15:44:45.674Z expo:start:server:metro:router Using app as the root directory for Expo Router.
2025-10-18T15:44:47.773Z expo:start:server:middleware:manifest Resolved entry point: index.ts (project root: /expo-project)
2025-10-18T15:44:47.773Z expo:start:server:metro:router Using app as the root directory for Expo Router.
2025-10-18T15:44:49.877Z expo:start:server:middleware:manifest Resolved entry point: index.ts (project root: /expo-project)
2025-10-18T15:44:49.877Z expo:start:server:metro:router Using app as the root directory for Expo Router.
2025-10-18T15:44:51.977Z expo:start:server:middleware:manifest Resolved entry point: index.ts (project root: /expo-project)
2025-10-18T15:44:51.977Z expo:start:server:metro:router Using app as the root directory for Expo Router.
2025-10-18T15:44:54.092Z expo:start:server:middleware:manifest Resolved entry point: index.ts (project root: /expo-project)
2025-10-18T15:44:54.093Z expo:start:server:metro:router Using app as the root directory for Expo Router.
2025-10-18T15:44:56.193Z expo:start:server:middleware:manifest Resolved entry point: index.ts (project root: /expo-project)
2025-10-18T15:44:56.193Z expo:start:server:metro:router Using app as the root directory for Expo Router.
2025-10-18T15:44:58.302Z expo:start:server:middleware:manifest Resolved entry point: index.ts (project root: /expo-project)
2025-10-18T15:44:58.303Z expo:start:server:metro:router Using app as the root directory for Expo Router.
2025-10-18T15:45:00.412Z expo:start:server:middleware:manifest Resolved entry point: index.ts (project root: /expo-project)
2025-10-18T15:45:00.412Z expo:start:server:metro:router Using app as the root directory for Expo Router.
2025-10-18T15:45:02.524Z expo:start:server:middleware:manifest Resolved entry point: index.ts (project root: /expo-project)
2025-10-18T15:45:02.524Z expo:start:server:metro:router Using app as the root directory for Expo Router.
2025-10-18T15:45:04.626Z expo:start:server:middleware:manifest Resolved entry point: index.ts (project root: /expo-project)
2025-10-18T15:45:04.627Z expo:start:server:metro:router Using app as the root directory for Expo Router.
2025-10-18T15:45:06.735Z expo:start:server:middleware:manifest Resolved entry point: index.ts (project root: /expo-project)
2025-10-18T15:45:06.735Z expo:start:server:metro:router Using app as the root directory for Expo Router.
2025-10-18T15:45:08.833Z expo:start:server:middleware:manifest Resolved entry point: index.ts (project root: /expo-project)
2025-10-18T15:45:08.833Z expo:start:server:metro:router Using app as the root directory for Expo Router.
2025-10-18T15:45:10.921Z expo:start:server:middleware:manifest Resolved entry point: index.ts (project root: /expo-project)
2025-10-18T15:45:10.921Z expo:start:server:metro:router Using app as the root directory for Expo Router.
2025-10-18T15:45:13.020Z expo:start:server:middleware:manifest Resolved entry point: index.ts (project root: /expo-project)
2025-10-18T15:45:13.020Z expo:start:server:metro:router Using app as the root directory for Expo Router.
2025-10-18T15:45:15.110Z expo:start:server:middleware:manifest Resolved entry point: index.ts (project root: /expo-project)
2025-10-18T15:45:15.111Z expo:start:server:metro:router Using app as the root directory for Expo Router.
2025-10-18T15:45:17.198Z expo:start:server:middleware:manifest Resolved entry point: index.ts (project root: /expo-project)
2025-10-18T15:45:17.199Z expo:start:server:metro:router Using app as the root directory for Expo Router.
2025-10-18T15:45:19.295Z expo:start:server:middleware:manifest Resolved entry point: index.ts (project root: /expo-project)
2025-10-18T15:45:19.295Z expo:start:server:metro:router Using app as the root directory for Expo Router.
2025-10-18T15:45:21.393Z expo:start:server:middleware:manifest Resolved entry point: index.ts (project root: /expo-project)
2025-10-18T15:45:21.393Z expo:start:server:metro:router Using app as the root directory for Expo Router.
2025-10-18T15:45:23.503Z expo:start:server:middleware:manifest Resolved entry point: index.ts (project root: /expo-project)
2025-10-18T15:45:23.503Z expo:start:server:metro:router Using app as the root directory for Expo Router.
2025-10-18T15:45:25.605Z expo:start:server:middleware:manifest Resolved entry point: index.ts (project root: /expo-project)
2025-10-18T15:45:25.605Z expo:start:server:metro:router Using app as the root directory for Expo Router.
2025-10-18T15:45:27.716Z expo:start:server:middleware:manifest Resolved entry point: index.ts (project root: /expo-project)
2025-10-18T15:45:27.716Z expo:start:server:metro:router Using app as the root directory for Expo Router.
2025-10-18T15:45:29.816Z expo:start:server:middleware:manifest Resolved entry point: index.ts (project root: /expo-project)
2025-10-18T15:45:29.816Z expo:start:server:metro:router Using app as the root directory for Expo Router.
2025-10-18T15:45:31.925Z expo:start:server:middleware:manifest Resolved entry point: index.ts (project root: /expo-project)
2025-10-18T15:45:31.925Z expo:start:server:metro:router Using app as the root directory for Expo Router.
2025-10-18T15:45:34.034Z expo:start:server:middleware:manifest Resolved entry point: index.ts (project root: /expo-project)
2025-10-18T15:45:34.034Z expo:start:server:metro:router Using app as the root directory for Expo Router.
2025-10-18T15:45:36.128Z expo:start:server:middleware:manifest Resolved entry point: index.ts (project root: /expo-project)
2025-10-18T15:45:36.128Z expo:start:server:metro:router Using app as the root directory for Expo Router.
2025-10-18T15:45:38.242Z expo:start:server:middleware:manifest Resolved entry point: index.ts (project root: /expo-project)
2025-10-18T15:45:38.242Z expo:start:server:metro:router Using app as the root directory for Expo Router.
2025-10-18T15:45:40.348Z expo:start:server:middleware:manifest Resolved entry point: index.ts (project root: /expo-project)
2025-10-18T15:45:40.348Z expo:start:server:metro:router Using app as the root directory for Expo Router.
2025-10-18T15:45:42.455Z expo:start:server:middleware:manifest Resolved entry point: index.ts (project root: /expo-project)
2025-10-18T15:45:42.455Z expo:start:server:metro:router Using app as the root directory for Expo Router.
2025-10-18T15:45:44.553Z expo:start:server:middleware:manifest Resolved entry point: index.ts (project root: /expo-project)
2025-10-18T15:45:44.553Z expo:start:server:metro:router Using app as the root directory for Expo Router.
2025-10-18T15:45:46.663Z expo:start:server:middleware:manifest Resolved entry point: index.ts (project root: /expo-project)
2025-10-18T15:45:46.663Z expo:start:server:metro:router Using app as the root directory for Expo Router.
2025-10-18T15:45:48.767Z expo:start:server:middleware:manifest Resolved entry point: index.ts (project root: /expo-project)
2025-10-18T15:45:48.767Z expo:start:server:metro:router Using app as the root directory for Expo Router.
2025-10-18T15:45:50.872Z expo:start:server:middleware:manifest Resolved entry point: index.ts (project root: /expo-project)
2025-10-18T15:45:50.872Z expo:start:server:metro:router Using app as the root directory for Expo Router.
2025-10-18T15:45:52.976Z expo:start:server:middleware:manifest Resolved entry point: index.ts (project root: /expo-project)
2025-10-18T15:45:52.976Z expo:start:server:metro:router Using app as the root directory for Expo Router.
2025-10-18T15:45:55.100Z expo:start:server:middleware:manifest Resolved entry point: index.ts (project root: /expo-project)
2025-10-18T15:45:55.100Z expo:start:server:metro:router Using app as the root directory for Expo Router.
2025-10-18T15:45:57.206Z expo:start:server:middleware:manifest Resolved entry point: index.ts (project root: /expo-project)
2025-10-18T15:45:57.211Z expo:start:server:metro:router Using app as the root directory for Expo Router.
2025-10-18T15:45:59.314Z expo:start:server:middleware:manifest Resolved entry point: index.ts (project root: /expo-project)
2025-10-18T15:45:59.315Z expo:start:server:metro:router Using app as the root directory for Expo Router.
2025-10-18T15:46:01.414Z expo:start:server:middleware:manifest Resolved entry point: index.ts (project root: /expo-project)
2025-10-18T15:46:01.414Z expo:start:server:metro:router Using app as the root directory for Expo Router.
2025-10-18T15:46:03.536Z expo:start:server:middleware:manifest Resolved entry point: index.ts (project root: /expo-project)
2025-10-18T15:46:03.536Z expo:start:server:metro:router Using app as the root directory for Expo Router.
2025-10-18T15:46:05.638Z expo:start:server:middleware:manifest Resolved entry point: index.ts (project root: /expo-project)
2025-10-18T15:46:05.638Z expo:start:server:metro:router Using app as the root directory for Expo Router.
2025-10-18T15:46:07.728Z expo:start:server:middleware:manifest Resolved entry point: index.ts (project root: /expo-project)
2025-10-18T15:46:07.728Z expo:start:server:metro:router Using app as the root directory for Expo Router.
2025-10-18T15:46:09.828Z expo:start:server:middleware:manifest Resolved entry point: index.ts (project root: /expo-project)
2025-10-18T15:46:09.828Z expo:start:server:metro:router Using app as the root directory for Expo Router.
2025-10-18T15:46:11.922Z expo:start:server:middleware:manifest Resolved entry point: index.ts (project root: /expo-project)
2025-10-18T15:46:11.922Z expo:start:server:metro:router Using app as the root directory for Expo Router.
2025-10-18T15:46:14.005Z expo:start:server:middleware:manifest Resolved entry point: index.ts (project root: /expo-project)
2025-10-18T15:46:14.005Z expo:start:server:metro:router Using app as the root directory for Expo Router.
2025-10-18T15:46:16.108Z expo:start:server:middleware:manifest Resolved entry point: index.ts (project root: /expo-project)
2025-10-18T15:46:16.109Z expo:start:server:metro:router Using app as the root directory for Expo Router.
2025-10-18T15:46:18.214Z expo:start:server:middleware:manifest Resolved entry point: index.ts (project root: /expo-project)
2025-10-18T15:46:18.214Z expo:start:server:metro:router Using app as the root directory for Expo Router.
2025-10-18T15:46:20.303Z expo:start:server:middleware:manifest Resolved entry point: index.ts (project root: /expo-project)
2025-10-18T15:46:20.303Z expo:start:server:metro:router Using app as the root directory for Expo Router.
2025-10-18T15:46:22.405Z expo:start:server:middleware:manifest Resolved entry point: index.ts (project root: /expo-project)
2025-10-18T15:46:22.405Z expo:start:server:metro:router Using app as the root directory for Expo Router.
2025-10-18T15:46:24.492Z expo:start:server:middleware:manifest Resolved entry point: index.ts (project root: /expo-project)
2025-10-18T15:46:24.492Z expo:start:server:metro:router Using app as the root directory for Expo Router.
2025-10-18T15:46:26.602Z expo:start:server:middleware:manifest Resolved entry point: index.ts (project root: /expo-project)
2025-10-18T15:46:26.602Z expo:start:server:metro:router Using app as the root directory for Expo Router.
2025-10-18T15:46:28.719Z expo:start:server:middleware:manifest Resolved entry point: index.ts (project root: /expo-project)
2025-10-18T15:46:28.719Z expo:start:server:metro:router Using app as the root directory for Expo Router.
2025-10-18T15:46:29.365Z expo:start:server:middleware:manifest Resolved entry point: index.ts (project root: /expo-project)
2025-10-18T15:46:29.365Z expo:start:server:metro:router Using app as the root directory for Expo Router.
2025-10-18T15:46:29.861Z expo:start:server:middleware:manifest Resolved entry point: index.ts (project root: /expo-project)
2025-10-18T15:46:29.861Z expo:start:server:metro:router Using app as the root directory for Expo Router.
Web ./index.ts ░░░░░░░░░░░░░░░░  0.0% (0/1)
2025-10-18T15:46:30.039Z expo:start:server:metro:multi-platform Skipping production module: ./cjs/react.production.js
2025-10-18T15:46:30.046Z expo:start:server:metro:multi-platform Redirecting module "/expo-project/node_modules/react-native-web/dist/exports/BackHandler/index.js" to shim
2025-10-18T15:46:30.067Z expo:start:server:metro:multi-platform Skipping production module: ./cjs/react-jsx-dev-runtime.production.js
2025-10-18T15:46:30.196Z expo:start:server:metro:multi-platform Skipping production module: ./cjs/react-dom-client.production.js
2025-10-18T15:46:30.210Z expo:start:server:metro:multi-platform Redirecting module "/expo-project/node_modules/react-native-web/dist/exports/AppRegistry/AppContainer.js" to shim
2025-10-18T15:46:30.356Z expo:start:server:metro:multi-platform Skipping production module: ./cjs/react-dom.production.js
2025-10-18T15:46:30.365Z expo:start:server:metro:multi-platform Skipping production module: ./cjs/react-jsx-runtime.production.js
2025-10-18T15:46:30.421Z expo:metro:withMetroResolvers Custom resolver (requestPostRewrites) threw: FailedToResolvePathError. (module: ../integrations/supabase/client, platform: web, env: undefined, origin: /expo-project/utils/sync.ts)
2025-10-18T15:46:30.421Z expo:metro:withMetroResolvers Custom resolver (requestPostRewrites) threw: FailedToResolvePathError. (module: ../integrations/supabase/client, platform: web, env: undefined, origin: /expo-project/utils/sync.ts)
2025-10-18T15:46:30.424Z expo:metro:withMetroResolvers Number of explored stacks: 2
2025-10-18T15:46:30.425Z expo:metro:withMetroResolvers Found inverse graph: {
  "frames": [
    {
      "origin": "/expo-project/utils/sync.ts",
      "request": "../integrations/supabase/client"
    },
    {
      "origin": "/expo-project/app/(tabs)/profile.tsx",
      "request": "../../utils/sync"
    },
    {
      "origin": "/expo-project/app?ctx=c9915d5ced2b656047aa496292a87964b21f4221",
      "request": "/expo-project/app/(tabs)/profile.tsx"
    }
  ],
  "serverRoot": true
}
2025-10-18T15:46:30.471Z expo:start:server:metro:multi-platform Skipping production module: ./cjs/react-is.production.js
2025-10-18T15:46:30.711Z expo:start:server:metro:multi-platform Skipping production module: ./cjs/scheduler.production.js
2025-10-18T15:46:30.730Z expo:start:server:metro:multi-platform Skipping production module: ./cjs/react-refresh-runtime.production.min.js
2025-10-18T15:46:30.846Z expo:start:server:middleware:manifest Resolved entry point: index.ts (project root: /expo-project)
2025-10-18T15:46:30.846Z expo:start:server:metro:router Using app as the root directory for Expo Router.
2025-10-18T15:46:30.848Z expo:start:server:metro:multi-platform Skipping production module: ./cjs/react-is.production.min.js
2025-10-18T15:46:30.853Z expo:start:server:metro:multi-platform Redirecting module "/expo-project/node_modules/react-native-web/dist/exports/BackHandler/index.js" to shim
Web Bundling failed 906ms index.ts (1324 modules)
Unable to resolve "../integrations/supabase/client" from "utils/sync.ts"
[0m [90m 1 |[39m
[31m[1m>[22m[39m[90m 2 |[39m [36mimport[39m { supabase } [36mfrom[39m [32m'@/integrations/supabase/client'[39m[33m;[39m
 [90m   |[39m [31m[1m^[22m[39m[31m[1m^[22m[39m[31m[1m^[22m[39m[31m[1m^[22m[39m[31m[1m^[22m[39m[31m[1m^[22m[39m[31m[1m^[22m[39m[31m[1m^[22m[39m[31m[1m^[22m[39m[31m[1m^[22m[39m[31m[1m^[22m[39m[31m[1m^[22m[39m[31m[1m^[22m[39m[31m[1m^[22m[39m[31m[1m^[22m[39m[31m[1m^[22m[39m[31m[1m^[22m[39m[31m[1m^[22m[39m[31m[1m^[22m[39m[31m[1m^[22m[39m[31m[1m^[22m[39m[31m[1m^[22m[39m[31m[1m^[22m[39m[31m[1m^[22m[39m[31m[1m^[22m[39m[31m[1m^[22m[39m[31m[1m^[22m[39m[31m[1m^[22m[39m[31m[1m^[22m[39m[31m[1m^[22m[39m[31m[1m^[22m[39m[31m[1m^[22m[39m[31m[1m^[22m[39m[31m[1m^[22m[39m[31m[1m^[22m[39m[31m[1m^[22m[39m[31m[1m^[22m[39m[31m[1m^[22m[39m[31m[1m^[22m[39m[31m[1m^[22m[39m[31m[1m^[22m[39m[31m[1m^[22m[39m[31m[1m^[22m[39m[31m[1m^[22m[39m[31m[1m^[22m[39m[31m[1m^[22m[39m[31m[1m^[22m[39m[31m[1m^[22m[39m[31m[1m^[22m[39m[31m[1m^[22m[39m[31m[1m^[22m[39m[31m[1m^[22m[39m[31m[1m^[22m[39m[31m[1m^[22m[39m[31m[1m^[22m[39m[31m[1m^[22m[39m[31m[1m^[22m[39m[31m[1m^[22m[39m
 [90m 3 |[39m [36mimport[39m { [33mPlatform[39m } [36mfrom[39m [32m'react-native'[39m[33m;[39m
 [90m 4 |[39m [36mimport[39m {
 [90m 5 |[39m   getAllFlashcards[33m,[39m[0m

Import stack:

 utils/sync.ts
 | import "../integrations/supabase/client"

 app/(tabs)/profile.tsx
 | import "../../utils/sync"

 app (require.context)

2025-10-18T15:46:32.985Z expo:start:server:middleware:manifest Resolved entry point: index.ts (project root: /expo-project)
2025-10-18T15:46:32.986Z expo:start:server:metro:router Using app as the root directory for Expo Router.
2025-10-18T15:46:35.086Z expo:start:server:middleware:manifest Resolved entry point: index.ts (project root: /expo-project)
2025-10-18T15:46:35.086Z expo:start:server:metro:router Using app as the root directory for Expo Router.
2025-10-18T15:46:37.187Z expo:start:server:middleware:manifest Resolved entry point: index.ts (project root: /expo-project)
2025-10-18T15:46:37.188Z expo:start:server:metro:router Using app as the root directory for Expo Router.
2025-10-18T15:46:39.273Z expo:start:server:middleware:manifest Resolved entry point: index.ts (project root: /expo-project)
2025-10-18T15:46:39.274Z expo:start:server:metro:router Using app as the root directory for Expo Router.
2025-10-18T15:46:41.393Z expo:start:server:middleware:manifest Resolved entry point: index.ts (project root: /expo-project)
2025-10-18T15:46:41.393Z expo:start:server:metro:router Using app as the root directory for Expo Router.
2025-10-18T15:46:43.495Z expo:start:server:middleware:manifest Resolved entry point: index.ts (project root: /expo-project)
2025-10-18T15:46:43.496Z expo:start:server:metro:router Using app as the root directory for Expo Router.
2025-10-18T15:46:45.580Z expo:start:server:middleware:manifest Resolved entry point: index.ts (project root: /expo-project)
2025-10-18T15:46:45.580Z expo:start:server:metro:router Using app as the root directory for Expo Router.
2025-10-18T15:46:47.686Z expo:start:server:middleware:manifest Resolved entry point: index.ts (project root: /expo-project)
2025-10-18T15:46:47.686Z expo:start:server:metro:router Using app as the root directory for Expo Router.
2025-10-18T15:46:49.781Z expo:start:server:middleware:manifest Resolved entry point: index.ts (project root: /expo-project)
2025-10-18T15:46:49.781Z expo:start:server:metro:router Using app as the root directory for Expo Router.
2025-10-18T15:46:51.890Z expo:start:server:middleware:manifest Resolved entry point: index.ts (project root: /expo-project)
2025-10-18T15:46:51.890Z expo:start:server:metro:router Using app as the root directory for Expo Router.
2025-10-18T15:46:53.985Z expo:start:server:middleware:manifest Resolved entry point: index.ts (project root: /expo-project)
2025-10-18T15:46:53.985Z expo:start:server:metro:router Using app as the root directory for Expo Router.
2025-10-18T15:46:56.090Z expo:start:server:middleware:manifest Resolved entry point: index.ts (project root: /expo-project)
2025-10-18T15:46:56.091Z expo:start:server:metro:router Using app as the root directory for Expo Router.
2025-10-18T15:46:58.190Z expo:start:server:middleware:manifest Resolved entry point: index.ts (project root: /expo-project)
2025-10-18T15:46:58.190Z expo:start:server:metro:router Using app as the root directory for Expo Router.
2025-10-18T15:47:00.274Z expo:start:server:middleware:manifest Resolved entry point: index.ts (project root: /expo-project)
2025-10-18T15:47:00.274Z expo:start:server:metro:router Using app as the root directory for Expo Router.
2025-10-18T15:47:02.379Z expo:start:server:middleware:manifest Resolved entry point: index.ts (project root: /expo-project)
2025-10-18T15:47:02.379Z expo:start:server:metro:router Using app as the root directory for Expo Router.
2025-10-18T15:47:04.494Z expo:start:server:middleware:manifest Resolved entry point: index.ts (project root: /expo-project)
2025-10-18T15:47:04.494Z expo:start:server:metro:router Using app as the root directory for Expo Router.
2025-10-18T15:47:06.596Z expo:start:server:middleware:manifest Resolved entry point: index.ts (project root: /expo-project)
2025-10-18T15:47:06.597Z expo:start:server:metro:router Using app as the root directory for Expo Router.
2025-10-18T15:47:08.699Z expo:start:server:middleware:manifest Resolved entry point: index.ts (project root: /expo-project)
2025-10-18T15:47:08.701Z expo:start:server:metro:router Using app as the root directory for Expo Router.
2025-10-18T15:47:10.791Z expo:start:server:middleware:manifest Resolved entry point: index.ts (project root: /expo-project)
2025-10-18T15:47:10.791Z expo:start:server:metro:router Using app as the root directory for Expo Router.
2025-10-18T15:47:12.893Z expo:start:server:middleware:manifest Resolved entry point: index.ts (project root: /expo-project)
2025-10-18T15:47:12.894Z expo:start:server:metro:router Using app as the root directory for Expo Router.
2025-10-18T15:47:14.998Z expo:start:server:middleware:manifest Resolved entry point: index.ts (project root: /expo-project)
2025-10-18T15:47:14.998Z expo:start:server:metro:router Using app as the root directory for Expo Router.
2025-10-18T15:47:17.102Z expo:start:server:middleware:manifest Resolved entry point: index.ts (project root: /expo-project)
2025-10-18T15:47:17.102Z expo:start:server:metro:router Using app as the root directory for Expo Router.
2025-10-18T15:47:19.200Z expo:start:server:middleware:manifest Resolved entry point: index.ts (project root: /expo-project)
2025-10-18T15:47:19.200Z expo:start:server:metro:router Using app as the root directory for Expo Router.
2025-10-18T15:47:21.013Z expo:start:server:metro:metroWatchTypeScriptFiles Detected TypeScript file changed in the project:  /expo-project/app/(tabs)/(home)/index.tsx
2025-10-18T15:47:21.297Z expo:start:server:middleware:manifest Resolved entry point: index.ts (project root: /expo-project)
2025-10-18T15:47:21.297Z expo:start:server:metro:router Using app as the root directory for Expo Router.
2025-10-18T15:47:23.401Z expo:start:server:middleware:manifest Resolved entry point: index.ts (project root: /expo-project)
2025-10-18T15:47:23.401Z expo:start:server:metro:router Using app as the root directory for Expo Router.
2025-10-18T15:47:25.504Z expo:start:server:middleware:manifest Resolved entry point: index.ts (project root: /expo-project)
2025-10-18T15:47:25.504Z expo:start:server:metro:router Using app as the root directory for Expo Router.
2025-10-18T15:47:27.608Z expo:start:server:middleware:manifest Resolved entry point: index.ts (project root: /expo-project)
2025-10-18T15:47:27.609Z expo:start:server:metro:router Using app as the root directory for Expo Router.
2025-10-18T15:47:29.711Z expo:start:server:middleware:manifest Resolved entry point: index.ts (project root: /expo-project)
2025-10-18T15:47:29.711Z expo:start:server:metro:router Using app as the root directory for Expo Router.
2025-10-18T15:47:31.814Z expo:start:server:middleware:manifest Resolved entry point: index.ts (project root: /expo-project)
2025-10-18T15:47:31.814Z expo:start:server:metro:router Using app as the root directory for Expo Router.
2025-10-18T15:47:33.911Z expo:start:server:middleware:manifest Resolved entry point: index.ts (project root: /expo-project)
2025-10-18T15:47:33.911Z expo:start:server:metro:router Using app as the root directory for Expo Router.
2025-10-18T15:47:36.013Z expo:start:server:middleware:manifest Resolved entry point: index.ts (project root: /expo-project)
2025-10-18T15:47:36.013Z expo:start:server:metro:router Using app as the root directory for Expo Router.
2025-10-18T15:47:38.103Z expo:start:server:middleware:manifest Resolved entry point: index.ts (project root: /expo-project)
2025-10-18T15:47:38.103Z expo:start:server:metro:router Using app as the root directory for Expo Router.
2025-10-18T15:47:40.194Z expo:start:server:middleware:manifest Resolved entry point: index.ts (project root: /expo-project)
2025-10-18T15:47:40.195Z expo:start:server:metro:router Using app as the root directory for Expo Router.
2025-10-18T15:47:42.294Z expo:start:server:middleware:manifest Resolved entry point: index.ts (project root: /expo-project)
2025-10-18T15:47:42.294Z expo:start:server:metro:router Using app as the root directory for Expo Router.
2025-10-18T15:47:44.378Z expo:start:server:middleware:manifest Resolved entry point: index.ts (project root: /expo-project)
2025-10-18T15:47:44.379Z expo:start:server:metro:router Using app as the root directory for Expo Router.
2025-10-18T15:47:46.566Z expo:start:server:middleware:manifest Resolved entry point: index.ts (project root: /expo-project)
2025-10-18T15:47:46.566Z expo:start:server:metro:router Using app as the root directory for Expo Router.
2025-10-18T15:47:48.666Z expo:start:server:middleware:manifest Resolved entry point: index.ts (project root: /expo-project)
2025-10-18T15:47:48.666Z expo:start:server:metro:router Using app as the root directory for Expo Router.
2025-10-18T15:47:50.767Z expo:start:server:middleware:manifest Resolved entry point: index.ts (project root: /expo-project)
2025-10-18T15:47:50.768Z expo:start:server:metro:router Using app as the root directory for Expo Router.
2025-10-18T15:47:52.868Z expo:start:server:middleware:manifest Resolved entry point: index.ts (project root: /expo-project)
2025-10-18T15:47:52.868Z expo:start:server:metro:router Using app as the root directory for Expo Router.
2025-10-18T15:47:54.964Z expo:start:server:middleware:manifest Resolved entry point: index.ts (project root: /expo-project)
2025-10-18T15:47:54.964Z expo:start:server:metro:router Using app as the root directory for Expo Router.
2025-10-18T15:47:57.066Z expo:start:server:middleware:manifest Resolved entry point: index.ts (project root: /expo-project)
2025-10-18T15:47:57.067Z expo:start:server:metro:router Using app as the root directory for Expo Router.
2025-10-18T15:47:59.153Z expo:start:server:middleware:manifest Resolved entry point: index.ts (project root: /expo-project)
2025-10-18T15:47:59.153Z expo:start:server:metro:router Using app as the root directory for Expo Router.
2025-10-18T15:48:01.252Z expo:start:server:middleware:manifest Resolved entry point: index.ts (project root: /expo-project)
2025-10-18T15:48:01.252Z expo:start:server:metro:router Using app as the root directory for Expo Router.
2025-10-18T15:48:03.361Z expo:start:server:middleware:manifest Resolved entry point: index.ts (project root: /expo-project)
2025-10-18T15:48:03.361Z expo:start:server:metro:router Using app as the root directory for Expo Router.
2025-10-18T15:48:05.304Z expo:start:server:metro:metroWatchTypeScriptFiles Detected TypeScript file changed in the project:  /expo-project/app/scan.tsx
2025-10-18T15:48:05.466Z expo:start:server:middleware:manifest Resolved entry point: index.ts (project root: /expo-project)
2025-10-18T15:48:05.466Z expo:start:server:metro:router Using app as the root directory for Expo Router.
2025-10-18T15:48:07.568Z expo:start:server:middleware:manifest Resolved entry point: index.ts (project root: /expo-project)
2025-10-18T15:48:07.569Z expo:start:server:metro:router Using app as the root directory for Expo Router.
2025-10-18T15:48:09.673Z expo:start:server:middleware:manifest Resolved entry point: index.ts (project root: /expo-project)
2025-10-18T15:48:09.673Z expo:start:server:metro:router Using app as the root directory for Expo Router.
2025-10-18T15:48:11.775Z expo:start:server:middleware:manifest Resolved entry point: index.ts (project root: /expo-project)
2025-10-18T15:48:11.775Z expo:start:server:metro:router Using app as the root directory for Expo Router.
2025-10-18T15:48:13.895Z expo:start:server:middleware:manifest Resolved entry point: index.ts (project root: /expo-project)
2025-10-18T15:48:13.895Z expo:start:server:metro:router Using app as the root directory for Expo Router.
2025-10-18T15:48:15.981Z expo:start:server:middleware:manifest Resolved entry point: index.ts (project root: /expo-project)
2025-10-18T15:48:15.981Z expo:start:server:metro:router Using app as the root directory for Expo Router.
2025-10-18T15:48:18.088Z expo:start:server:middleware:manifest Resolved entry point: index.ts (project root: /expo-project)
2025-10-18T15:48:18.089Z expo:start:server:metro:router Using app as the root directory for Expo Router.
2025-10-18T15:48:20.189Z expo:start:server:middleware:manifest Resolved entry point: index.ts (project root: /expo-project)
2025-10-18T15:48:20.189Z expo:start:server:metro:router Using app as the root directory for Expo Router.
2025-10-18T15:48:22.275Z expo:start:server:middleware:manifest Resolved entry point: index.ts (project root: /expo-project)
2025-10-18T15:48:22.275Z expo:start:server:metro:router Using app as the root directory for Expo Router.
2025-10-18T15:48:24.374Z expo:start:server:middleware:manifest Resolved entry point: index.ts (project root: /expo-project)
2025-10-18T15:48:24.374Z expo:start:server:metro:router Using app as the root directory for Expo Router.
2025-10-18T15:48:26.480Z expo:start:server:middleware:manifest Resolved entry point: index.ts (project root: /expo-project)
2025-10-18T15:48:26.480Z expo:start:server:metro:router Using app as the root directory for Expo Router.
2025-10-18T15:48:28.583Z expo:start:server:middleware:manifest Resolved entry point: index.ts (project root: /expo-project)
2025-10-18T15:48:28.583Z expo:start:server:metro:router Using app as the root directory for Expo Router.
2025-10-18T15:48:30.687Z expo:start:server:middleware:manifest Resolved entry point: index.ts (project root: /expo-project)
2025-10-18T15:48:30.688Z expo:start:server:metro:router Using app as the root directory for Expo Router.
2025-10-18T15:48:32.793Z expo:start:server:middleware:manifest Resolved entry point: index.ts (project root: /expo-project)
2025-10-18T15:48:32.794Z expo:start:server:metro:router Using app as the root directory for Expo Router.
2025-10-18T15:48:34.898Z expo:start:server:middleware:manifest Resolved entry point: index.ts (project root: /expo-project)
2025-10-18T15:48:34.898Z expo:start:server:metro:router Using app as the root directory for Expo Router.
2025-10-18T15:48:37.004Z expo:start:server:middleware:manifest Resolved entry point: index.ts (project root: /expo-project)
2025-10-18T15:48:37.004Z expo:start:server:metro:router Using app as the root directory for Expo Router.
2025-10-18T15:48:39.093Z expo:start:server:middleware:manifest Resolved entry point: index.ts (project root: /expo-project)
2025-10-18T15:48:39.093Z expo:start:server:metro:router Using app as the root directory for Expo Router.
2025-10-18T15:48:41.202Z expo:start:server:middleware:manifest Resolved entry point: index.ts (project root: /expo-project)
2025-10-18T15:48:41.202Z expo:start:server:metro:router Using app as the root directory for Expo Router.
2025-10-18T15:48:43.306Z expo:start:server:middleware:manifest Resolved entry point: index.ts (project root: /expo-project)
2025-10-18T15:48:43.307Z expo:start:server:metro:router Using app as the root directory for Expo Router.
2025-10-18T15:48:45.416Z expo:start:server:middleware:manifest Resolved entry point: index.ts (project root: /expo-project)
2025-10-18T15:48:45.416Z expo:start:server:metro:router Using app as the root directory for Expo Router.
2025-10-18T15:48:47.523Z expo:start:server:middleware:manifest Resolved entry point: index.ts (project root: /expo-project)
2025-10-18T15:48:47.524Z expo:start:server:metro:router Using app as the root directory for Expo Router.
2025-10-18T15:48:49.623Z expo:start:server:middleware:manifest Resolved entry point: index.ts (project root: /expo-project)
2025-10-18T15:48:49.623Z expo:start:server:metro:router Using app as the root directory for Expo Router.
2025-10-18T15:48:51.709Z expo:start:server:middleware:manifest Resolved entry point: index.ts (project root: /expo-project)
2025-10-18T15:48:51.709Z expo:start:server:metro:router Using app as the root directory for Expo Router.
2025-10-18T15:48:53.813Z expo:start:server:middleware:manifest Resolved entry point: index.ts (project root: /expo-project)
2025-10-18T15:48:53.813Z expo:start:server:metro:router Using app as the root directory for Expo Router.
2025-10-18T15:48:55.917Z expo:start:server:middleware:manifest Resolved entry point: index.ts (project root: /expo-project)
2025-10-18T15:48:55.917Z expo:start:server:metro:router Using app as the root directory for Expo Router.
2025-10-18T15:48:58.015Z expo:start:server:middleware:manifest Resolved entry point: index.ts (project root: /expo-project)
2025-10-18T15:48:58.015Z expo:start:server:metro:router Using app as the root directory for Expo Router.
2025-10-18T15:49:00.116Z expo:start:server:middleware:manifest Resolved entry point: index.ts (project root: /expo-project)
2025-10-18T15:49:00.116Z expo:start:server:metro:router Using app as the root directory for Expo Router.
2025-10-18T15:49:02.201Z expo:start:server:middleware:manifest Resolved entry point: index.ts (project root: /expo-project)
2025-10-18T15:49:02.201Z expo:start:server:metro:router Using app as the root directory for Expo Router.
2025-10-18T15:49:04.310Z expo:start:server:middleware:manifest Resolved entry point: index.ts (project root: /expo-project)
2025-10-18T15:49:04.310Z expo:start:server:metro:router Using app as the root directory for Expo Router.
2025-10-18T15:49:06.415Z expo:start:server:middleware:manifest Resolved entry point: index.ts (project root: /expo-project)
2025-10-18T15:49:06.415Z expo:start:server:metro:router Using app as the root directory for Expo Router.
2025-10-18T15:49:08.519Z expo:start:server:middleware:manifest Resolved entry point: index.ts (project root: /expo-project)
2025-10-18T15:49:08.519Z expo:start:server:metro:router Using app as the root directory for Expo Router.
2025-10-18T15:49:10.613Z expo:start:server:middleware:manifest Resolved entry point: index.ts (project root: /expo-project)
2025-10-18T15:49:10.614Z expo:start:server:metro:router Using app as the root directory for Expo Router.
2025-10-18T15:49:12.701Z expo:start:server:middleware:manifest Resolved entry point: index.ts (project root: /expo-project)
2025-10-18T15:49:12.701Z expo:start:server:metro:router Using app as the root directory for Expo Router.
2025-10-18T15:49:14.795Z expo:start:server:middleware:manifest Resolved entry point: index.ts (project root: /expo-project)
2025-10-18T15:49:14.795Z expo:start:server:metro:router Using app as the root directory for Expo Router.
2025-10-18T15:49:16.897Z expo:start:server:middleware:manifest Resolved entry point: index.ts (project root: /expo-project)
2025-10-18T15:49:16.897Z expo:start:server:metro:router Using app as the root directory for Expo Router.
2025-10-18T15:49:19.003Z expo:start:server:middleware:manifest Resolved entry point: index.ts (project root: /expo-project)
2025-10-18T15:49:19.003Z expo:start:server:metro:router Using app as the root directory for Expo Router.
2025-10-18T15:49:21.106Z expo:start:server:middleware:manifest Resolved entry point: index.ts (project root: /expo-project)
2025-10-18T15:49:21.107Z expo:start:server:metro:router Using app as the root directory for Expo Router.
2025-10-18T15:49:23.205Z expo:start:server:middleware:manifest Resolved entry point: index.ts (project root: /expo-project)
2025-10-18T15:49:23.205Z expo:start:server:metro:router Using app as the root directory for Expo Router.
2025-10-18T15:49:25.306Z expo:start:server:middleware:manifest Resolved entry point: index.ts (project root: /expo-project)
2025-10-18T15:49:25.306Z expo:start:server:metro:router Using app as the root directory for Expo Router.
2025-10-18T15:49:27.410Z expo:start:server:middleware:manifest Resolved entry point: index.ts (project root: /expo-project)
2025-10-18T15:49:27.410Z expo:start:server:metro:router Using app as the root directory for Expo Router.
2025-10-18T15:49:28.278Z expo:start:server:metro:metroWatchTypeScriptFiles Detected TypeScript file changed in the project:  /expo-project/utils/database.ts
2025-10-18T15:49:29.513Z expo:start:server:middleware:manifest Resolved entry point: index.ts (project root: /expo-project)
2025-10-18T15:49:29.513Z expo:start:server:metro:router Using app as the root directory for Expo Router.
2025-10-18T15:49:31.615Z expo:start:server:middleware:manifest Resolved entry point: index.ts (project root: /expo-project)
2025-10-18T15:49:31.616Z expo:start:server:metro:router Using app as the root directory for Expo Router.
2025-10-18T15:49:33.723Z expo:start:server:middleware:manifest Resolved entry point: index.ts (project root: /expo-project)
2025-10-18T15:49:33.723Z expo:start:server:metro:router Using app as the root directory for Expo Router.
2025-10-18T15:49:35.806Z expo:start:server:middleware:manifest Resolved entry point: index.ts (project root: /expo-project)
2025-10-18T15:49:35.806Z expo:start:server:metro:router Using app as the root directory for Expo Router.
2025-10-18T15:49:37.905Z expo:start:server:middleware:manifest Resolved entry point: index.ts (project root: /expo-project)
2025-10-18T15:49:37.905Z expo:start:server:metro:router Using app as the root directory for Expo Router.
2025-10-18T15:49:39.991Z expo:start:server:middleware:manifest Resolved entry point: index.ts (project root: /expo-project)
2025-10-18T15:49:39.992Z expo:start:server:metro:router Using app as the root directory for Expo Router.
2025-10-18T15:49:42.099Z expo:start:server:middleware:manifest Resolved entry point: index.ts (project root: /expo-project)
2025-10-18T15:49:42.099Z expo:start:server:metro:router Using app as the root directory for Expo Router.
2025-10-18T15:49:44.201Z expo:start:server:middleware:manifest Resolved entry point: index.ts (project root: /expo-project)
2025-10-18T15:49:44.201Z expo:start:server:metro:router Using app as the root directory for Expo Router.
2025-10-18T15:49:46.304Z expo:start:server:middleware:manifest Resolved entry point: index.ts (project root: /expo-project)
2025-10-18T15:49:46.304Z expo:start:server:metro:router Using app as the root directory for Expo Router.
2025-10-18T15:49:48.406Z expo:start:server:middleware:manifest Resolved entry point: index.ts (project root: /expo-project)
2025-10-18T15:49:48.407Z expo:start:server:metro:router Using app as the root directory for Expo Router.
2025-10-18T15:49:50.508Z expo:start:server:middleware:manifest Resolved entry point: index.ts (project root: /expo-project)
2025-10-18T15:49:50.508Z expo:start:server:metro:router Using app as the root directory for Expo Router.
2025-10-18T15:49:52.597Z expo:start:server:middleware:manifest Resolved entry point: index.ts (project root: /expo-project)
2025-10-18T15:49:52.598Z expo:start:server:metro:router Using app as the root directory for Expo Router.
2025-10-18T15:49:54.684Z expo:start:server:middleware:manifest Resolved entry point: index.ts (project root: /expo-project)
2025-10-18T15:49:54.684Z expo:start:server:metro:router Using app as the root directory for Expo Router.
2025-10-18T15:49:56.788Z expo:start:server:middleware:manifest Resolved entry point: index.ts (project root: /expo-project)
2025-10-18T15:49:56.789Z expo:start:server:metro:router Using app as the root directory for Expo Router.
2025-10-18T15:49:58.885Z expo:start:server:middleware:manifest Resolved entry point: index.ts (project root: /expo-project)
2025-10-18T15:49:58.886Z expo:start:server:metro:router Using app as the root directory for Expo Router.
2025-10-18T15:50:00.985Z expo:start:server:middleware:manifest Resolved entry point: index.ts (project root: /expo-project)
2025-10-18T15:50:00.985Z expo:start:server:metro:router Using app as the root directory for Expo Router.
2025-10-18T15:50:02.846Z expo:start:server:metro:metroWatchTypeScriptFiles Detected TypeScript file changed in the project:  /expo-project/utils/sync.ts
2025-10-18T15:50:03.090Z expo:start:server:middleware:manifest Resolved entry point: index.ts (project root: /expo-project)
2025-10-18T15:50:03.090Z expo:start:server:metro:router Using app as the root directory for Expo Router.
2025-10-18T15:50:05.197Z expo:start:server:middleware:manifest Resolved entry point: index.ts (project root: /expo-project)
2025-10-18T15:50:05.197Z expo:start:server:metro:router Using app as the root directory for Expo Router.
2025-10-18T15:50:07.301Z expo:start:server:middleware:manifest Resolved entry point: index.ts (project root: /expo-project)
2025-10-18T15:50:07.301Z expo:start:server:metro:router Using app as the root directory for Expo Router.
2025-10-18T15:50:09.395Z expo:start:server:middleware:manifest Resolved entry point: index.ts (project root: /expo-project)
2025-10-18T15:50:09.395Z expo:start:server:metro:router Using app as the root directory for Expo Router.
2025-10-18T15:50:11.495Z expo:start:server:middleware:manifest Resolved entry point: index.ts (project root: /expo-project)
2025-10-18T15:50:11.495Z expo:start:server:metro:router Using app as the root directory for Expo Router.
2025-10-18T15:50:13.582Z expo:start:server:middleware:manifest Resolved entry point: index.ts (project root: /expo-project)
2025-10-18T15:50:13.582Z expo:start:server:metro:router Using app as the root directory for Expo Router.
2025-10-18T15:50:15.682Z expo:start:server:middleware:manifest Resolved entry point: index.ts (project root: /expo-project)
2025-10-18T15:50:15.682Z expo:start:server:metro:router Using app as the root directory for Expo Router.
2025-10-18T15:50:17.789Z expo:start:server:middleware:manifest Resolved entry point: index.ts (project root: /expo-project)
2025-10-18T15:50:17.789Z expo:start:server:metro:router Using app as the root directory for Expo Router.
2025-10-18T15:50:19.875Z expo:start:server:middleware:manifest Resolved entry point: index.ts (project root: /expo-project)
2025-10-18T15:50:19.875Z expo:start:server:metro:router Using app as the root directory for Expo Router.
2025-10-18T15:50:21.968Z expo:start:server:middleware:manifest Resolved entry point: index.ts (project root: /expo-project)
2025-10-18T15:50:21.968Z expo:start:server:metro:router Using app as the root directory for Expo Router.
2025-10-18T15:50:24.058Z expo:start:server:middleware:manifest Resolved entry point: index.ts (project root: /expo-project)
2025-10-18T15:50:24.058Z expo:start:server:metro:router Using app as the root directory for Expo Router.
2025-10-18T15:50:26.167Z expo:start:server:middleware:manifest Resolved entry point: index.ts (project root: /expo-project)
2025-10-18T15:50:26.167Z expo:start:server:metro:router Using app as the root directory for Expo Router.
2025-10-18T15:50:28.270Z expo:start:server:middleware:manifest Resolved entry point: index.ts (project root: /expo-project)
2025-10-18T15:50:28.270Z expo:start:server:metro:router Using app as the root directory for Expo Router.
2025-10-18T15:50:30.368Z expo:start:server:middleware:manifest Resolved entry point: index.ts (project root: /expo-project)
2025-10-18T15:50:30.368Z expo:start:server:metro:router Using app as the root directory for Expo Router.
2025-10-18T15:50:32.478Z expo:start:server:middleware:manifest Resolved entry point: index.ts (project root: /expo-project)
2025-10-18T15:50:32.478Z expo:start:server:metro:router Using app as the root directory for Expo Router.
2025-10-18T15:50:33.643Z expo:start:server:middleware:manifest Resolved entry point: index.ts (project root: /expo-project)
2025-10-18T15:50:33.643Z expo:start:server:metro:router Using app as the root directory for Expo Router.
Web ./index.ts ░░░░░░░░░░░░░░░░  0.0% (0/1)
2025-10-18T15:50:33.825Z expo:start:server:metro:multi-platform Skipping production module: ./cjs/react.production.js
2025-10-18T15:50:33.825Z expo:start:server:metro:multi-platform Skipping production module: ./cjs/react-jsx-dev-runtime.production.js
2025-10-18T15:50:33.836Z expo:start:server:metro:multi-platform Redirecting module "/expo-project/node_modules/react-native-web/dist/exports/BackHandler/index.js" to shim
2025-10-18T15:50:34.068Z expo:start:server:metro:multi-platform Skipping production module: ./cjs/react-dom-client.production.js
2025-10-18T15:50:34.074Z expo:start:server:metro:multi-platform Redirecting module "/expo-project/node_modules/react-native-web/dist/exports/AppRegistry/AppContainer.js" to shim
2025-10-18T15:50:34.167Z expo:start:server:metro:multi-platform Skipping production module: ./cjs/react-jsx-runtime.production.js
2025-10-18T15:50:34.210Z expo:start:server:metro:multi-platform Skipping production module: ./cjs/react-dom.production.js
2025-10-18T15:50:34.287Z expo:start:server:metro:multi-platform Skipping production module: ./cjs/react-is.production.js
2025-10-18T15:50:34.513Z expo:start:server:metro:multi-platform Skipping production module: ./cjs/scheduler.production.js
2025-10-18T15:50:34.555Z expo:start:server:metro:multi-platform Skipping production module: ./cjs/react-refresh-runtime.production.min.js
2025-10-18T15:50:34.604Z expo:start:server:middleware:manifest Resolved entry point: index.ts (project root: /expo-project)
2025-10-18T15:50:34.605Z expo:start:server:metro:router Using app as the root directory for Expo Router.
2025-10-18T15:50:34.661Z expo:start:server:metro:multi-platform Skipping production module: ./cjs/react-is.production.min.js
2025-10-18T15:50:34.667Z expo:start:server:metro:multi-platform Redirecting module "/expo-project/node_modules/react-native-web/dist/exports/BackHandler/index.js" to shim
2025-10-18T15:50:34.935Z expo:metro-config:serializer:env-var Injecting environment variables in virtual module.
Web Bundled 1170ms index.ts (1339 modules)
 LOG  [web] Logs will appear in the browser console
2025-10-18T15:50:36.751Z expo:start:server:middleware:manifest Resolved entry point: index.ts (project root: /expo-project)
2025-10-18T15:50:36.752Z expo:start:server:metro:router Using app as the root directory for Expo Router.
2025-10-18T15:50:38.855Z expo:start:server:middleware:manifest Resolved entry point: index.ts (project root: /expo-project)
2025-10-18T15:50:38.855Z expo:start:server:metro:router Using app as the root directory for Expo Router.
2025-10-18T15:50:40.956Z expo:start:server:middleware:manifest Resolved entry point: index.ts (project root: /expo-project)
2025-10-18T15:50:40.956Z expo:start:server:metro:router Using app as the root directory for Expo Router.
2025-10-18T15:50:43.073Z expo:start:server:middleware:manifest Resolved entry point: index.ts (project root: /expo-project)
2025-10-18T15:50:43.073Z expo:start:server:metro:router Using app as the root directory for Expo Router.
2025-10-18T15:50:45.174Z expo:start:server:middleware:manifest Resolved entry point: index.ts (project root: /expo-project)
2025-10-18T15:50:45.174Z expo:start:server:metro:router Using app as the root directory for Expo Router.
2025-10-18T15:50:47.341Z expo:start:server:middleware:manifest Resolved entry point: index.ts (project root: /expo-project)
2025-10-18T15:50:47.341Z expo:start:server:metro:router Using app as the root directory for Expo Router.
2025-10-18T15:50:49.450Z expo:start:server:middleware:manifest Resolved entry point: index.ts (project root: /expo-project)
2025-10-18T15:50:49.450Z expo:start:server:metro:router Using app as the root directory for Expo Router.
2025-10-18T15:50:51.548Z expo:start:server:middleware:manifest Resolved entry point: index.ts (project root: /expo-project)
2025-10-18T15:50:51.548Z expo:start:server:metro:router Using app as the root directory for Expo Router.
2025-10-18T15:50:53.655Z expo:start:server:middleware:manifest Resolved entry point: index.ts (project root: /expo-project)
2025-10-18T15:50:53.655Z expo:start:server:metro:router Using app as the root directory for Expo Router.
2025-10-18T15:50:55.761Z expo:start:server:middleware:manifest Resolved entry point: index.ts (project root: /expo-project)
2025-10-18T15:50:55.761Z expo:start:server:metro:router Using app as the root directory for Expo Router.
2025-10-18T15:50:57.875Z expo:start:server:middleware:manifest Resolved entry point: index.ts (project root: /expo-project)
2025-10-18T15:50:57.875Z expo:start:server:metro:router Using app as the root directory for Expo Router.
2025-10-18T15:50:59.972Z expo:start:server:middleware:manifest Resolved entry point: index.ts (project root: /expo-project)
2025-10-18T15:50:59.972Z expo:start:server:metro:router Using app as the root directory for Expo Router.
2025-10-18T15:51:02.076Z expo:start:server:middleware:manifest Resolved entry point: index.ts (project root: /expo-project)
2025-10-18T15:51:02.076Z expo:start:server:metro:router Using app as the root directory for Expo Router.
2025-10-18T15:51:04.186Z expo:start:server:middleware:manifest Resolved entry point: index.ts (project root: /expo-project)
2025-10-18T15:51:04.186Z expo:start:server:metro:router Using app as the root directory for Expo Router.
2025-10-18T15:51:06.295Z expo:start:server:middleware:manifest Resolved entry point: index.ts (project root: /expo-project)
2025-10-18T15:51:06.296Z expo:start:server:metro:router Using app as the root directory for Expo Router.
2025-10-18T15:51:08.383Z expo:start:server:middleware:manifest Resolved entry point: index.ts (project root: /expo-project)
2025-10-18T15:51:08.383Z expo:start:server:metro:router Using app as the root directory for Expo Router.
2025-10-18T15:51:10.487Z expo:start:server:middleware:manifest Resolved entry point: index.ts (project root: /expo-project)
2025-10-18T15:51:10.487Z expo:start:server:metro:router Using app as the root directory for Expo Router.
2025-10-18T15:51:12.577Z expo:start:server:middleware:manifest Resolved entry point: index.ts (project root: /expo-project)
2025-10-18T15:51:12.577Z expo:start:server:metro:router Using app as the root directory for Expo Router.
2025-10-18T15:51:14.685Z expo:start:server:middleware:manifest Resolved entry point: index.ts (project root: /expo-project)
2025-10-18T15:51:14.685Z expo:start:server:metro:router Using app as the root directory for Expo Router.
2025-10-18T15:51:16.788Z expo:start:server:middleware:manifest Resolved entry point: index.ts (project root: /expo-project)
2025-10-18T15:51:16.788Z expo:start:server:metro:router Using app as the root directory for Expo Router.
2025-10-18T15:51:21.494Z expo:env /expo-project/.env does not exist, skipping this env file
2025-10-18T15:51:21.495Z expo:env /expo-project/.env.development does not exist, skipping this env file
2025-10-18T15:51:21.495Z expo:env /expo-project/.env.local does not exist, skipping this env file
2025-10-18T15:51:21.495Z expo:env /expo-project/.env.development.local does not exist, skipping this env file
Starting project at /expo-project
2025-10-18T15:51:21.648Z expo:utils:fileNotifier Observing /expo-project/babel.config.js
2025-10-18T15:51:21.773Z expo:start:server:devServer Stopping dev server (bundler: metro)
2025-10-18T15:51:21.773Z expo:start:server:devServer Stopped dev server (bundler: metro)
2025-10-18T15:51:21.788Z expo:start:server:metro:router Using app as the root directory for Expo Router.
2025-10-18T15:51:22.148Z expo:metro:config react-native-reanimated package.json: /expo-project/node_modules/react-native-reanimated/package.json
2025-10-18T15:51:22.151Z expo:metro:config react-native-worklets package.json: /expo-project/node_modules/react-native-worklets/package.json

Expo Metro config:
- Version: 54.0.6
- Extensions: ts, tsx, mjs, js, jsx, json, cjs, scss, sass, css
- React Native: /expo-project/node_modules/react-native
- Watch Folders: 
- Node Module Paths: 
- Sass: null
- Reanimated: 4.1.2
- Worklets: 0.5.1
- Babel Runtime: null

2025-10-18T15:51:22.387Z expo:metro:withMetroResolvers Appending 8 custom resolvers to Metro config. (has custom resolver: false)
2025-10-18T15:51:22.456Z expo:start:server:urlCreator URL: http://127.0.0.1:8081
Starting Metro Bundler
2025-10-18T15:51:22.548Z expo:start:server:middleware:serveStatic Serving static files from: /expo-project/public
2025-10-18T15:51:22.548Z expo:start:server:devServer [tunnel] connect to port: 8081
2025-10-18T15:51:22.687Z expo:start:platforms:android:adbServer /usr/lib/android-sdk/platform-tools/adb devices -l
2025-10-18T15:51:22.708Z expo:start:server:ngrok Stopping Tunnel
2025-10-18T15:51:22.709Z expo:start:server:ngrok Global config path: /root/.expo/ngrok.yml
2025-10-18T15:51:22.715Z expo:start:server:ngrok Hostname: bqGuL14-anonymous-8081.exp.direct
Tunnel connected.
2025-10-18T15:51:23.197Z expo:start:server:ngrok Tunnel URL: https://bqgul14-anonymous-8081.exp.direct
Tunnel ready.
2025-10-18T15:51:23.198Z expo:start:server:urlCreator URL: exp://bqgul14-anonymous-8081.exp.direct
2025-10-18T15:51:23.203Z expo:start:server:developmentSession Development session will not ping because the user is not authenticated and there are no devices.
2025-10-18T15:51:23.203Z expo:utils:fileNotifier Observing /expo-project/metro.config.js
2025-10-18T15:51:23.204Z expo:start:server:metro:waitForTypescript Watching file changes: [
  '/expo-project/.env.development.local',
  '/expo-project/.env.local',
  '/expo-project/.env.development',
  '/expo-project/.env'
]
2025-10-18T15:51:23.204Z expo:doctor:typescriptSupport Ensuring TypeScript support is setup
2025-10-18T15:51:23.208Z expo:doctor:dependencies:getMissingPackages Required package "typescript" found (no version constraint specified).
2025-10-18T15:51:23.209Z expo:doctor:dependencies:getMissingPackages Required package "@types/react" found (no version constraint specified).
2025-10-18T15:51:23.212Z expo:typed-routes Ensuring typed routes side-effects are setup (experiments.typedRoutes: true, typesDirectory: /expo-project/.expo/types)
2025-10-18T15:51:23.214Z expo:start:server:metro:router Using app as the root directory for Expo Router.
2025-10-18T15:51:23.221Z expo:start:server:metro:metroWatchTypeScriptFiles Waiting for TypeScript files to be added to the project...
2025-10-18T15:51:23.223Z expo:doctor:dependencies:bundledNativeModules Fetching bundled native modules from the server...
2025-10-18T15:51:23.504Z expo:doctor:dependencies:validate Checking dependencies for 54.0.0: {
  '@babel/plugin-proposal-export-namespace-from': '^7.18.9',
  '@babel/runtime': '^7.26.9',
  '@bacons/apple-targets': '^3.0.2',
  '@expo/metro-runtime': '~6.1.1',
  '@expo/ngrok': '^4.1.3',
  '@expo/vector-icons': '^15.0.2',
  '@react-native-async-storage/async-storage': '^2.2.0',
  '@react-native-community/datetimepicker': '^8.3.0',
  '@react-native-community/netinfo': '^11.4.1',
  '@react-native-community/slider': '^5.0.1',
  '@react-navigation/drawer': '^7.1.1',
  '@react-navigation/native': '^7.0.14',
  '@react-navigation/native-stack': '^7.2.0',
  '@supabase/supabase-js': '^2.75.1',
  '@types/difflib': '^0.2.7',
  difflib: '^0.2.4',
  eas: '^0.1.0',
  expo: '~54.0.1',
  'expo-blur': '^15.0.6',
  'expo-camera': '^17.0.8',
  'expo-constants': '~18.0.8',
  'expo-file-system': '^19.0.17',
  'expo-font': '^14.0.7',
  'expo-glass-effect': '^0.1.1',
  'expo-haptics': '^15.0.6',
  'expo-image-picker': '^17.0.7',
  'expo-linear-gradient': '^15.0.6',
  'expo-linking': '^8.0.7',
  'expo-media-library': '^18.2.0',
  'expo-network': '^8.0.7',
  'expo-router': '^6.0.0',
  'expo-secure-store': '^15.0.7',
  'expo-speech': '^14.0.7',
  'expo-splash-screen': '^31.0.8',
  'expo-sqlite': '^16.0.8',
  'expo-status-bar': '~3.0.7',
  'expo-symbols': '^1.0.6',
  'expo-system-ui': '^6.0.7',
  'expo-web-browser': '^15.0.6',
  react: '19.1.0',
  'react-dom': '19.1.0',
  'react-native': '0.81.4',
  'react-native-css-interop': '^0.1.22',
  'react-native-edge-to-edge': '^1.7.0',
  'react-native-gesture-handler': '^2.24.0',
  'react-native-maps': '^1.20.1',
  'react-native-reanimated': '~4.1.0',
  'react-native-safe-area-context': '^5.4.0',
  'react-native-screens': '~4.16.0',
  'react-native-url-polyfill': '^2.0.0',
  'react-native-web': '~0.21.1',
  'react-native-webview': '^13.15.0',
  'react-native-worklets': '0.5.1',
  'react-router-dom': '^7.1.3',
  'workbox-cli': '^7.3.0',
  'workbox-precaching': '^7.3.0',
  'workbox-webpack-plugin': '^7.3.0',
  '@babel/core': '^7.20.0',
  '@eslint/js': '^9.19.0',
  '@types/react': '~19.1.12',
  '@typescript-eslint/eslint-plugin': '^6.21.0',
  '@typescript-eslint/parser': '^6.21.0',
  'babel-plugin-module-resolver': '^5.0.2',
  eslint: '^8.57.0',
  'eslint-config-expo': '~10.0.0',
  'eslint-plugin-import': '^2.31.0',
  'eslint-plugin-react': '^7.37.4',
  globals: '^15.14.0',
  typescript: '^5.8.3',
  'webpack-cli': '^6.0.1'
}
2025-10-18T15:51:23.504Z expo:doctor:dependencies:validate Comparing known versions: [
  '@expo/metro-runtime',
  '@expo/vector-icons',
  '@react-native-async-storage/async-storage',
  '@react-native-community/datetimepicker',
  '@react-native-community/netinfo',
  '@react-native-community/slider',
  'expo',
  'expo-blur',
  'expo-camera',
  'expo-constants',
  'expo-file-system',
  'expo-font',
  'expo-glass-effect',
  'expo-haptics',
  'expo-image-picker',
  'expo-linear-gradient',
  'expo-linking',
  'expo-media-library',
  'expo-network',
  'expo-router',
  'expo-secure-store',
  'expo-speech',
  'expo-splash-screen',
  'expo-sqlite',
  'expo-status-bar',
  'expo-symbols',
  'expo-system-ui',
  'expo-web-browser',
  'react',
  'react-dom',
  'react-native',
  'react-native-gesture-handler',
  'react-native-maps',
  'react-native-reanimated',
  'react-native-safe-area-context',
  'react-native-screens',
  'react-native-web',
  'react-native-webview',
  'react-native-worklets',
  '@babel/core',
  '@types/react',
  'eslint-config-expo',
  'typescript'
]
2025-10-18T15:51:23.505Z expo:doctor:dependencies:validate Skipping packages that cannot be versioned automatically: [
  '@babel/plugin-proposal-export-namespace-from',
  '@babel/runtime',
  '@bacons/apple-targets',
  '@expo/ngrok',
  '@react-navigation/drawer',
  '@react-navigation/native',
  '@react-navigation/native-stack',
  '@supabase/supabase-js',
  '@types/difflib',
  'difflib',
  'eas',
  'react-native-css-interop',
  'react-native-edge-to-edge',
  'react-native-url-polyfill',
  'react-router-dom',
  'workbox-cli',
  'workbox-precaching',
  'workbox-webpack-plugin',
  '@eslint/js',
  '@typescript-eslint/eslint-plugin',
  '@typescript-eslint/parser',
  'babel-plugin-module-resolver',
  'eslint',
  'eslint-plugin-import',
  'eslint-plugin-react',
  'globals',
  'webpack-cli'
]
2025-10-18T15:51:23.518Z expo:doctor:dependencies:validate Package versions: {
  '@expo/metro-runtime': '6.1.2',
  '@expo/vector-icons': '15.0.2',
  '@react-native-async-storage/async-storage': '2.2.0',
  '@react-native-community/datetimepicker': '8.4.5',
  '@react-native-community/netinfo': '11.4.1',
  '@react-native-community/slider': '5.0.1',
  expo: '54.0.12',
  'expo-blur': '15.0.7',
  'expo-camera': '17.0.8',
  'expo-constants': '18.0.9',
  'expo-file-system': '19.0.17',
  'expo-font': '14.0.8',
  'expo-glass-effect': '0.1.4',
  'expo-haptics': '15.0.7',
  'expo-image-picker': '17.0.8',
  'expo-linear-gradient': '15.0.7',
  'expo-linking': '8.0.8',
  'expo-media-library': '18.2.0',
  'expo-network': '8.0.7',
  'expo-router': '6.0.10',
  'expo-secure-store': '15.0.7',
  'expo-speech': '14.0.7',
  'expo-splash-screen': '31.0.10',
  'expo-sqlite': '16.0.8',
  'expo-status-bar': '3.0.8',
  'expo-symbols': '1.0.7',
  'expo-system-ui': '6.0.7',
  'expo-web-browser': '15.0.8',
  react: '19.1.0',
  'react-dom': '19.1.0',
  'react-native': '0.81.4',
  'react-native-gesture-handler': '2.28.0',
  'react-native-maps': '1.26.14',
  'react-native-reanimated': '4.1.2',
  'react-native-safe-area-context': '5.6.1',
  'react-native-screens': '4.16.0',
  'react-native-web': '0.21.1',
  'react-native-webview': '13.16.0',
  'react-native-worklets': '0.5.1',
  '@babel/core': '7.28.4',
  '@types/react': '19.1.17',
  'eslint-config-expo': '10.0.0',
  typescript: '5.9.3'
}
2025-10-18T15:51:23.523Z expo:doctor:dependencies:validate Incorrect dependencies: [
  {
    packageName: '@react-native-community/datetimepicker',
    packageType: 'dependencies',
    expectedVersionOrRange: '8.4.4',
    actualVersion: '8.4.5'
  },
  {
    packageName: 'expo',
    packageType: 'dependencies',
    expectedVersionOrRange: '54.0.13',
    actualVersion: '54.0.12'
  },
  {
    packageName: 'expo-font',
    packageType: 'dependencies',
    expectedVersionOrRange: '~14.0.9',
    actualVersion: '14.0.8'
  },
  {
    packageName: 'expo-router',
    packageType: 'dependencies',
    expectedVersionOrRange: '~6.0.12',
    actualVersion: '6.0.10'
  },
  {
    packageName: 'react-native-maps',
    packageType: 'dependencies',
    expectedVersionOrRange: '1.20.1',
    actualVersion: '1.26.14'
  },
  {
    packageName: 'react-native-webview',
    packageType: 'dependencies',
    expectedVersionOrRange: '13.15.0',
    actualVersion: '13.16.0'
  }
]
The following packages should be updated for best compatibility with the installed expo version:
  @react-native-community/datetimepicker@8.4.5 - expected version: 8.4.4
  expo@54.0.12 - expected version: 54.0.13
  expo-font@14.0.8 - expected version: ~14.0.9
  expo-router@6.0.10 - expected version: ~6.0.12
  react-native-maps@1.26.14 - expected version: 1.20.1
  react-native-webview@13.16.0 - expected version: 13.15.0
Your project may not work correctly until you install the expected versions of the packages.
Waiting on http://localhost:8081
Logs for your project will appear below.
2025-10-18T15:51:24.045Z expo:start:server:middleware:manifest Resolved entry point: index.ts (project root: /expo-project)
2025-10-18T15:51:24.045Z expo:start:server:metro:router Using app as the root directory for Expo Router.
2025-10-18T15:51:24.122Z expo:start:server:middleware:manifest Resolved entry point: index.ts (project root: /expo-project)
2025-10-18T15:51:24.122Z expo:start:server:metro:router Using app as the root directory for Expo Router.
2025-10-18T15:51:24.241Z expo:start:server:middleware:manifest Resolved entry point: index.ts (project root: /expo-project)
2025-10-18T15:51:24.241Z expo:start:server:metro:router Using app as the root directory for Expo Router.
2025-10-18T15:51:24.611Z expo:start:server:middleware:manifest Resolved entry point: index.ts (project root: /expo-project)
2025-10-18T15:51:24.611Z expo:start:server:metro:router Using app as the root directory for Expo Router.
2025-10-18T15:51:26.890Z expo:start:server:middleware:manifest Resolved entry point: index.ts (project root: /expo-project)
2025-10-18T15:51:26.890Z expo:start:server:metro:router Using app as the root directory for Expo Router.
2025-10-18T15:51:34.492Z expo:start:server:metro:multi-platform Enabling alias: react-native-vector-icons -> @expo/vector-icons
2025-10-18T15:51:34.500Z expo:start:server:middleware:manifest Resolved entry point: index.ts (project root: /expo-project)
2025-10-18T15:51:34.500Z expo:start:server:metro:router Using app as the root directory for Expo Router.
2025-10-18T15:51:34.521Z expo:start:server:metro:multi-platform Skipping production module: ./cjs/react-jsx-dev-runtime.production.js
2025-10-18T15:51:34.523Z expo:start:server:metro:multi-platform Skipping production module: ./cjs/react.production.js
2025-10-18T15:51:34.537Z expo:start:server:metro:multi-platform Redirecting module "/expo-project/node_modules/react-native-web/dist/exports/BackHandler/index.js" to shim
Web ./index.ts ░░░░░░░░░░░░░░░░  0.0% (0/1)
2025-10-18T15:51:34.773Z expo:start:server:metro:multi-platform Skipping production module: ./cjs/react-dom-client.production.js
2025-10-18T15:51:34.777Z expo:start:server:metro:multi-platform Redirecting module "/expo-project/node_modules/react-native-web/dist/exports/AppRegistry/AppContainer.js" to shim
2025-10-18T15:51:34.859Z expo:start:server:metro:multi-platform Skipping production module: ./cjs/react-jsx-runtime.production.js
2025-10-18T15:51:34.913Z expo:start:server:metro:multi-platform Skipping production module: ./cjs/react-dom.production.js
2025-10-18T15:51:34.992Z expo:start:server:metro:multi-platform Skipping production module: ./cjs/react-is.production.js
2025-10-18T15:51:35.207Z expo:start:server:metro:multi-platform Skipping production module: ./cjs/scheduler.production.js
2025-10-18T15:51:35.276Z expo:start:server:metro:multi-platform Skipping production module: ./cjs/react-refresh-runtime.production.min.js
2025-10-18T15:51:35.368Z expo:start:server:metro:multi-platform Redirecting module "/expo-project/node_modules/react-native-web/dist/exports/BackHandler/index.js" to shim
2025-10-18T15:51:35.376Z expo:start:server:metro:multi-platform Skipping production module: ./cjs/react-is.production.min.js
2025-10-18T15:51:35.461Z expo:metro-config:serializer:env-var Injecting environment variables in virtual module.
Web Bundled 1021ms index.ts (1305 modules)
2025-10-18T15:51:36.609Z expo:start:server:middleware:manifest Resolved entry point: index.ts (project root: /expo-project)
2025-10-18T15:51:36.609Z expo:start:server:metro:router Using app as the root directory for Expo Router.
 LOG  [web] Logs will appear in the browser console
2025-10-18T15:51:38.699Z expo:start:server:middleware:manifest Resolved entry point: index.ts (project root: /expo-project)
2025-10-18T15:51:38.699Z expo:start:server:metro:router Using app as the root directory for Expo Router.
2025-10-18T15:51:40.782Z expo:start:server:middleware:manifest Resolved entry point: index.ts (project root: /expo-project)
2025-10-18T15:51:40.782Z expo:start:server:metro:router Using app as the root directory for Expo Router.
2025-10-18T15:51:42.893Z expo:start:server:middleware:manifest Resolved entry point: index.ts (project root: /expo-project)
2025-10-18T15:51:42.893Z expo:start:server:metro:router Using app as the root directory for Expo Router.
2025-10-18T15:51:44.976Z expo:start:server:middleware:manifest Resolved entry point: index.ts (project root: /expo-project)
2025-10-18T15:51:44.976Z expo:start:server:metro:router Using app as the root directory for Expo Router.
2025-10-18T15:51:47.085Z expo:start:server:middleware:manifest Resolved entry point: index.ts (project root: /expo-project)
2025-10-18T15:51:47.085Z expo:start:server:metro:router Using app as the root directory for Expo Router.
2025-10-18T15:51:49.187Z expo:start:server:middleware:manifest Resolved entry point: index.ts (project root: /expo-project)
2025-10-18T15:51:49.187Z expo:start:server:metro:router Using app as the root directory for Expo Router.
2025-10-18T15:51:51.274Z expo:start:server:middleware:manifest Resolved entry point: index.ts (project root: /expo-project)
2025-10-18T15:51:51.274Z expo:start:server:metro:router Using app as the root directory for Expo Router.
2025-10-18T15:51:53.377Z expo:start:server:middleware:manifest Resolved entry point: index.ts (project root: /expo-project)
2025-10-18T15:51:53.379Z expo:start:server:metro:router Using app as the root directory for Expo Router.
2025-10-18T15:51:55.465Z expo:start:server:middleware:manifest Resolved entry point: index.ts (project root: /expo-project)
2025-10-18T15:51:55.465Z expo:start:server:metro:router Using app as the root directory for Expo Router.
2025-10-18T15:51:57.560Z expo:start:server:middleware:manifest Resolved entry point: index.ts (project root: /expo-project)
2025-10-18T15:51:57.560Z expo:start:server:metro:router Using app as the root directory for Expo Router.
2025-10-18T15:51:59.665Z expo:start:server:middleware:manifest Resolved entry point: index.ts (project root: /expo-project)
2025-10-18T15:51:59.665Z expo:start:server:metro:router Using app as the root directory for Expo Router.
2025-10-18T15:52:01.767Z expo:start:server:middleware:manifest Resolved entry point: index.ts (project root: /expo-project)
2025-10-18T15:52:01.767Z expo:start:server:metro:router Using app as the root directory for Expo Router.
2025-10-18T15:52:03.869Z expo:start:server:middleware:manifest Resolved entry point: index.ts (project root: /expo-project)
2025-10-18T15:52:03.870Z expo:start:server:metro:router Using app as the root directory for Expo Router.
2025-10-18T15:52:05.959Z expo:start:server:middleware:manifest Resolved entry point: index.ts (project root: /expo-project)
2025-10-18T15:52:05.960Z expo:start:server:metro:router Using app as the root directory for Expo Router.
2025-10-18T15:52:08.061Z expo:start:server:middleware:manifest Resolved entry point: index.ts (project root: /expo-project)
2025-10-18T15:52:08.061Z expo:start:server:metro:router Using app as the root directory for Expo Router.
2025-10-18T15:52:10.161Z expo:start:server:middleware:manifest Resolved entry point: index.ts (project root: /expo-project)
2025-10-18T15:52:10.161Z expo:start:server:metro:router Using app as the root directory for Expo Router.
2025-10-18T15:52:12.258Z expo:start:server:middleware:manifest Resolved entry point: index.ts (project root: /expo-project)
2025-10-18T15:52:12.258Z expo:start:server:metro:router Using app as the root directory for Expo Router.
2025-10-18T15:52:14.358Z expo:start:server:middleware:manifest Resolved entry point: index.ts (project root: /expo-project)
2025-10-18T15:52:14.362Z expo:start:server:metro:router Using app as the root directory for Expo Router.
2025-10-18T15:52:16.466Z expo:start:server:middleware:manifest Resolved entry point: index.ts (project root: /expo-project)
2025-10-18T15:52:16.467Z expo:start:server:metro:router Using app as the root directory for Expo Router.
2025-10-18T15:52:18.568Z expo:start:server:middleware:manifest Resolved entry point: index.ts (project root: /expo-project)
2025-10-18T15:52:18.568Z expo:start:server:metro:router Using app as the root directory for Expo Router.
2025-10-18T15:52:20.663Z expo:start:server:middleware:manifest Resolved entry point: index.ts (project root: /expo-project)
2025-10-18T15:52:20.663Z expo:start:server:metro:router Using app as the root directory for Expo Router.
2025-10-18T15:52:22.765Z expo:start:server:middleware:manifest Resolved entry point: index.ts (project root: /expo-project)
2025-10-18T15:52:22.765Z expo:start:server:metro:router Using app as the root directory for Expo Router.
2025-10-18T15:52:24.849Z expo:start:server:middleware:manifest Resolved entry point: index.ts (project root: /expo-project)
2025-10-18T15:52:24.850Z expo:start:server:metro:router Using app as the root directory for Expo Router.
2025-10-18T15:52:26.951Z expo:start:server:middleware:manifest Resolved entry point: index.ts (project root: /expo-project)
2025-10-18T15:52:26.951Z expo:start:server:metro:router Using app as the root directory for Expo Router.
2025-10-18T15:52:29.053Z expo:start:server:middleware:manifest Resolved entry point: index.ts (project root: /expo-project)
2025-10-18T15:52:29.053Z expo:start:server:metro:router Using app as the root directory for Expo Router.
2025-10-18T15:52:31.169Z expo:start:server:middleware:manifest Resolved entry point: index.ts (project root: /expo-project)
2025-10-18T15:52:31.170Z expo:start:server:metro:router Using app as the root directory for Expo Router.
2025-10-18T15:52:33.271Z expo:start:server:middleware:manifest Resolved entry point: index.ts (project root: /expo-project)
2025-10-18T15:52:33.271Z expo:start:server:metro:router Using app as the root directory for Expo Router.
2025-10-18T15:52:35.370Z expo:start:server:middleware:manifest Resolved entry point: index.ts (project root: /expo-project)
2025-10-18T15:52:35.370Z expo:start:server:metro:router Using app as the root directory for Expo Router.
2025-10-18T15:52:37.460Z expo:start:server:middleware:manifest Resolved entry point: index.ts (project root: /expo-project)
2025-10-18T15:52:37.460Z expo:start:server:metro:router Using app as the root directory for Expo Router.
2025-10-18T15:52:39.545Z expo:start:server:middleware:manifest Resolved entry point: index.ts (project root: /expo-project)
2025-10-18T15:52:39.545Z expo:start:server:metro:router Using app as the root directory for Expo Router.
2025-10-18T15:52:41.630Z expo:start:server:middleware:manifest Resolved entry point: index.ts (project root: /expo-project)
2025-10-18T15:52:41.630Z expo:start:server:metro:router Using app as the root directory for Expo Router.
2025-10-18T15:52:43.717Z expo:start:server:middleware:manifest Resolved entry point: index.ts (project root: /expo-project)
2025-10-18T15:52:43.717Z expo:start:server:metro:router Using app as the root directory for Expo Router.
2025-10-18T15:52:45.814Z expo:start:server:middleware:manifest Resolved entry point: index.ts (project root: /expo-project)
2025-10-18T15:52:45.814Z expo:start:server:metro:router Using app as the root directory for Expo Router.
2025-10-18T15:52:47.909Z expo:start:server:middleware:manifest Resolved entry point: index.ts (project root: /expo-project)
2025-10-18T15:52:47.909Z expo:start:server:metro:router Using app as the root directory for Expo Router.
2025-10-18T15:52:49.993Z expo:start:server:middleware:manifest Resolved entry point: index.ts (project root: /expo-project)
2025-10-18T15:52:49.993Z expo:start:server:metro:router Using app as the root directory for Expo Router.
2025-10-18T15:52:52.100Z expo:start:server:middleware:manifest Resolved entry point: index.ts (project root: /expo-project)
2025-10-18T15:52:52.100Z expo:start:server:metro:router Using app as the root directory for Expo Router.
2025-10-18T15:52:54.199Z expo:start:server:middleware:manifest Resolved entry point: index.ts (project root: /expo-project)
2025-10-18T15:52:54.199Z expo:start:server:metro:router Using app as the root directory for Expo Router.
2025-10-18T15:52:56.297Z expo:start:server:middleware:manifest Resolved entry point: index.ts (project root: /expo-project)
2025-10-18T15:52:56.297Z expo:start:server:metro:router Using app as the root directory for Expo Router.
2025-10-18T15:52:58.387Z expo:start:server:middleware:manifest Resolved entry point: index.ts (project root: /expo-project)
2025-10-18T15:52:58.387Z expo:start:server:metro:router Using app as the root directory for Expo Router.
2025-10-18T15:53:00.490Z expo:start:server:middleware:manifest Resolved entry point: index.ts (project root: /expo-project)
2025-10-18T15:53:00.490Z expo:start:server:metro:router Using app as the root directory for Expo Router.
2025-10-18T15:53:02.597Z expo:start:server:middleware:manifest Resolved entry point: index.ts (project root: /expo-project)
2025-10-18T15:53:02.597Z expo:start:server:metro:router Using app as the root directory for Expo Router.
2025-10-18T15:53:04.699Z expo:start:server:middleware:manifest Resolved entry point: index.ts (project root: /expo-project)
2025-10-18T15:53:04.705Z expo:start:server:metro:router Using app as the root directory for Expo Router.
2025-10-18T15:53:06.822Z expo:start:server:middleware:manifest Resolved entry point: index.ts (project root: /expo-project)
2025-10-18T15:53:06.822Z expo:start:server:metro:router Using app as the root directory for Expo Router.
2025-10-18T15:53:08.907Z expo:start:server:middleware:manifest Resolved entry point: index.ts (project root: /expo-project)
2025-10-18T15:53:08.908Z expo:start:server:metro:router Using app as the root directory for Expo Router.
Web ./index.ts ░░░░░░░░░░░░░░░░  0.0% (0/1)
2025-10-18T15:53:09.547Z expo:metro-config:serializer:env-var Injecting environment variables in virtual module.
Web Bundled 47ms index.ts (1 module)
 LOG  [web] Logs will appear in the browser console
2025-10-18T15:53:11.008Z expo:start:server:middleware:manifest Resolved entry point: index.ts (project root: /expo-project)
2025-10-18T15:53:11.008Z expo:start:server:metro:router Using app as the root directory for Expo Router.
2025-10-18T15:53:13.107Z expo:start:server:middleware:manifest Resolved entry point: index.ts (project root: /expo-project)
2025-10-18T15:53:13.107Z expo:start:server:metro:router Using app as the root directory for Expo Router.
2025-10-18T15:53:15.204Z expo:start:server:middleware:manifest Resolved entry point: index.ts (project root: /expo-project)
2025-10-18T15:53:15.204Z expo:start:server:metro:router Using app as the root directory for Expo Router.
2025-10-18T15:53:17.301Z expo:start:server:middleware:manifest Resolved entry point: index.ts (project root: /expo-project)
2025-10-18T15:53:17.301Z expo:start:server:metro:router Using app as the root directory for Expo Router.
2025-10-18T15:53:19.430Z expo:start:server:middleware:manifest Resolved entry point: index.ts (project root: /expo-project)
2025-10-18T15:53:19.430Z expo:start:server:metro:router Using app as the root directory for Expo Router.
2025-10-18T15:53:21.541Z expo:start:server:middleware:manifest Resolved entry point: index.ts (project root: /expo-project)
2025-10-18T15:53:21.541Z expo:start:server:metro:router Using app as the root directory for Expo Router.
2025-10-18T15:53:23.641Z expo:start:server:middleware:manifest Resolved entry point: index.ts (project root: /expo-project)
2025-10-18T15:53:23.641Z expo:start:server:metro:router Using app as the root directory for Expo Router.
2025-10-18T15:53:25.753Z expo:start:server:middleware:manifest Resolved entry point: index.ts (project root: /expo-project)
2025-10-18T15:53:25.753Z expo:start:server:metro:router Using app as the root directory for Expo Router.
2025-10-18T15:53:27.863Z expo:start:server:middleware:manifest Resolved entry point: index.ts (project root: /expo-project)
2025-10-18T15:53:27.863Z expo:start:server:metro:router Using app as the root directory for Expo Router.
2025-10-18T15:53:29.967Z expo:start:server:middleware:manifest Resolved entry point: index.ts (project root: /expo-project)
2025-10-18T15:53:29.967Z expo:start:server:metro:router Using app as the root directory for Expo Router.
2025-10-18T15:53:32.059Z expo:start:server:middleware:manifest Resolved entry point: index.ts (project root: /expo-project)
2025-10-18T15:53:32.059Z expo:start:server:metro:router Using app as the root directory for Expo Router.
2025-10-18T15:53:34.161Z expo:start:server:middleware:manifest Resolved entry point: index.ts (project root: /expo-project)
2025-10-18T15:53:34.161Z expo:start:server:metro:router Using app as the root directory for Expo Router.
2025-10-18T15:53:36.247Z expo:start:server:middleware:manifest Resolved entry point: index.ts (project root: /expo-project)
2025-10-18T15:53:36.247Z expo:start:server:metro:router Using app as the root directory for Expo Router.
2025-10-18T15:53:38.350Z expo:start:server:middleware:manifest Resolved entry point: index.ts (project root: /expo-project)
2025-10-18T15:53:38.351Z expo:start:server:metro:router Using app as the root directory for Expo Router.
2025-10-18T15:53:40.439Z expo:start:server:middleware:manifest Resolved entry point: index.ts (project root: /expo-project)
2025-10-18T15:53:40.439Z expo:start:server:metro:router Using app as the root directory for Expo Router.
2025-10-18T15:53:42.538Z expo:start:server:middleware:manifest Resolved entry point: index.ts (project root: /expo-project)
2025-10-18T15:53:42.538Z expo:start:server:metro:router Using app as the root directory for Expo Router.
2025-10-18T15:53:44.644Z expo:start:server:middleware:manifest Resolved entry point: index.ts (project root: /expo-project)
2025-10-18T15:53:44.644Z expo:start:server:metro:router Using app as the root directory for Expo Router.
2025-10-18T15:53:46.744Z expo:start:server:middleware:manifest Resolved entry point: index.ts (project root: /expo-project)
2025-10-18T15:53:46.744Z expo:start:server:metro:router Using app as the root directory for Expo Router.
2025-10-18T15:53:48.828Z expo:start:server:middleware:manifest Resolved entry point: index.ts (project root: /expo-project)
2025-10-18T15:53:48.829Z expo:start:server:metro:router Using app as the root directory for Expo Router.
2025-10-18T15:53:50.914Z expo:start:server:middleware:manifest Resolved entry point: index.ts (project root: /expo-project)
2025-10-18T15:53:50.915Z expo:start:server:metro:router Using app as the root directory for Expo Router.
2025-10-18T15:53:53.016Z expo:start:server:middleware:manifest Resolved entry point: index.ts (project root: /expo-project)
2025-10-18T15:53:53.016Z expo:start:server:metro:router Using app as the root directory for Expo Router.
2025-10-18T15:53:55.116Z expo:start:server:middleware:manifest Resolved entry point: index.ts (project root: /expo-project)
2025-10-18T15:53:55.117Z expo:start:server:metro:router Using app as the root directory for Expo Router.
2025-10-18T15:53:57.206Z expo:start:server:middleware:manifest Resolved entry point: index.ts (project root: /expo-project)
2025-10-18T15:53:57.207Z expo:start:server:metro:router Using app as the root directory for Expo Router.
2025-10-18T15:53:59.306Z expo:start:server:middleware:manifest Resolved entry point: index.ts (project root: /expo-project)
2025-10-18T15:53:59.306Z expo:start:server:metro:router Using app as the root directory for Expo Router.
2025-10-18T15:54:01.402Z expo:start:server:middleware:manifest Resolved entry point: index.ts (project root: /expo-project)
2025-10-18T15:54:01.402Z expo:start:server:metro:router Using app as the root directory for Expo Router.
2025-10-18T15:54:03.502Z expo:start:server:middleware:manifest Resolved entry point: index.ts (project root: /expo-project)
2025-10-18T15:54:03.502Z expo:start:server:metro:router Using app as the root directory for Expo Router.
2025-10-18T15:54:05.601Z expo:start:server:middleware:manifest Resolved entry point: index.ts (project root: /expo-project)
2025-10-18T15:54:05.601Z expo:start:server:metro:router Using app as the root directory for Expo Router.
2025-10-18T15:54:07.705Z expo:start:server:middleware:manifest Resolved entry point: index.ts (project root: /expo-project)
2025-10-18T15:54:07.705Z expo:start:server:metro:router Using app as the root directory for Expo Router.
2025-10-18T15:54:09.804Z expo:start:server:middleware:manifest Resolved entry point: index.ts (project root: /expo-project)
2025-10-18T15:54:09.804Z expo:start:server:metro:router Using app as the root directory for Expo Router.
2025-10-18T15:54:11.906Z expo:start:server:middleware:manifest Resolved entry point: index.ts (project root: /expo-project)
2025-10-18T15:54:11.906Z expo:start:server:metro:router Using app as the root directory for Expo Router.
2025-10-18T15:54:13.999Z expo:start:server:middleware:manifest Resolved entry point: index.ts (project root: /expo-project)
2025-10-18T15:54:13.999Z expo:start:server:metro:router Using app as the root directory for Expo Router.
2025-10-18T15:54:16.102Z expo:start:server:middleware:manifest Resolved entry point: index.ts (project root: /expo-project)
2025-10-18T15:54:16.102Z expo:start:server:metro:router Using app as the root directory for Expo Router.
2025-10-18T15:54:18.201Z expo:start:server:middleware:manifest Resolved entry point: index.ts (project root: /expo-project)
2025-10-18T15:54:18.202Z expo:start:server:metro:router Using app as the root directory for Expo Router.
2025-10-18T15:54:20.307Z expo:start:server:middleware:manifest Resolved entry point: index.ts (project root: /expo-project)
2025-10-18T15:54:20.307Z expo:start:server:metro:router Using app as the root directory for Expo Router.
2025-10-18T15:54:22.392Z expo:start:server:middleware:manifest Resolved entry point: index.ts (project root: /expo-project)
2025-10-18T15:54:22.392Z expo:start:server:metro:router Using app as the root directory for Expo Router.
2025-10-18T15:54:24.475Z expo:start:server:middleware:manifest Resolved entry point: index.ts (project root: /expo-project)
2025-10-18T15:54:24.475Z expo:start:server:metro:router Using app as the root directory for Expo Router.
2025-10-18T15:54:26.557Z expo:start:server:middleware:manifest Resolved entry point: index.ts (project root: /expo-project)
2025-10-18T15:54:26.558Z expo:start:server:metro:router Using app as the root directory for Expo Router.
2025-10-18T15:54:28.661Z expo:start:server:middleware:manifest Resolved entry point: index.ts (project root: /expo-project)
2025-10-18T15:54:28.662Z expo:start:server:metro:router Using app as the root directory for Expo Router.
2025-10-18T15:54:30.764Z expo:start:server:middleware:manifest Resolved entry point: index.ts (project root: /expo-project)
2025-10-18T15:54:30.764Z expo:start:server:metro:router Using app as the root directory for Expo Router.
Web ./index.ts ░░░░░░░░░░░░░░░░  0.0% (0/1)
2025-10-18T15:54:31.597Z expo:metro-config:serializer:env-var Injecting environment variables in virtual module.
Web Bundled 51ms index.ts (1 module)
2025-10-18T15:54:32.866Z expo:start:server:middleware:manifest Resolved entry point: index.ts (project root: /expo-project)
2025-10-18T15:54:32.866Z expo:start:server:metro:router Using app as the root directory for Expo Router.
 LOG  [web] Logs will appear in the browser console
2025-10-18T15:54:34.971Z expo:start:server:middleware:manifest Resolved entry point: index.ts (project root: /expo-project)
2025-10-18T15:54:34.971Z expo:start:server:metro:router Using app as the root directory for Expo Router.
2025-10-18T15:54:37.073Z expo:start:server:middleware:manifest Resolved entry point: index.ts (project root: /expo-project)
2025-10-18T15:54:37.073Z expo:start:server:metro:router Using app as the root directory for Expo Router.
2025-10-18T15:54:39.158Z expo:start:server:middleware:manifest Resolved entry point: index.ts (project root: /expo-project)
2025-10-18T15:54:39.158Z expo:start:server:metro:router Using app as the root directory for Expo Router.
2025-10-18T15:54:41.266Z expo:start:server:middleware:manifest Resolved entry point: index.ts (project root: /expo-project)
2025-10-18T15:54:41.266Z expo:start:server:metro:router Using app as the root directory for Expo Router.
2025-10-18T15:54:43.365Z expo:start:server:middleware:manifest Resolved entry point: index.ts (project root: /expo-project)
2025-10-18T15:54:43.365Z expo:start:server:metro:router Using app as the root directory for Expo Router.
2025-10-18T15:54:45.475Z expo:start:server:middleware:manifest Resolved entry point: index.ts (project root: /expo-project)
2025-10-18T15:54:45.476Z expo:start:server:metro:router Using app as the root directory for Expo Router.
2025-10-18T15:54:47.579Z expo:start:server:middleware:manifest Resolved entry point: index.ts (project root: /expo-project)
2025-10-18T15:54:47.580Z expo:start:server:metro:router Using app as the root directory for Expo Router.
2025-10-18T15:54:49.661Z expo:start:server:middleware:manifest Resolved entry point: index.ts (project root: /expo-project)
2025-10-18T15:54:49.662Z expo:start:server:metro:router Using app as the root directory for Expo Router.
2025-10-18T15:54:51.758Z expo:start:server:middleware:manifest Resolved entry point: index.ts (project root: /expo-project)
2025-10-18T15:54:51.758Z expo:start:server:metro:router Using app as the root directory for Expo Router.
2025-10-18T15:54:53.859Z expo:start:server:middleware:manifest Resolved entry point: index.ts (project root: /expo-project)
2025-10-18T15:54:53.859Z expo:start:server:metro:router Using app as the root directory for Expo Router.
2025-10-18T15:54:55.964Z expo:start:server:middleware:manifest Resolved entry point: index.ts (project root: /expo-project)
2025-10-18T15:54:55.964Z expo:start:server:metro:router Using app as the root directory for Expo Router.
2025-10-18T15:54:58.066Z expo:start:server:middleware:manifest Resolved entry point: index.ts (project root: /expo-project)
2025-10-18T15:54:58.066Z expo:start:server:metro:router Using app as the root directory for Expo Router.
2025-10-18T15:55:00.175Z expo:start:server:middleware:manifest Resolved entry point: index.ts (project root: /expo-project)
2025-10-18T15:55:00.176Z expo:start:server:metro:router Using app as the root directory for Expo Router.
2025-10-18T15:55:02.280Z expo:start:server:middleware:manifest Resolved entry point: index.ts (project root: /expo-project)
2025-10-18T15:55:02.280Z expo:start:server:metro:router Using app as the root directory for Expo Router.
Web ./index.ts ░░░░░░░░░░░░░░░░  0.0% (0/1)
2025-10-18T15:55:03.093Z expo:metro-config:serializer:env-var Injecting environment variables in virtual module.
Web Bundled 50ms index.ts (1 module)
2025-10-18T15:55:04.268Z expo:metro-config:serializer:env-var Injecting environment variables in virtual module.
Web Bundled 76ms index.ts (1 module)
2025-10-18T15:55:04.404Z expo:start:server:middleware:manifest Resolved entry point: index.ts (project root: /expo-project)
2025-10-18T15:55:04.405Z expo:start:server:metro:router Using app as the root directory for Expo Router.
 LOG  [web] Logs will appear in the browser console
2025-10-18T15:55:06.504Z expo:start:server:middleware:manifest Resolved entry point: index.ts (project root: /expo-project)
2025-10-18T15:55:06.504Z expo:start:server:metro:router Using app as the root directory for Expo Router.
2025-10-18T15:55:08.607Z expo:start:server:middleware:manifest Resolved entry point: index.ts (project root: /expo-project)
2025-10-18T15:55:08.608Z expo:start:server:metro:router Using app as the root directory for Expo Router.
2025-10-18T15:55:10.706Z expo:start:server:middleware:manifest Resolved entry point: index.ts (project root: /expo-project)
2025-10-18T15:55:10.706Z expo:start:server:metro:router Using app as the root directory for Expo Router.
2025-10-18T15:55:12.818Z expo:start:server:middleware:manifest Resolved entry point: index.ts (project root: /expo-project)
2025-10-18T15:55:12.818Z expo:start:server:metro:router Using app as the root directory for Expo Router.
2025-10-18T15:55:14.918Z expo:start:server:middleware:manifest Resolved entry point: index.ts (project root: /expo-project)
2025-10-18T15:55:14.918Z expo:start:server:metro:router Using app as the root directory for Expo Router.
2025-10-18T15:55:17.029Z expo:start:server:middleware:manifest Resolved entry point: index.ts (project root: /expo-project)
2025-10-18T15:55:17.029Z expo:start:server:metro:router Using app as the root directory for Expo Router.
2025-10-18T15:55:19.133Z expo:start:server:middleware:manifest Resolved entry point: index.ts (project root: /expo-project)
2025-10-18T15:55:19.133Z expo:start:server:metro:router Using app as the root directory for Expo Router.
2025-10-18T15:55:21.219Z expo:start:server:middleware:manifest Resolved entry point: index.ts (project root: /expo-project)
2025-10-18T15:55:21.219Z expo:start:server:metro:router Using app as the root directory for Expo Router.
2025-10-18T15:55:23.322Z expo:start:server:middleware:manifest Resolved entry point: index.ts (project root: /expo-project)
2025-10-18T15:55:23.322Z expo:start:server:metro:router Using app as the root directory for Expo Router.
2025-10-18T15:55:25.417Z expo:start:server:middleware:manifest Resolved entry point: index.ts (project root: /expo-project)
2025-10-18T15:55:25.417Z expo:start:server:metro:router Using app as the root directory for Expo Router.
Web ./index.ts ░░░░░░░░░░░░░░░░  0.0% (0/1)
2025-10-18T15:55:26.816Z expo:metro-config:serializer:env-var Injecting environment variables in virtual module.
Web Bundled 47ms index.ts (1 module)
2025-10-18T15:55:27.512Z expo:start:server:middleware:manifest Resolved entry point: index.ts (project root: /expo-project)
2025-10-18T15:55:27.512Z expo:start:server:metro:router Using app as the root directory for Expo Router.
 LOG  [web] Logs will appear in the browser console
2025-10-18T15:55:29.616Z expo:start:server:middleware:manifest Resolved entry point: index.ts (project root: /expo-project)
2025-10-18T15:55:29.619Z expo:start:server:metro:router Using app as the root directory for Expo Router.
2025-10-18T15:55:31.712Z expo:start:server:middleware:manifest Resolved entry point: index.ts (project root: /expo-project)
2025-10-18T15:55:31.714Z expo:start:server:metro:router Using app as the root directory for Expo Router.
2025-10-18T15:55:33.812Z expo:start:server:middleware:manifest Resolved entry point: index.ts (project root: /expo-project)
2025-10-18T15:55:33.812Z expo:start:server:metro:router Using app as the root directory for Expo Router.
2025-10-18T15:55:35.916Z expo:start:server:middleware:manifest Resolved entry point: index.ts (project root: /expo-project)
2025-10-18T15:55:35.916Z expo:start:server:metro:router Using app as the root directory for Expo Router.
2025-10-18T15:55:38.017Z expo:start:server:middleware:manifest Resolved entry point: index.ts (project root: /expo-project)
2025-10-18T15:55:38.017Z expo:start:server:metro:router Using app as the root directory for Expo Router.
2025-10-18T15:55:40.113Z expo:start:server:middleware:manifest Resolved entry point: index.ts (project root: /expo-project)
2025-10-18T15:55:40.113Z expo:start:server:metro:router Using app as the root directory for Expo Router.
2025-10-18T15:55:42.210Z expo:start:server:middleware:manifest Resolved entry point: index.ts (project root: /expo-project)
2025-10-18T15:55:42.210Z expo:start:server:metro:router Using app as the root directory for Expo Router.
2025-10-18T15:55:44.300Z expo:start:server:middleware:manifest Resolved entry point: index.ts (project root: /expo-project)
2025-10-18T15:55:44.300Z expo:start:server:metro:router Using app as the root directory for Expo Router.
2025-10-18T15:55:46.420Z expo:start:server:middleware:manifest Resolved entry point: index.ts (project root: /expo-project)
2025-10-18T15:55:46.420Z expo:start:server:metro:router Using app as the root directory for Expo Router.
2025-10-18T15:55:48.523Z expo:start:server:middleware:manifest Resolved entry point: index.ts (project root: /expo-project)
2025-10-18T15:55:48.523Z expo:start:server:metro:router Using app as the root directory for Expo Router.
2025-10-18T15:55:50.606Z expo:start:server:middleware:manifest Resolved entry point: index.ts (project root: /expo-project)
2025-10-18T15:55:50.606Z expo:start:server:metro:router Using app as the root directory for Expo Router.
2025-10-18T15:55:52.703Z expo:start:server:middleware:manifest Resolved entry point: index.ts (project root: /expo-project)
2025-10-18T15:55:52.703Z expo:start:server:metro:router Using app as the root directory for Expo Router.
2025-10-18T15:55:54.797Z expo:start:server:middleware:manifest Resolved entry point: index.ts (project root: /expo-project)
2025-10-18T15:55:54.797Z expo:start:server:metro:router Using app as the root directory for Expo Router.
2025-10-18T15:55:56.880Z expo:start:server:middleware:manifest Resolved entry point: index.ts (project root: /expo-project)
2025-10-18T15:55:56.884Z expo:start:server:metro:router Using app as the root directory for Expo Router.
2025-10-18T15:55:58.992Z expo:start:server:middleware:manifest Resolved entry point: index.ts (project root: /expo-project)
2025-10-18T15:55:58.993Z expo:start:server:metro:router Using app as the root directory for Expo Router.
2025-10-18T15:56:01.096Z expo:start:server:middleware:manifest Resolved entry point: index.ts (project root: /expo-project)
2025-10-18T15:56:01.096Z expo:start:server:metro:router Using app as the root directory for Expo Router.
2025-10-18T15:56:03.195Z expo:start:server:middleware:manifest Resolved entry point: index.ts (project root: /expo-project)
2025-10-18T15:56:03.195Z expo:start:server:metro:router Using app as the root directory for Expo Router.
2025-10-18T15:56:05.329Z expo:start:server:middleware:manifest Resolved entry point: index.ts (project root: /expo-project)
2025-10-18T15:56:05.329Z expo:start:server:metro:router Using app as the root directory for Expo Router.
2025-10-18T15:56:07.434Z expo:start:server:middleware:manifest Resolved entry point: index.ts (project root: /expo-project)
2025-10-18T15:56:07.434Z expo:start:server:metro:router Using app as the root directory for Expo Router.
2025-10-18T15:56:09.537Z expo:start:server:middleware:manifest Resolved entry point: index.ts (project root: /expo-project)
2025-10-18T15:56:09.537Z expo:start:server:metro:router Using app as the root directory for Expo Router.
2025-10-18T15:56:11.637Z expo:start:server:middleware:manifest Resolved entry point: index.ts (project root: /expo-project)
2025-10-18T15:56:11.637Z expo:start:server:metro:router Using app as the root directory for Expo Router.
2025-10-18T15:56:13.735Z expo:start:server:middleware:manifest Resolved entry point: index.ts (project root: /expo-project)
2025-10-18T15:56:13.735Z expo:start:server:metro:router Using app as the root directory for Expo Router.
2025-10-18T15:56:15.813Z expo:start:server:middleware:manifest Resolved entry point: index.ts (project root: /expo-project)
2025-10-18T15:56:15.813Z expo:start:server:metro:router Using app as the root directory for Expo Router.
2025-10-18T15:56:17.914Z expo:start:server:middleware:manifest Resolved entry point: index.ts (project root: /expo-project)
2025-10-18T15:56:17.914Z expo:start:server:metro:router Using app as the root directory for Expo Router.
2025-10-18T15:56:20.008Z expo:start:server:middleware:manifest Resolved entry point: index.ts (project root: /expo-project)
2025-10-18T15:56:20.008Z expo:start:server:metro:router Using app as the root directory for Expo Router.
2025-10-18T15:56:22.093Z expo:start:server:middleware:manifest Resolved entry point: index.ts (project root: /expo-project)
2025-10-18T15:56:22.093Z expo:start:server:metro:router Using app as the root directory for Expo Router.
2025-10-18T15:56:24.197Z expo:start:server:middleware:manifest Resolved entry point: index.ts (project root: /expo-project)
2025-10-18T15:56:24.197Z expo:start:server:metro:router Using app as the root directory for Expo Router.
2025-10-18T15:56:26.280Z expo:start:server:middleware:manifest Resolved entry point: index.ts (project root: /expo-project)
2025-10-18T15:56:26.280Z expo:start:server:metro:router Using app as the root directory for Expo Router.
2025-10-18T15:56:28.381Z expo:start:server:middleware:manifest Resolved entry point: index.ts (project root: /expo-project)
2025-10-18T15:56:28.382Z expo:start:server:metro:router Using app as the root directory for Expo Router.
2025-10-18T15:56:30.470Z expo:start:server:middleware:manifest Resolved entry point: index.ts (project root: /expo-project)
2025-10-18T15:56:30.470Z expo:start:server:metro:router Using app as the root directory for Expo Router.
2025-10-18T15:56:32.574Z expo:start:server:middleware:manifest Resolved entry point: index.ts (project root: /expo-project)
2025-10-18T15:56:32.574Z expo:start:server:metro:router Using app as the root directory for Expo Router.
2025-10-18T15:56:34.671Z expo:start:server:middleware:manifest Resolved entry point: index.ts (project root: /expo-project)
2025-10-18T15:56:34.671Z expo:start:server:metro:router Using app as the root directory for Expo Router.
2025-10-18T15:56:36.773Z expo:start:server:middleware:manifest Resolved entry point: index.ts (project root: /expo-project)
2025-10-18T15:56:36.773Z expo:start:server:metro:router Using app as the root directory for Expo Router.
2025-10-18T15:56:38.860Z expo:start:server:middleware:manifest Resolved entry point: index.ts (project root: /expo-project)
2025-10-18T15:56:38.860Z expo:start:server:metro:router Using app as the root directory for Expo Router.
2025-10-18T15:56:40.964Z expo:start:server:middleware:manifest Resolved entry point: index.ts (project root: /expo-project)
2025-10-18T15:56:40.964Z expo:start:server:metro:router Using app as the root directory for Expo Router.
2025-10-18T15:56:43.074Z expo:start:server:middleware:manifest Resolved entry point: index.ts (project root: /expo-project)
2025-10-18T15:56:43.074Z expo:start:server:metro:router Using app as the root directory for Expo Router.
2025-10-18T15:56:45.175Z expo:start:server:middleware:manifest Resolved entry point: index.ts (project root: /expo-project)
2025-10-18T15:56:45.175Z expo:start:server:metro:router Using app as the root directory for Expo Router.
2025-10-18T15:56:47.277Z expo:start:server:middleware:manifest Resolved entry point: index.ts (project root: /expo-project)
2025-10-18T15:56:47.277Z expo:start:server:metro:router Using app as the root directory for Expo Router.
2025-10-18T15:56:49.397Z expo:start:server:middleware:manifest Resolved entry point: index.ts (project root: /expo-project)
2025-10-18T15:56:49.397Z expo:start:server:metro:router Using app as the root directory for Expo Router.
2025-10-18T15:56:51.482Z expo:start:server:middleware:manifest Resolved entry point: index.ts (project root: /expo-project)
2025-10-18T15:56:51.482Z expo:start:server:metro:router Using app as the root directory for Expo Router.
2025-10-18T15:56:53.581Z expo:start:server:middleware:manifest Resolved entry point: index.ts (project root: /expo-project)
2025-10-18T15:56:53.581Z expo:start:server:metro:router Using app as the root directory for Expo Router.
2025-10-18T15:56:55.685Z expo:start:server:middleware:manifest Resolved entry point: index.ts (project root: /expo-project)
2025-10-18T15:56:55.685Z expo:start:server:metro:router Using app as the root directory for Expo Router.
2025-10-18T15:56:57.769Z expo:start:server:middleware:manifest Resolved entry point: index.ts (project root: /expo-project)
2025-10-18T15:56:57.773Z expo:start:server:metro:router Using app as the root directory for Expo Router.
2025-10-18T15:56:59.876Z expo:start:server:middleware:manifest Resolved entry point: index.ts (project root: /expo-project)
2025-10-18T15:56:59.876Z expo:start:server:metro:router Using app as the root directory for Expo Router.
2025-10-18T15:57:01.990Z expo:start:server:middleware:manifest Resolved entry point: index.ts (project root: /expo-project)
2025-10-18T15:57:01.990Z expo:start:server:metro:router Using app as the root directory for Expo Router.
2025-10-18T15:57:04.089Z expo:start:server:middleware:manifest Resolved entry point: index.ts (project root: /expo-project)
2025-10-18T15:57:04.089Z expo:start:server:metro:router Using app as the root directory for Expo Router.
2025-10-18T15:57:06.193Z expo:start:server:middleware:manifest Resolved entry point: index.ts (project root: /expo-project)
2025-10-18T15:57:06.193Z expo:start:server:metro:router Using app as the root directory for Expo Router.
2025-10-18T15:57:08.291Z expo:start:server:middleware:manifest Resolved entry point: index.ts (project root: /expo-project)
2025-10-18T15:57:08.292Z expo:start:server:metro:router Using app as the root directory for Expo Router.
2025-10-18T15:57:10.381Z expo:start:server:middleware:manifest Resolved entry point: index.ts (project root: /expo-project)
2025-10-18T15:57:10.381Z expo:start:server:metro:router Using app as the root directory for Expo Router.
2025-10-18T15:57:12.468Z expo:start:server:middleware:manifest Resolved entry point: index.ts (project root: /expo-project)
2025-10-18T15:57:12.468Z expo:start:server:metro:router Using app as the root directory for Expo Router.
2025-10-18T15:57:14.597Z expo:start:server:middleware:manifest Resolved entry point: index.ts (project root: /expo-project)
2025-10-18T15:57:14.597Z expo:start:server:metro:router Using app as the root directory for Expo Router.
2025-10-18T15:57:16.698Z expo:start:server:middleware:manifest Resolved entry point: index.ts (project root: /expo-project)
2025-10-18T15:57:16.698Z expo:start:server:metro:router Using app as the root directory for Expo Router.
2025-10-18T15:57:18.848Z expo:start:server:middleware:manifest Resolved entry point: index.ts (project root: /expo-project)
2025-10-18T15:57:18.848Z expo:start:server:metro:router Using app as the root directory for Expo Router.
2025-10-18T15:57:20.952Z expo:start:server:middleware:manifest Resolved entry point: index.ts (project root: /expo-project)
2025-10-18T15:57:20.952Z expo:start:server:metro:router Using app as the root directory for Expo Router.
2025-10-18T15:57:23.047Z expo:start:server:middleware:manifest Resolved entry point: index.ts (project root: /expo-project)
2025-10-18T15:57:23.047Z expo:start:server:metro:router Using app as the root directory for Expo Router.
2025-10-18T15:57:25.151Z expo:start:server:middleware:manifest Resolved entry point: index.ts (project root: /expo-project)
2025-10-18T15:57:25.151Z expo:start:server:metro:router Using app as the root directory for Expo Router.
2025-10-18T15:57:27.249Z expo:start:server:middleware:manifest Resolved entry point: index.ts (project root: /expo-project)
2025-10-18T15:57:27.249Z expo:start:server:metro:router Using app as the root directory for Expo Router.
2025-10-18T15:57:29.333Z expo:start:server:middleware:manifest Resolved entry point: index.ts (project root: /expo-project)
2025-10-18T15:57:29.333Z expo:start:server:metro:router Using app as the root directory for Expo Router.
2025-10-18T15:57:31.422Z expo:start:server:middleware:manifest Resolved entry point: index.ts (project root: /expo-project)
2025-10-18T15:57:31.422Z expo:start:server:metro:router Using app as the root directory for Expo Router.
2025-10-18T15:57:32.655Z expo:start:server:metro:waitForTypescript Observed change: /expo-project/.env
2025-10-18T15:57:32.655Z expo:start:server:metro Reloading environment variables...
2025-10-18T15:57:32.657Z expo:env Loaded environment variables from: /expo-project/.env
2025-10-18T15:57:32.657Z expo:env /expo-project/.env.development does not exist, skipping this env file
2025-10-18T15:57:32.657Z expo:env /expo-project/.env.local does not exist, skipping this env file
2025-10-18T15:57:32.657Z expo:env /expo-project/.env.development.local does not exist, skipping this env file
| 2025-10-18T15:57:33.240Z expo:babel:exports Found assignment to module.exports or exports at 20
2025-10-18T15:57:33.516Z expo:start:server:middleware:manifest Resolved entry point: index.ts (project root: /expo-project)
2025-10-18T15:57:33.516Z expo:start:server:metro:router Using app as the root directory for Expo Router.
2025-10-18T15:57:35.599Z expo:start:server:middleware:manifest Resolved entry point: index.ts (project root: /expo-project)
2025-10-18T15:57:35.599Z expo:start:server:metro:router Using app as the root directory for Expo Router.
2025-10-18T15:57:37.702Z expo:start:server:middleware:manifest Resolved entry point: index.ts (project root: /expo-project)
2025-10-18T15:57:37.706Z expo:start:server:metro:router Using app as the root directory for Expo Router.
2025-10-18T15:57:39.505Z expo:start:server:metro:metroWatchTypeScriptFiles Detected TypeScript file changed in the project:  /expo-project/app/integrations/supabase/client.ts
| 2025-10-18T15:57:39.589Z expo:babel:env-vars Referencing environment variable in /expo-project/app/integrations/supabase/client.ts: EXPO_PUBLIC_SUPABASE_URL
| 2025-10-18T15:57:39.591Z expo:babel:env-vars Referencing environment variable in /expo-project/app/integrations/supabase/client.ts: EXPO_PUBLIC_SUPABASE_ANON_KEY
2025-10-18T15:57:39.804Z expo:start:server:middleware:manifest Resolved entry point: index.ts (project root: /expo-project)
2025-10-18T15:57:39.805Z expo:start:server:metro:router Using app as the root directory for Expo Router.
2025-10-18T15:57:41.904Z expo:start:server:middleware:manifest Resolved entry point: index.ts (project root: /expo-project)
2025-10-18T15:57:41.904Z expo:start:server:metro:router Using app as the root directory for Expo Router.
2025-10-18T15:57:44.011Z expo:start:server:middleware:manifest Resolved entry point: index.ts (project root: /expo-project)
2025-10-18T15:57:44.011Z expo:start:server:metro:router Using app as the root directory for Expo Router.
2025-10-18T15:57:46.094Z expo:start:server:middleware:manifest Resolved entry point: index.ts (project root: /expo-project)
2025-10-18T15:57:46.094Z expo:start:server:metro:router Using app as the root directory for Expo Router.
2025-10-18T15:57:48.198Z expo:start:server:middleware:manifest Resolved entry point: index.ts (project root: /expo-project)
2025-10-18T15:57:48.198Z expo:start:server:metro:router Using app as the root directory for Expo Router.
2025-10-18T15:57:50.313Z expo:start:server:middleware:manifest Resolved entry point: index.ts (project root: /expo-project)
2025-10-18T15:57:50.313Z expo:start:server:metro:router Using app as the root directory for Expo Router.
2025-10-18T15:57:52.415Z expo:start:server:middleware:manifest Resolved entry point: index.ts (project root: /expo-project)
2025-10-18T15:57:52.415Z expo:start:server:metro:router Using app as the root directory for Expo Router.
2025-10-18T15:57:54.508Z expo:start:server:middleware:manifest Resolved entry point: index.ts (project root: /expo-project)
2025-10-18T15:57:54.508Z expo:start:server:metro:router Using app as the root directory for Expo Router.
2025-10-18T15:57:56.605Z expo:start:server:middleware:manifest Resolved entry point: index.ts (project root: /expo-project)
2025-10-18T15:57:56.605Z expo:start:server:metro:router Using app as the root directory for Expo Router.
2025-10-18T15:57:58.708Z expo:start:server:middleware:manifest Resolved entry point: index.ts (project root: /expo-project)
2025-10-18T15:57:58.708Z expo:start:server:metro:router Using app as the root directory for Expo Router.
2025-10-18T15:58:00.805Z expo:start:server:middleware:manifest Resolved entry point: index.ts (project root: /expo-project)
2025-10-18T15:58:00.806Z expo:start:server:metro:router Using app as the root directory for Expo Router.
2025-10-18T15:58:02.910Z expo:start:server:middleware:manifest Resolved entry point: index.ts (project root: /expo-project)
2025-10-18T15:58:02.910Z expo:start:server:metro:router Using app as the root directory for Expo Router.
2025-10-18T15:58:05.014Z expo:start:server:middleware:manifest Resolved entry point: index.ts (project root: /expo-project)
2025-10-18T15:58:05.014Z expo:start:server:metro:router Using app as the root directory for Expo Router.
2025-10-18T15:58:07.120Z expo:start:server:middleware:manifest Resolved entry point: index.ts (project root: /expo-project)
2025-10-18T15:58:07.120Z expo:start:server:metro:router Using app as the root directory for Expo Router.
2025-10-18T15:58:09.239Z expo:start:server:middleware:manifest Resolved entry point: index.ts (project root: /expo-project)
2025-10-18T15:58:09.240Z expo:start:server:metro:router Using app as the root directory for Expo Router.
2025-10-18T15:58:11.351Z expo:start:server:middleware:manifest Resolved entry point: index.ts (project root: /expo-project)
2025-10-18T15:58:11.351Z expo:start:server:metro:router Using app as the root directory for Expo Router.
2025-10-18T15:58:13.464Z expo:start:server:middleware:manifest Resolved entry point: index.ts (project root: /expo-project)
2025-10-18T15:58:13.464Z expo:start:server:metro:router Using app as the root directory for Expo Router.
2025-10-18T15:58:15.569Z expo:start:server:middleware:manifest Resolved entry point: index.ts (project root: /expo-project)
2025-10-18T15:58:15.569Z expo:start:server:metro:router Using app as the root directory for Expo Router.
2025-10-18T15:58:17.669Z expo:start:server:middleware:manifest Resolved entry point: index.ts (project root: /expo-project)
2025-10-18T15:58:17.669Z expo:start:server:metro:router Using app as the root directory for Expo Router.
2025-10-18T15:58:19.771Z expo:start:server:middleware:manifest Resolved entry point: index.ts (project root: /expo-project)
2025-10-18T15:58:19.772Z expo:start:server:metro:router Using app as the root directory for Expo Router.
2025-10-18T15:58:21.876Z expo:start:server:middleware:manifest Resolved entry point: index.ts (project root: /expo-project)
2025-10-18T15:58:21.876Z expo:start:server:metro:router Using app as the root directory for Expo Router.
2025-10-18T15:58:23.961Z expo:start:server:middleware:manifest Resolved entry point: index.ts (project root: /expo-project)
2025-10-18T15:58:23.961Z expo:start:server:metro:router Using app as the root directory for Expo Router.
2025-10-18T15:58:26.064Z expo:start:server:middleware:manifest Resolved entry point: index.ts (project root: /expo-project)
2025-10-18T15:58:26.065Z expo:start:server:metro:router Using app as the root directory for Expo Router.
2025-10-18T15:58:28.172Z expo:start:server:middleware:manifest Resolved entry point: index.ts (project root: /expo-project)
2025-10-18T15:58:28.173Z expo:start:server:metro:router Using app as the root directory for Expo Router.
2025-10-18T15:58:30.281Z expo:start:server:middleware:manifest Resolved entry point: index.ts (project root: /expo-project)
2025-10-18T15:58:30.281Z expo:start:server:metro:router Using app as the root directory for Expo Router.
2025-10-18T15:58:32.379Z expo:start:server:middleware:manifest Resolved entry point: index.ts (project root: /expo-project)
2025-10-18T15:58:32.379Z expo:start:server:metro:router Using app as the root directory for Expo Router.
2025-10-18T15:58:34.466Z expo:start:server:middleware:manifest Resolved entry point: index.ts (project root: /expo-project)
2025-10-18T15:58:34.467Z expo:start:server:metro:router Using app as the root directory for Expo Router.
2025-10-18T15:58:36.571Z expo:start:server:middleware:manifest Resolved entry point: index.ts (project root: /expo-project)
2025-10-18T15:58:36.571Z expo:start:server:metro:router Using app as the root directory for Expo Router.
2025-10-18T15:58:38.681Z expo:start:server:middleware:manifest Resolved entry point: index.ts (project root: /expo-project)
2025-10-18T15:58:38.681Z expo:start:server:metro:router Using app as the root directory for Expo Router.
2025-10-18T15:58:40.804Z expo:start:server:middleware:manifest Resolved entry point: index.ts (project root: /expo-project)
2025-10-18T15:58:40.804Z expo:start:server:metro:router Using app as the root directory for Expo Router.
2025-10-18T15:58:42.916Z expo:start:server:middleware:manifest Resolved entry point: index.ts (project root: /expo-project)
2025-10-18T15:58:42.916Z expo:start:server:metro:router Using app as the root directory for Expo Router.
2025-10-18T15:58:45.032Z expo:start:server:middleware:manifest Resolved entry point: index.ts (project root: /expo-project)
2025-10-18T15:58:45.032Z expo:start:server:metro:router Using app as the root directory for Expo Router.
2025-10-18T15:58:47.246Z expo:start:server:middleware:manifest Resolved entry point: index.ts (project root: /expo-project)
2025-10-18T15:58:47.246Z expo:start:server:metro:router Using app as the root directory for Expo Router.
2025-10-18T15:58:49.336Z expo:start:server:middleware:manifest Resolved entry point: index.ts (project root: /expo-project)
2025-10-18T15:58:49.336Z expo:start:server:metro:router Using app as the root directory for Expo Router.
2025-10-18T15:58:51.454Z expo:start:server:middleware:manifest Resolved entry point: index.ts (project root: /expo-project)
2025-10-18T15:58:51.454Z expo:start:server:metro:router Using app as the root directory for Expo Router.
2025-10-18T15:58:53.537Z expo:start:server:middleware:manifest Resolved entry point: index.ts (project root: /expo-project)
2025-10-18T15:58:53.537Z expo:start:server:metro:router Using app as the root directory for Expo Router.
2025-10-18T15:58:55.637Z expo:start:server:middleware:manifest Resolved entry point: index.ts (project root: /expo-project)
2025-10-18T15:58:55.638Z expo:start:server:metro:router Using app as the root directory for Expo Router.
2025-10-18T15:58:57.739Z expo:start:server:middleware:manifest Resolved entry point: index.ts (project root: /expo-project)
2025-10-18T15:58:57.739Z expo:start:server:metro:router Using app as the root directory for Expo Router.
2025-10-18T15:58:59.837Z expo:start:server:middleware:manifest Resolved entry point: index.ts (project root: /expo-project)
2025-10-18T15:58:59.837Z expo:start:server:metro:router Using app as the root directory for Expo Router.
